cell_id,ratio,synthetic_weight,effective_synthetic_ratio,mean_macro_f1,se_macro_f1,mean_auroc,delta_vs_base_macro_f1_mean,delta_vs_base_macro_f1_se,delta_vs_base_macro_f1_ci_lower,delta_vs_base_macro_f1_ci_upper,delta_vs_base_auroc_mean,delta_vs_base_auroc_se,delta_vs_base_auroc_ci_lower,delta_vs_base_auroc_ci_upper
bn_binary_cinexdrama,0.5,0.0,0.0,0.8524022469528802,0.0009466875414177435,0.9342422167602997,0.0,0.0,0.0,0.0,0.0,0.0,0.0,0.0
bn_binary_cinexdrama,0.5,0.0625,0.03125,0.8527217240703342,0.0009251753901966482,0.9343510065543073,0.0003194771174538881,0.00022959754587186898,-0.00011370036277723788,0.000759606577117635,0.00010878979400747593,4.081705871995708e-05,3.0079588014972754e-05,0.00018884597378273217
bn_binary_cinexdrama,0.5,0.125,0.0625,0.8528297356609287,0.0009165629119089718,0.9344626638576778,0.0004274887080482985,0.00026565334656241085,-7.497780064795185e-05,0.0009643591192441064,0.00022044709737826466,6.766287901335598e-05,9.638050093632291e-05,0.00035352586610484744
bn_binary_cinexdrama,0.5,0.25,0.125,0.8529435047004239,0.0009399383875023072,0.9346278089887642,0.0005412577475436105,0.00038038720224975214,-0.00019030592615920566,0.0012852611208602272,0.0003855922284643987,0.00010319046020419148,0.00019001492275281233,0.000591012698970017
bn_binary_cinexdrama,0.5,0.5,0.25,0.853445623626616,0.0009403076421218091,0.9347865168539325,0.0010433766737356618,0.0004868200749061464,8.045065318449666e-05,0.0019905754880482447,0.000544300093632958,0.00017291810962379896,0.0002190411399813007,0.0008921509246254645
bn_binary_cinexdrama,0.5,0.75,0.375,0.8534366071573224,0.000949609887103842,0.9348132607677903,0.001034360204442158,0.0005742363420691642,-6.928810381035955e-05,0.0021602834262692966,0.0005710440074906193,0.00022736252047050342,0.00012709650046816983,0.0010318366690074624
bn_binary_cinexdrama,0.5,1.0,0.5,0.8532745148957122,0.0009464458743015069,0.9348159527153558,0.0008722679428319007,0.0006435956861084604,-0.0003898607885272091,0.0021065890336318662,0.0005737359550561688,0.0002717176478626579,5.6288038389522844e-05,0.0010964682818351847
bn_binary_cinexdrama,0.75,0.0,0.0,0.8524022469528802,0.0009466875414177435,0.9342422167602997,0.0,0.0,0.0,0.0,0.0,0.0,0.0,0.0
bn_binary_cinexdrama,0.75,0.0625,0.046875,0.8527602836240731,0.0009023855463027673,0.9344294826779028,0.00035803667119276836,0.00025041866120253237,-0.00010449928453135107,0.0008740666717796116,0.00018726591760298032,4.1450430794504125e-05,0.00010902387640452206,0.0002696629213482563
bn_binary_cinexdrama,0.75,0.125,0.09375,0.8530436590553115,0.0008941447117213853,0.9345345271535581,0.0006414121024311916,0.00031052250673090385,4.508481337704074e-05,0.0012618925425291888,0.00029231039325839725,6.508450139255728e-05,0.00016935568820223727,0.00041900895365164464
bn_binary_cinexdrama,0.75,0.25,0.1875,0.8533812771399919,0.0009186967874025867,0.9347447331460674,0.0009790301871116104,0.00042178288399884114,0.00015074600973070406,0.0018081674962781458,0.0005025163857677495,0.00010431895614921208,0.00030640946863293893,0.0007064606741572515
bn_binary_cinexdrama,0.75,0.5,0.375,0.8535674717798643,0.0009144897120782038,0.9349606156367042,0.00116522482698404,0.000575940514832164,8.856564651581234e-05,0.002288149810639977,0.0007183988764044712,0.00017571217985410978,0.0003871649695692798,0.0010679453417602478
bn_binary_cinexdrama,0.75,0.75,0.5625,0.8534548433521681,0.0009084530919691374,0.9350317766853934,0.0010525963992876219,0.0006332468302689267,-0.00018834912940642626,0.002275723135839258,0.0007895599250936236,0.00022204085765680499,0.0003767468398876368,0.0012353815543070792
bn_binary_cinexdrama,0.75,1.0,0.75,0.8534732456014883,0.0009183971046758001,0.9350589302434458,0.001070998648608098,0.000646255036928257,-0.00018662667316830393,0.002327828379485669,0.00081671348314605,0.00025709661917698394,0.0003302727059925321,0.0013271974485018416
bn_binary_cinexdrama,1.0,0.0,0.0,0.8524022469528802,0.0009466875414177435,0.9342422167602997,0.0,0.0,0.0,0.0,0.0,0.0,0.0,0.0
bn_binary_cinexdrama,1.0,0.0625,0.0625,0.8527823865800458,0.0009227689674475233,0.9344541198501872,0.00038013962716566813,0.0002782570087239501,-0.00012975177629753054,0.0009487927638643668,0.00021190308988760763,4.720747880363134e-05,0.00012377106741572635,0.0003044285463482696
bn_binary_cinexdrama,1.0,0.125,0.125,0.852887450377874,0.0008846103557481181,0.9346475889513107,0.00048520342499357735,0.0003876447596969463,-0.0002725068390890689,0.0012448989806577474,0.0004053721910112216,6.895713675957208e-05,0.000271711142322115,0.0005412643375467826
bn_binary_cinexdrama,1.0,0.25,0.25,0.8534073913275739,0.0008906395537465818,0.9348795060861422,0.0010051443746937438,0.0005290376007469232,-1.91562134979522e-05,0.0020534063827163562,0.0006372893258426697,0.00010681291111640776,0.0004340414325842391,0.0008534673455055788
bn_binary_cinexdrama,1.0,0.5,0.5,0.8535149339811884,0.0008930133231120433,0.9351179190074906,0.0011126870283081776,0.000558578023501304,4.010099609027403e-05,0.0022033778186940365,0.0008757022471909691,0.00017142520231227366,0.0005447609433520186,0.001210501521535526
bn_binary_cinexdrama,1.0,0.75,0.75,0.8537956167496984,0.0009327003637084687,0.9352283473782772,0.001393369796817992,0.0006151486891058,0.00021336691388394803,0.0026041015211509554,0.0009861306179775142,0.00021057816845390046,0.0005880661867977412,0.0014036165730336864
bn_binary_cinexdrama,1.0,1.0,1.0,0.8541465726737926,0.0009562683821873891,0.9353321629213482,0.001744325720912296,0.0006235767121232439,0.0005718681857579465,0.002953858329552045,0.0010899461610486697,0.00024176425530609487,0.0006263986423220672,0.0015682379447565463
bn_binary_cinexdrama,1.25,0.0,0.0,0.8524022469528802,0.0009466875414177435,0.9342422167602997,0.0,0.0,0.0,0.0,0.0,0.0,0.0,0.0
bn_binary_cinexdrama,1.25,0.0625,0.078125,0.8529201080409081,0.0009199628810206152,0.9344977762172284,0.0005178610880277947,0.00035095272189139104,-0.00014313048590399265,0.001221794142881595,0.00025555945692881795,5.504845694476022e-05,0.0001485808754681485,0.00036470183754678783
bn_binary_cinexdrama,1.25,0.125,0.15625,0.8530165380365662,0.0008711888516394195,0.9346979166666667,0.0006142910836860032,0.0003773092462085001,-0.000118864579758456,0.0013489605764381214,0.00045569990636699985,8.985578569354718e-05,0.0002835893609550175,0.0006277519311797126
bn_binary_cinexdrama,1.25,0.25,0.3125,0.8530402272956921,0.0009126868364132177,0.9349262640449438,0.0006379803428119683,0.000573895445404342,-0.00048375481729993794,0.0017341661211771385,0.0006840472846441699,0.00014450011461201662,0.00041092579588010783,0.0009719700959737518
bn_binary_cinexdrama,1.25,0.5,0.625,0.8536866113055558,0.0009282557720759278,0.9352054073033709,0.0012843643526754447,0.0006612070909415701,-5.7545248906431055e-06,0.0025361813582925876,0.0009631905430711377,0.0002181580268015052,0.0005528338600187092,0.0014057964653557565
bn_binary_cinexdrama,1.25,0.75,0.9375,0.8535498169963708,0.0009326794192781745,0.9352446161048691,0.001147570043490654,0.0006799662368989752,-0.0001228450307046985,0.0025032430905594654,0.0010023993445692867,0.0002526675837363049,0.0005171933520599382,0.0015078446863295656
bn_binary_cinexdrama,1.25,1.0,1.25,0.853562495204401,0.000964369296098213,0.9353764044943822,0.001160248251520734,0.0007987742330424773,-0.00036795499227898086,0.0027392102708147076,0.0011341877340823828,0.00028530069257843183,0.000585137230805252,0.0016961698267790445
bn_binary_cinexdrama,1.5,0.0,0.0,0.8524022469528802,0.0009466875414177435,0.9342422167602997,0.0,0.0,0.0,0.0,0.0,0.0,0.0,0.0
bn_binary_cinexdrama,1.5,0.0625,0.09375,0.8529783320965959,0.0009230965906569866,0.9345598665730337,0.0005760851437155346,0.00034678942491871427,-8.933759161004318e-05,0.0012465272903241491,0.0003176498127340611,5.769338386078243e-05,0.00020710293773406582,0.00043088717228460094
bn_binary_cinexdrama,1.5,0.125,0.1875,0.8529859604611764,0.0008927234009860759,0.9347808403558052,0.0005837135082960951,0.00041796348464441654,-0.00021349604563226457,0.0013900447881725303,0.0005386235955055818,9.530335669261257e-05,0.00035153177668537734,0.0007247790847377884
bn_binary_cinexdrama,1.5,0.25,0.375,0.8530879136122074,0.0009284822419537781,0.9350196044007489,0.0006856666593270561,0.0005883866562707178,-0.000445696780613023,0.0018173609776062755,0.0007773876404494008,0.0001572522422599788,0.0004745259831460504,0.0010879608497190586
bn_binary_cinexdrama,1.5,0.5,0.75,0.8538127091823661,0.0009323691794594017,0.9352761001872659,0.001410462229485754,0.0006577124465759344,0.00015342856655593617,0.0026660183224652897,0.0010338834269662531,0.00022569744047458038,0.0006023452130149662,0.0014812192766853359
bn_binary_cinexdrama,1.5,0.75,1.125,0.8537516686632294,0.0009790211278540046,0.9353863529962548,0.0013494217103491581,0.0007282982646924502,-5.558036018113511e-05,0.0027877824617758666,0.001144136235955041,0.0002706096240054921,0.0006201413272471652,0.001660426907771506
bn_binary_cinexdrama,1.5,1.0,1.5,0.8536348061623684,0.0010067744425707854,0.9355374531835207,0.0012325592094880769,0.0008039440342840748,-0.00028333224452020694,0.002816253122736588,0.0012952364232209346,0.0002972380747998601,0.0007183315777153427,0.0018823940777153163
bn_binary_cinexdrama,1.75,0.0,0.0,0.8524022469528802,0.0009466875414177435,0.9342422167602997,0.0,0.0,0.0,0.0,0.0,0.0,0.0,0.0
bn_binary_cinexdrama,1.75,0.0625,0.109375,0.8531474821700232,0.0009102581704251741,0.9346017088014981,0.0007452352171428577,0.00033017137067468765,0.00010773988821150826,0.0014089828257880651,0.00035949204119846304,6.414528727094284e-05,0.0002354751872658842,0.00048478610720970744
bn_binary_cinexdrama,1.75,0.125,0.21875,0.8530785355287879,0.0008863804865888878,0.9348838366104867,0.0006762885759074968,0.00043192789978508945,-0.000154009776079538,0.001514024390025389,0.000641619850187235,0.00010422509170862257,0.0004365036867977523,0.0008427156484082135
bn_binary_cinexdrama,1.75,0.25,0.4375,0.853361723096774,0.0009470267777176651,0.9351056882022474,0.0009594761438939258,0.0005954199367470542,-0.0001611303288725159,0.0021305908746813494,0.0008634714419475273,0.0001660512572973731,0.0005477294007490338,0.0012020262757490218
bn_binary_cinexdrama,1.75,0.5,0.875,0.8540469228847938,0.0009060987979164804,0.9353603698501874,0.0016446759319135229,0.0006237906408507923,0.0004316437825541521,0.0028723766481382985,0.00111815308988761,0.000225871659969367,0.000680653089887644,0.0015538989349250616
bn_binary_cinexdrama,1.75,0.75,1.3125,0.8539904450345395,0.0009734762041365841,0.9355175561797754,0.0015881980816591524,0.0006763157460311311,0.0002913775801866469,0.0029301687117852843,0.0012753394194756215,0.0002759664260228299,0.0007461230102996081,0.0018160170880149582
bn_binary_cinexdrama,1.75,1.0,1.75,0.8541674263733531,0.0010263933641390004,0.9356931179775282,0.0017651794204728032,0.0007795267042807174,0.00030215824370807533,0.0032760448271926183,0.00145090121722845,0.00030074983585907337,0.0008818220388576706,0.0020419592696628683
bn_binary_cinexdrama,2.0,0.0,0.0,0.8524022469528802,0.0009466875414177435,0.9342422167602997,0.0,0.0,0.0,0.0,0.0,0.0,0.0,0.0
bn_binary_cinexdrama,2.0,0.0625,0.125,0.852957218917659,0.0009041567520526291,0.9346871488764045,0.0005549719647788637,0.00037864324868471807,-0.00015761865334703242,0.0013024016537247064,0.0004449321161048373,7.198788163624518e-05,0.0003054175444756353,0.0005860252808988341
bn_binary_cinexdrama,2.0,0.125,0.25,0.8531811115322064,0.0008840506800014605,0.934883895131086,0.0007788645793260284,0.00047282780149401286,-0.00011160268405634989,0.001711191611479485,0.0006416783707864916,0.00010564063156845861,0.00043649783473782844,0.0008514191245318149
bn_binary_cinexdrama,2.0,0.25,0.5,0.8535186713653686,0.0009249147983278766,0.9351975655430711,0.0011164244124883165,0.0005742322187261938,3.189433881899422e-05,0.00223942154432548,0.0009553487827715112,0.0001666185458252446,0.0006375687617040748,0.0012838995201310598
bn_binary_cinexdrama,2.0,0.5,1.0,0.8542509825558067,0.0009065199263072201,0.9354367392322096,0.001848735602926465,0.0006342741476442349,0.0006205466610411988,0.0030711107434454824,0.0011945224719100915,0.00022387000511877198,0.0007635138693820184,0.0016327086259362768
bn_binary_cinexdrama,2.0,0.75,1.5,0.8544199388666287,0.0009476108939929464,0.9356811797752809,0.0020176919137484157,0.0006438888728104791,0.0007726599163354041,0.003285691947972019,0.0014389630149812488,0.0002591910400203983,0.0009387742860486468,0.0019371678955992446
bn_binary_cinexdrama,2.0,1.0,2.0,0.8544812879302323,0.0010251774434912651,0.9358201076779028,0.0020790409773520746,0.0007640540905631383,0.0005991979455540463,0.003585675739760661,0.001577890917602968,0.00028356427966543224,0.0010326471793070805,0.0021214317064606586
bn_binary_cinexdrama,2.5,0.0,0.0,0.8524022469528802,0.0009466875414177435,0.9342422167602997,0.0,0.0,0.0,0.0,0.0,0.0,0.0,0.0
bn_binary_cinexdrama,2.5,0.0625,0.15625,0.853082597632966,0.0009222984571024319,0.934732970505618,0.0006803506800856789,0.0004225752803328451,-0.00014578781945456565,0.0014820495300583258,0.000490753745318329,8.1149178475332e-05,0.0003349660580524046,0.0006515785931647339
bn_binary_cinexdrama,2.5,0.125,0.3125,0.8534326406552769,0.0008951495127358317,0.9350031601123596,0.001030393702396712,0.0005192577199338711,2.858824045145219e-05,0.002039979969807399,0.0007609433520599096,0.00012680517689207235,0.0005185978464419487,0.0010111247659175607
bn_binary_cinexdrama,2.5,0.25,0.625,0.853946022494257,0.0009350889086809603,0.935317825374532,0.0015437755413767627,0.0006489533481756903,0.00029470743254301644,0.0027675197991026963,0.0010756086142321918,0.00019302289886374594,0.0007150514981273219,0.0014582821278089641
bn_binary_cinexdrama,2.5,0.5,1.25,0.8541896981356245,0.0009041090076388835,0.9356176849250936,0.0017874511827442232,0.0006794682404849211,0.0004890988926659322,0.003104063322108972,0.0013754681647939946,0.0002593421560528083,0.0008874502574906371,0.0018887596558988418
bn_binary_cinexdrama,2.5,0.75,1.875,0.8544339597504108,0.000997656541741548,0.9358767556179777,0.0020317127975305917,0.0007658793112068913,0.0005667735231000363,0.0035266256254029072,0.001634538857677865,0.0002930524939445799,0.0010806179775280425,0.0022116704705055753
bn_binary_cinexdrama,2.5,1.0,2.5,0.8550535750193653,0.0010562154697574466,0.9360794709737829,0.0026513280664849626,0.0008193487336361254,0.0010892548940490319,0.004269267112041293,0.0018372542134831127,0.000319809764443239,0.0012133646418539014,0.002475021945224675
bn_binary_cinexdrama,3.0,0.0,0.0,0.8524022469528802,0.0009466875414177435,0.9342422167602997,0.0,0.0,0.0,0.0,0.0,0.0,0.0,0.0
bn_binary_cinexdrama,3.0,0.0625,0.1875,0.8531318793471183,0.0008658271673953412,0.9347766268726592,0.0007296323942380701,0.00043472918811044017,-9.89015351835162e-05,0.0015822216760583978,0.0005344101123595108,8.759350299661547e-05,0.000369487359550526,0.0007131949321160512
bn_binary_cinexdrama,3.0,0.125,0.375,0.8533960230149635,0.0008875598160416188,0.9350482209737825,0.0009937760620832643,0.0005144818857048625,-1.3667797275886285e-05,0.0019902141891233733,0.0008060042134831118,0.00014056029521779777,0.0005352294007490372,0.0010849719101122908
bn_binary_cinexdrama,3.0,0.25,0.75,0.8539038922347576,0.0009072766423412863,0.9353225655430712,0.0015016452818774051,0.0006612976238358636,0.0002345223809158802,0.0027819155960343697,0.0010803487827715013,0.00019986054161820938,0.0007023042485954818,0.0014735501521535236
bn_binary_cinexdrama,3.0,0.5,1.5,0.8545798920112808,0.0009153813216828666,0.9357183988764045,0.0021776450584006716,0.0006567009563493206,0.0009260926128569685,0.0034525148903369546,0.0014761821161048355,0.00026520418854177535,0.0009721193235018515,0.0019976694171347864
bn_binary_cinexdrama,3.0,0.75,2.25,0.8551395718117654,0.0009374941044983102,0.9359822682584269,0.0027373248588850293,0.0006769404053260324,0.0014600083130962636,0.0040772273743069215,0.001740051498127307,0.00029421648030552477,0.0011835191362359497,0.0023120040379212992
bn_binary_cinexdrama,3.0,1.0,3.0,0.8557255474618475,0.0010255692287332722,0.9362134246254682,0.003323300508967067,0.0007520508590816648,0.001856362258920185,0.004814368794578962,0.001971207865168492,0.00031776023837687346,0.0013547474836141924,0.0026084459854868423
bn_binary_cinexdrama,3.5,0.0,0.0,0.8524022469528802,0.0009466875414177435,0.9342422167602997,0.0,0.0,0.0,0.0,0.0,0.0,0.0,0.0
bn_binary_cinexdrama,3.5,0.0625,0.21875,0.8533746121828288,0.0008537310271643553,0.9348617158239702,0.0009723652299486793,0.00043862359708927176,0.00014037993610470625,0.0018079185996064833,0.0006194990636703996,0.00010137799272281247,0.0004288374882958499,0.0008185876053370444
bn_binary_cinexdrama,3.5,0.125,0.4375,0.85390715690234,0.0008882811810714681,0.9351372893258428,0.001504909949459715,0.0005281368976404905,0.0004870295288634837,0.00253151602907223,0.0008950725655430349,0.00015488757588607218,0.0006018726591759972,0.0012037701896067219
bn_binary_cinexdrama,3.5,0.25,0.875,0.8543695313677542,0.0009145048111451776,0.9354301849250934,0.0019672844148739704,0.000649716892571185,0.0007376627434970202,0.0032689739880753504,0.0011879681647939825,0.00022002965516913588,0.000771238588483106,0.0016347758661048447
bn_binary_cinexdrama,3.5,0.5,1.75,0.8547892056308257,0.0009294661903776182,0.9358081109550561,0.002386958677945428,0.0006538263958501732,0.0011414521928424532,0.0036741760550167432,0.0015658941947565219,0.00027505383428787206,0.0010507358965355566,0.0020949818586142024
bn_binary_cinexdrama,3.5,0.75,2.625,0.8554229822739069,0.0010110716224279543,0.9361265800561798,0.0030207353210265735,0.0007276475531027096,0.0016326649810859495,0.004428357516339514,0.0018843632958801188,0.00031182569068727094,0.0012986788974719051,0.002498545763108599
bn_binary_cinexdrama,3.5,1.0,3.5,0.8560615427169164,0.001043303404483959,0.9363437499999999,0.0036592957640361064,0.0007912784153910549,0.002128047548428785,0.005212744367276042,0.0021015332397003395,0.000340050531477965,0.0014453329822097071,0.0027678048923220617
bn_binary_cinexdrama,4.0,0.0,0.0,0.8524022469528802,0.0009466875414177435,0.9342422167602997,0.0,0.0,0.0,0.0,0.0,0.0,0.0,0.0
bn_binary_cinexdrama,4.0,0.0625,0.25,0.8535824971126247,0.0008643623282750396,0.9348922050561798,0.001180250159744547,0.0004897190664163647,0.00026487579781487805,0.002147586276011464,0.000649988295880119,0.00010400749577009361,0.0004520101825842498,0.0008606127106740829
bn_binary_cinexdrama,4.0,0.125,0.5,0.8539487923970006,0.0008941173559516109,0.9352309808052435,0.0015465454441204302,0.0005770933611519226,0.0004274125237623176,0.002664647325527205,0.000988764044943799,0.00016317856709453473,0.0006719335205992525,0.0013105117626404316
bn_binary_cinexdrama,4.0,0.25,1.0,0.8544565967171006,0.0008844565873872461,0.9354853113295879,0.002054349764220366,0.0006181712868501392,0.0008867586600040179,0.003276628830704011,0.001243094569288341,0.00021952124065144292,0.0008280006437265503,0.0016818527621722526
bn_binary_cinexdrama,4.0,0.5,2.0,0.8550221922450372,0.0008911640083928127,0.9359404845505618,0.0026199452921569512,0.000625134536017792,0.0014327237542977615,0.0038275222576775636,0.0016982677902621316,0.0002717079525787007,0.0011795046231272946,0.002239360955056127
bn_binary_cinexdrama,4.0,0.75,3.0,0.8557383938447656,0.0009976462327391281,0.9362576076779027,0.0033361468918853736,0.0007261947659402328,0.0019457827433770442,0.004728798387321329,0.0020153909176029595,0.0002974020911299729,0.0014439138576778502,0.0026007256554306858
bn_binary_cinexdrama,4.0,1.0,4.0,0.855643992038043,0.0010395812054556368,0.9364845505617978,0.003241745085162698,0.0007369785789226527,0.001842138718970686,0.004697994275544642,0.00224233380149808,0.00032658722961009134,0.0016162789676965772,0.0028816230688201677
en_binary_sst2,0.5,0.0,0.0,0.9108068723221023,0.0007845794632611674,0.9762938331405436,0.0,0.0,0.0,0.0,0.0,0.0,0.0,0.0
en_binary_sst2,0.5,0.0625,0.03125,0.9111211872626089,0.0007842213710370929,0.9763808784782466,0.00031431494050632495,5.34597920046331e-05,0.000212409417599339,0.00041938156470989937,8.704533770321145e-05,8.961749134863998e-06,7.068936363341753e-05,0.0001057632462566573
en_binary_sst2,0.5,0.125,0.0625,0.9113825087514565,0.000787483639706684,0.9764602756892231,0.0005756364293540468,8.76993525169507e-05,0.0004024624443408457,0.0007454214572850966,0.00016644254867936224,1.3511401400292967e-05,0.00014014577710300447,0.00019217049032835759
en_binary_sst2,0.5,0.25,0.125,0.9119264179186181,0.0007681845494468318,0.9765708710879764,0.0011195455965157012,0.00012007559245063618,0.0008831066057075791,0.001352671381809546,0.000277037947432662,2.0192507102423627e-05,0.00023773462100763496,0.0003155042453890785
en_binary_sst2,0.5,0.5,0.25,0.9127581469629876,0.000742754883436447,0.9767295514427093,0.001951274640885172,0.0001795366393005953,0.001602965233989736,0.002298132820956788,0.0004357183021656542,3.459080949747146e-05,0.0003695741356596414,0.0005011293458003921
en_binary_sst2,0.5,0.75,0.375,0.9134106859330882,0.0007235477080378297,0.9768292164706638,0.0026038136109857086,0.0002174651539262975,0.002175496557771001,0.0030258168129895548,0.0005353833301201502,4.285628467238704e-05,0.0004515541658633449,0.0006183667301265833
en_binary_sst2,0.5,1.0,0.5,0.9136609630306904,0.0007026124801178367,0.9768898440010281,0.0028540907085880533,0.0002730917001298516,0.002328089119451184,0.0033857908328336966,0.0005960108604845096,5.1356462316769504e-05,0.0004981527938435721,0.0006936511149668608
en_binary_sst2,0.75,0.0,0.0,0.9108068723221023,0.0007845794632611674,0.9762938331405436,0.0,0.0,0.0,0.0,0.0,0.0,0.0,0.0
en_binary_sst2,0.75,0.0625,0.046875,0.9112793073160698,0.0007771153253089055,0.9764293682925262,0.0004724349939672282,6.564060932092972e-05,0.00034675510077353077,0.000601233001830248,0.00013553515198248703,1.0315031779187668e-05,0.00011594448862535896,0.00015551089261609
en_binary_sst2,0.75,0.125,0.09375,0.9117346235352545,0.0007535844843887614,0.9765260916714864,0.0009277512131521143,9.603792045842664e-05,0.0007431780187035097,0.0011225857306601443,0.00023225853094269302,1.6534728351196444e-05,0.00019930900970371317,0.00026508904472714254
en_binary_sst2,0.75,0.25,0.1875,0.9124269613263203,0.0007235218769848633,0.9766773223121907,0.0016200890042178426,0.000151121651321953,0.0013380416838200274,0.0019318131675373235,0.00038348917164703533,2.5999054272181143e-05,0.0003319978833300826,0.0004331849254546357
en_binary_sst2,0.75,0.5,0.375,0.9134636983516785,0.0006734541261486029,0.976873233564681,0.002656826029575928,0.0002293646481390232,0.002222061318223083,0.003116756953475406,0.0005794004241372183,4.1074011488634635e-05,0.0004993270435704341,0.0006607407541288406
en_binary_sst2,0.75,0.75,0.5625,0.9140630515491205,0.0006624290572769662,0.9769794221129747,0.0032561792270179558,0.000266691727999724,0.002749925362549549,0.003782857467439327,0.0006855889724310554,5.056719482860941e-05,0.000587662505623023,0.0007830816223250106
en_binary_sst2,0.75,1.0,0.75,0.9144443321531551,0.0006412338410012551,0.9770431760490971,0.0036374598310525146,0.0003103477563063851,0.0030438649682696917,0.004256987319128458,0.0007493429085533882,5.788318875089297e-05,0.0006374924691535899,0.0008591162802840057
en_binary_sst2,1.0,0.0,0.0,0.9108068723221023,0.0007845794632611674,0.9762938331405436,0.0,0.0,0.0,0.0,0.0,0.0,0.0,0.0
en_binary_sst2,1.0,0.0625,0.0625,0.9113860402976702,0.0007716834870645754,0.9764586819613135,0.0005791679755676483,6.689798063506438e-05,0.00045362790338363907,0.0007116592678900064,0.00016484882076985973,1.2193462393090278e-05,0.0001409459747124349,0.00018804364677718432
en_binary_sst2,1.0,0.125,0.125,0.9120277373789795,0.0007512829273619177,0.9765900576762419,0.0012208650568769114,9.651229620127423e-05,0.0010381112592621144,0.00141447208907333,0.00029622453569820974,1.9440711872729025e-05,0.00025875441809650906,0.0003334463964398006
en_binary_sst2,1.0,0.25,0.25,0.9128024003634966,0.0007201901196350972,0.9767778565002249,0.001995528041394008,0.0001599804959188033,0.0016897942436496036,0.0023118043927317596,0.0004840233596812117,3.067512548839331e-05,0.0004242814367649664,0.000543326043474003
en_binary_sst2,1.0,0.5,0.5,0.9137559928306203,0.0006819989754898944,0.9769942363922627,0.002949120508517908,0.00023833397635577414,0.0025071776682448884,0.003411562451923928,0.0007004032517190044,4.5139432796591415e-05,0.0006125351439495799,0.0007874160963305648
en_binary_sst2,1.0,0.75,0.75,0.9145039709029293,0.0006463552233283446,0.9771091060985796,0.003697098580826837,0.00029146468862645985,0.003151568705922779,0.00427921575250944,0.000815272958036074,5.430886253068472e-05,0.0007106859496497076,0.0009197780308141741
en_binary_sst2,1.0,1.0,1.0,0.9149012788453836,0.0006157143830369888,0.9771681182121972,0.004094406523281056,0.0003212551933187184,0.003488044001468556,0.004741340544269841,0.0008742850716534672,6.200032913204138e-05,0.000753326163967638,0.0009940100250626354
en_binary_sst2,1.25,0.0,0.0,0.9108068723221023,0.0007845794632611674,0.9762938331405436,0.0,0.0,0.0,0.0,0.0,0.0,0.0,0.0
en_binary_sst2,1.25,0.0625,0.078125,0.9115420781282647,0.0007744816469437142,0.9764989227877388,0.000735205806162124,8.133781099759613e-05,0.0005804097356246821,0.0008977500290364924,0.00020508964719489077,1.3517800461565908e-05,0.00017925565114708454,0.00023187373481780915
en_binary_sst2,1.25,0.125,0.15625,0.9121903143326269,0.0007485072129066464,0.9766402705481652,0.0013834420105243222,0.00011625199617508659,0.0011600383407176023,0.0016143387828317375,0.00034643740762158276,2.2104626168273513e-05,0.0003041261808366565,0.000389153954598022
en_binary_sst2,1.25,0.25,0.3125,0.9131915333426983,0.0007009310629384472,0.9768449248120301,0.002384661020595736,0.0001980617447426661,0.002009664835913989,0.0027792767748988953,0.0005510916714863804,3.6217076541322036e-05,0.0004816818287705821,0.0006220423454469335
en_binary_sst2,1.25,0.5,0.625,0.9142056446895345,0.0006520899848949486,0.9770548229548229,0.0033987723674318406,0.00027336840101576987,0.0028810214258646882,0.003944541345409507,0.0007609898142792398,5.1106583803764454e-05,0.0006605976078014966,0.0008607753357753028
en_binary_sst2,1.25,0.75,0.9375,0.9147304859817984,0.0006340774241776415,0.9771528444508707,0.003923613659695788,0.0003211720108056835,0.0033143061794842334,0.004570217236453813,0.000859011310327078,6.140983145927698e-05,0.000740477375329362,0.0009739745397146257
en_binary_sst2,1.25,1.0,1.25,0.9151690071716575,0.0006291897176030646,0.9771947014973331,0.004362134849555016,0.0003555724574987297,0.0036790063502777203,0.005073788403391123,0.0009008683567893897,6.937874936769254e-05,0.0007673083751044011,0.0010336260322279963
en_binary_sst2,1.5,0.0,0.0,0.9108068723221023,0.0007845794632611674,0.9762938331405436,0.0,0.0,0.0,0.0,0.0,0.0,0.0,0.0
en_binary_sst2,1.5,0.0625,0.09375,0.9116599327912875,0.0007681865200785657,0.9765228174603173,0.0008530604691850784,8.21210063674657e-05,0.0006970737949427233,0.0010136438080965188,0.0002289843197737399,1.5323897693298845e-05,0.0001990954148190652,0.00025907802358455883
en_binary_sst2,1.5,0.125,0.1875,0.9125128641878956,0.0007354859861215034,0.9766903741726111,0.001705991865793152,0.0001379909959812715,0.001444833044621825,0.001975878233032634,0.0003965410320673396,2.389128158686901e-05,0.00035050396423753075,0.00044335847631900586
en_binary_sst2,1.5,0.25,0.375,0.9134369118083968,0.000702331993851059,0.976892555105713,0.0026300394862942412,0.0002069935746129073,0.002233280460977386,0.003043475954239922,0.0005987219651692949,3.925258935544293e-05,0.0005211884077179738,0.000676554005205267
en_binary_sst2,1.5,0.5,0.75,0.9145505694272774,0.000659881703888749,0.9771020218816271,0.0037436971051748257,0.0002614539812191737,0.0032456286130050907,0.004260138903379947,0.0008081887410834465,5.4363719645021276e-05,0.0007010263238223348,0.0009110618292525698
en_binary_sst2,1.5,0.75,1.125,0.9151747135738659,0.0006469594321567674,0.9771811170554592,0.004367841251763454,0.00031638442099955755,0.003766109000150713,0.004998997215928536,0.0008872839149154705,6.535987033428725e-05,0.0007582068351969666,0.0010135914304993069
en_binary_sst2,1.5,1.0,1.5,0.9155175191281992,0.0006236273039312949,0.9772091904440587,0.004710646806096529,0.0003447949477688141,0.004055926477396438,0.005383972667495042,0.0009153573035151504,7.205753159269813e-05,0.0007742066303578701,0.001054355721033314
en_binary_sst2,1.75,0.0,0.0,0.9108068723221023,0.0007845794632611674,0.9762938331405436,0.0,0.0,0.0,0.0,0.0,0.0,0.0,0.0
en_binary_sst2,1.75,0.0625,0.109375,0.9118342247665666,0.0007650071019756795,0.9765634326200116,0.001027352444464198,8.817311698829924e-05,0.0008592641005682408,0.0012059008499969417,0.0002695994794678491,1.7290513752803854e-05,0.0002362522291304687,0.00030363986890296696
en_binary_sst2,1.75,0.125,0.21875,0.912627105869758,0.0007330354102640764,0.9767328063749118,0.001820233547655494,0.0001499756692471836,0.0015465849973861003,0.002117228238845268,0.0004389732343679393,2.7898139619429434e-05,0.00038349328850968944,0.0004931768523873198
en_binary_sst2,1.75,0.25,0.4375,0.9136787115004469,0.0006942465590967705,0.9769554463080777,0.0028718391783442866,0.00022637597425946194,0.002438081168185416,0.0033203590230754996,0.0006616131675341837,4.3373958503518675e-05,0.0005756317677205429,0.0007479276315789118
en_binary_sst2,1.75,0.5,0.875,0.9148336544266675,0.0006531613346903288,0.9771549354154618,0.00402678210456489,0.0002925081415437217,0.0034724630609544904,0.004597284087088463,0.0008611022749180468,6.014479223932567e-05,0.0007422364605423646,0.0009773296020499883
en_binary_sst2,1.75,0.75,1.3125,0.9154006104488478,0.0006263137938779401,0.9772288268748794,0.004593738126745336,0.0003544000114673594,0.0039144628300379,0.005274753082806501,0.0009349937343358065,7.13320106206803e-05,0.0007961790694685025,0.0010712411236424137
en_binary_sst2,1.75,1.0,1.75,0.9157499916786044,0.0006183600936734836,0.9772456051988947,0.0049431193565018785,0.00039632563000847946,0.004189534320565815,0.005722863632471311,0.0009517720583509825,7.896440785470197e-05,0.0007976743340723208,0.0011028950983227263
en_binary_sst2,2.0,0.0,0.0,0.9108068723221023,0.0007845794632611674,0.9762938331405436,0.0,0.0,0.0,0.0,0.0,0.0,0.0,0.0
en_binary_sst2,2.0,0.0625,0.125,0.9119531515561848,0.0007533272478955349,0.9765866252168887,0.0011462792340824759,0.00010210018120831094,0.0009484071486683609,0.0013481669795193173,0.0002927920763447049,1.9508879988140608e-05,0.000254377530364377,0.0003309910392969692
en_binary_sst2,2.0,0.125,0.25,0.9128009587628724,0.0007288248266565086,0.9767807555748346,0.0019940864407697557,0.00015029718621596965,0.001708272313649388,0.002290833514708674,0.00048692243429082827,3.0347813873393277e-05,0.00042826445119207126,0.0005459932483451961
en_binary_sst2,2.0,0.25,0.5,0.9137998770550274,0.0006839740515977284,0.9770068801812222,0.002993004732924822,0.00024513248618164866,0.002527460026558548,0.0034789442464409973,0.00071304704067858,4.522455627217817e-05,0.000625953485476447,0.0008015375980014016
en_binary_sst2,2.0,0.5,1.0,0.9149653333350423,0.0006407535642563438,0.9772060913501703,0.004158461012939749,0.0003041561774000566,0.003590078126886824,0.004753614591268684,0.0009122582096265956,6.244230830636455e-05,0.0007932589285713751,0.0010335554029303753
en_binary_sst2,2.0,0.75,1.5,0.9156083900093709,0.0006184681518734625,0.9772646263093631,0.004801517687268365,0.00034848176058272455,0.004138763126920463,0.005491377115974965,0.000970793168819442,7.286717679704294e-05,0.0008313552109440213,0.0011131016844996488
en_binary_sst2,2.0,1.0,2.0,0.9159996210463607,0.0006039578581341609,0.9772760073260074,0.0051927487242580525,0.0003939207727334422,0.004441981994615981,0.005951575197959548,0.0009821741854636463,8.04883256491716e-05,0.0008266534123770634,0.0011388411533641938
en_binary_sst2,2.5,0.0,0.0,0.9108068723221023,0.0007845794632611674,0.9762938331405436,0.0,0.0,0.0,0.0,0.0,0.0,0.0,0.0
en_binary_sst2,2.5,0.0625,0.15625,0.9122226526748354,0.0007569798766539004,0.9766411862990809,0.001415780352733,0.0001243659962308922,0.0011758724138804574,0.0016634415082377124,0.000347353158537319,2.185073740428686e-05,0.0003055392688451537,0.0003905045064584098
en_binary_sst2,2.5,0.125,0.3125,0.9131263866874193,0.0007294574443686179,0.9768577123899493,0.0023195143653166965,0.00018040218450033523,0.0019836510687872935,0.002674848243764116,0.0005638792494055412,3.515061648305656e-05,0.0004971839856050129,0.000632826597744313
en_binary_sst2,2.5,0.25,0.625,0.9142530156534682,0.0006708109555740111,0.9770759904569115,0.003446143331365555,0.000264695428704341,0.0029479405441488766,0.003966735697322111,0.0007821573163678238,5.0585078448420494e-05,0.0006859589679326203,0.0008799260772122259
en_binary_sst2,2.5,0.5,1.25,0.9153507919502921,0.0006450092614190758,0.9772459465972624,0.004543919628189594,0.00031767894627695935,0.003940110163270649,0.005166733493032186,0.0009521134567187124,6.869898696956849e-05,0.000818024930113712,0.0010866673896278989
en_binary_sst2,2.5,0.75,1.875,0.915924640468432,0.0006182341223008341,0.9772836273375748,0.005117768146329352,0.0003807260868024393,0.0043816300060032076,0.005886284420301061,0.000989794197031012,7.921763314112851e-05,0.0008376685102178281,0.0011442080561981512
en_binary_sst2,2.5,1.0,2.5,0.9162560059448037,0.0006024992221132757,0.9772807732472206,0.00544913362270108,0.0004297539550860356,0.0046304821537448,0.006273905854951926,0.0009869401066769001,8.693785484697985e-05,0.0008179647837541944,0.001157468109375971
en_binary_sst2,3.0,0.0,0.0,0.9108068723221023,0.0007845794632611674,0.9762938331405436,0.0,0.0,0.0,0.0,0.0,0.0,0.0,0.0
en_binary_sst2,3.0,0.0625,0.1875,0.9124108228766452,0.0007453583401214804,0.9766919421952318,0.0016039505545428002,0.00013649129551859888,0.0013412704024558175,0.0018711615600869014,0.00039810905468795984,2.4460025453082628e-05,0.0003497526267591563,0.0004446976415397127
en_binary_sst2,3.0,0.125,0.375,0.9132802473914573,0.0007187333056018735,0.9769034734271576,0.0024733750693547315,0.00019511413761488068,0.002096043009440093,0.0028565138028723027,0.0006096402866139375,3.954457850768714e-05,0.0005338828240472757,0.0006857435656448499
en_binary_sst2,3.0,0.25,0.75,0.9144927654819094,0.000663556075673021,0.9771312913694493,0.0036858931598068635,0.0002760111513800577,0.0031649212195453565,0.004225762989202536,0.0008374582289055754,5.577502218880918e-05,0.0007281433351005482,0.0009434568592956297
en_binary_sst2,3.0,0.5,1.5,0.9156389603083457,0.0006365361024772031,0.9772739782147677,0.004832087986243338,0.00033598849311236145,0.0041906051811400795,0.005480522238510689,0.0009801450742240154,7.401037749363446e-05,0.0008384438861576884,0.0011215762965105132
en_binary_sst2,3.0,0.75,2.25,0.916194858729893,0.0005990223337289216,0.9772993268427477,0.0053879864077904845,0.00039502572626289365,0.0046510295910122245,0.006180675539948727,0.0010054937022041985,8.4577770583366e-05,0.0008424249726880957,0.001167763659951132
en_binary_sst2,3.0,1.0,3.0,0.9165566919182518,0.0005971162992302197,0.9772786381016644,0.005749819596149418,0.0004491486045059197,0.004883320406993425,0.006644205605938143,0.0009848049611207207,9.220924574024403e-05,0.0008060657452927045,0.001162154545016391
en_binary_sst2,3.5,0.0,0.0,0.9108068723221023,0.0007845794632611674,0.9762938331405436,0.0,0.0,0.0,0.0,0.0,0.0,0.0,0.0
en_binary_sst2,3.5,0.0625,0.21875,0.912597788897086,0.0007352871730011614,0.9767389145941777,0.0017909165749834452,0.00014715816455786732,0.001515602453826667,0.0020789538265373097,0.00044508145363404374,2.8186477488814883e-05,0.0003906342980849248,0.0005004612693592281
en_binary_sst2,3.5,0.125,0.4375,0.9136614432059698,0.0006927804831412272,0.9769650649058543,0.0028545708838670584,0.000222445497747811,0.002431541515159267,0.0033091894236544454,0.0006712317653106561,4.195926920827505e-05,0.0005899449344514714,0.0007533322488914078
en_binary_sst2,3.5,0.25,0.875,0.914716397180727,0.0006557115743363562,0.9771683423301843,0.003909524858624294,0.00028707680895935896,0.003377783269177078,0.004487312030754679,0.0008745091896407306,5.8552818869757996e-05,0.0007589742384807747,0.0009857877466100794
en_binary_sst2,3.5,0.5,1.75,0.9158295131167464,0.0006094943689203515,0.9772819018700598,0.005022640794643948,0.0003698468429115557,0.004323369588068913,0.0057494368575318425,0.000988068729516057,7.596717662872082e-05,0.0008415879442194966,0.0011347182258530696
en_binary_sst2,3.5,0.75,2.625,0.9163655826667443,0.0005867869869376011,0.9772844611528823,0.005558710344641683,0.000438599433068466,0.004732807499146553,0.006403399674719133,0.0009906280123385038,8.639217469304098e-05,0.000819061676627402,0.001156541232889882
en_binary_sst2,3.5,1.0,3.5,0.916577113528718,0.0005902681334773735,0.9772456317074739,0.005770241206615555,0.00047099561338741013,0.004890098934160546,0.0067012470911925835,0.0009517985669301112,9.404745524153594e-05,0.0007700928603559816,0.0011318208983998118
en_binary_sst2,4.0,0.0,0.0,0.9108068723221023,0.0007845794632611674,0.9762938331405436,0.0,0.0,0.0,0.0,0.0,0.0,0.0,0.0
en_binary_sst2,4.0,0.0625,0.25,0.9127658035214326,0.0007342466264007055,0.9767850579975579,0.001958931199329961,0.0001551558322053682,0.0016561675184873135,0.0022612908794038484,0.0004912248570143127,3.0143422453017707e-05,0.0004325476551956493,0.0005510399596748158
en_binary_sst2,4.0,0.125,0.5,0.9138213539824969,0.0006876277220417379,0.9770071870381081,0.0030144816603944725,0.00023639128566952923,0.0025621778730772252,0.003473886420291248,0.0007133538975643986,4.508519449697082e-05,0.0006255400118886517,0.0008008690596683747
en_binary_sst2,4.0,0.25,1.0,0.9149876155582942,0.000645658228621167,0.977211345671872,0.004180743236191608,0.0003093477983592841,0.0035971109756926132,0.004776018594891247,0.0009175125313282754,6.239990733409514e-05,0.0007947040477796834,0.0010388462542574165
en_binary_sst2,4.0,0.5,2.0,0.9160987798784703,0.0006078589315006346,0.9773045450163871,0.005291907556367786,0.00039656500204900526,0.004528763307656122,0.0060476238502763305,0.0010107118758434282,8.044024858743034e-05,0.000851663212518429,0.0011654712502409622
en_binary_sst2,4.0,0.75,3.0,0.916540727554612,0.000582487257305849,0.9772987500803291,0.005733855232509423,0.00046970970473147257,0.004840684243447744,0.006660121654182865,0.0010049169397853318,9.105500113090199e-05,0.000830056350812888,0.0011795099527665094
en_binary_sst2,4.0,1.0,4.0,0.9167709387525868,0.000588647025764761,0.977252331951674,0.0059640664304843796,0.0005176502746189301,0.004967306509846574,0.00699436175048973,0.0009584988111303658,9.923160832130431e-05,0.0007644120718462242,0.0011510889402994628
ha_binary_hausa_movie_review,0.5,0.0,0.0,0.7669031551404456,0.0018197393618512325,0.8461830238726791,0.0,0.0,0.0,0.0,0.0,0.0,0.0,0.0
ha_binary_hausa_movie_review,0.5,0.0625,0.03125,0.7653914757910026,0.001968863498919261,0.846894783377542,-0.001511679349443034,0.0006820092326330884,-0.0028210474552655025,-0.00020659637776457838,0.0007117595048629182,7.754732596791432e-05,0.0005614500442086446,0.0008629531388151765
ha_binary_hausa_movie_review,0.5,0.125,0.0625,0.7645804192809446,0.0022664450386637005,0.8474571175950486,-0.002322735859500968,0.0009845180365524963,-0.004281506169135816,-0.00045094156661104384,0.0012740937223695299,0.00012638427804467084,0.001031830238726748,0.0015172413793102938
ha_binary_hausa_movie_review,0.5,0.25,0.125,0.7612762931340653,0.0021891222460376715,0.8483740053050397,-0.0056268620063802035,0.0013990807545557014,-0.008351777830408552,-0.0029367536841377584,0.002190981432360698,0.00019311941653757223,0.0018152077807249954,0.0025676392572943746
ha_binary_hausa_movie_review,0.5,0.5,0.25,0.7561413590457038,0.0023183202203685225,0.849606542882405,-0.01076179609474174,0.001484117078684247,-0.01365917214952349,-0.007842889066068134,0.0034235190097258784,0.00033032822987075526,0.00277984084880633,0.004071640141467726
ha_binary_hausa_movie_review,0.5,0.75,0.375,0.7527356982228397,0.0021687735939248513,0.8503863837312114,-0.014167456917605776,0.001633127345233495,-0.01737555047962011,-0.010964459518485003,0.004203359858532213,0.00048728975484356213,0.0032776083112289345,0.005149425287356279
ha_binary_hausa_movie_review,0.5,1.0,0.5,0.7509278669188695,0.002135789710857988,0.850710875331565,-0.015975288221576064,0.0015832554934263321,-0.019066013626006753,-0.012921198781548028,0.004527851458885912,0.0005743989888734714,0.0034314544650751147,0.005646330680813391
ha_binary_hausa_movie_review,0.75,0.0,0.0,0.7669031551404456,0.0018197393618512325,0.8461830238726791,0.0,0.0,0.0,0.0,0.0,0.0,0.0,0.0
ha_binary_hausa_movie_review,0.75,0.0625,0.046875,0.7652787283664649,0.0020888393106025986,0.8472519893899205,-0.001624426773980608,0.0007814740859364344,-0.003155084247031523,-0.00014813784720109634,0.0010689655172413542,9.485647275117222e-05,0.0008868258178603173,0.0012475685234305482
ha_binary_hausa_movie_review,0.75,0.125,0.09375,0.7622710937764653,0.002232966117448675,0.84810433244916,-0.004632061363980195,0.0013159840042747013,-0.0072518207925497576,-0.002114895858998154,0.0019213085764809377,0.0001406772629915412,0.0016401414677276395,0.0021865605658708542
ha_binary_hausa_movie_review,0.75,0.25,0.1875,0.7582143336727026,0.0022846101937280114,0.8495066312997348,-0.008688821467742955,0.0015241940370314577,-0.011671300086961876,-0.00567562434825058,0.0033236074270556605,0.00024061959097897983,0.0028585322723253333,0.003793987621573809
ha_binary_hausa_movie_review,0.75,0.5,0.375,0.7524021145017535,0.002242340232606304,0.8511865605658707,-0.014501040638691955,0.0017728731817715905,-0.01798837677875922,-0.01105064833593871,0.00500353669319182,0.0004058532339231998,0.0041847701149424765,0.005759504862953069
ha_binary_hausa_movie_review,0.75,0.75,0.5625,0.7482905654451935,0.002355844617979342,0.8519478337754199,-0.01861258969525198,0.0019485613948792698,-0.022307830841721693,-0.014871668116319622,0.005764809902740885,0.00052659500444401,0.004732979664014109,0.006758620689655114
ha_binary_hausa_movie_review,0.75,1.0,0.75,0.747073131535028,0.0024401567490479905,0.8522864721485414,-0.01983002360541765,0.0019617778884890094,-0.023746282365884844,-0.016068729348902095,0.006103448275862036,0.0006184963599560061,0.004872679045092802,0.0072785145888593665
ha_binary_hausa_movie_review,1.0,0.0,0.0,0.7669031551404456,0.0018197393618512325,0.8461830238726791,0.0,0.0,0.0,0.0,0.0,0.0,0.0,0.0
ha_binary_hausa_movie_review,1.0,0.0625,0.0625,0.7649070679084109,0.002140842196658218,0.8476145004420865,-0.001996087232034642,0.0008829737435023517,-0.0037187071974140147,-0.00030583740610246556,0.001431476569407572,0.00012579717606912442,0.00118744473916886,0.0016693191865605242
ha_binary_hausa_movie_review,1.0,0.125,0.125,0.761829733779206,0.0022746069803366263,0.8486136162687886,-0.0050734213612394045,0.0013825364182125802,-0.007800526009825646,-0.002411337779427409,0.00243059239610959,0.0001756918720868389,0.002091047745358018,0.0027674624226347744
ha_binary_hausa_movie_review,1.0,0.25,0.25,0.7572101150856411,0.0022991982986008577,0.8505172413793103,-0.009693040054804371,0.001496841824311812,-0.012630706559002858,-0.00678950117606395,0.00433421750663126,0.0002947610123037817,0.0037497789566754603,0.004899270557029129
ha_binary_hausa_movie_review,1.0,0.5,0.5,0.751388554442092,0.0022740808313646437,0.8523908045977011,-0.015514600698353474,0.0016649818406413376,-0.018686585790159457,-0.012253664714356446,0.006207780725022059,0.0005000827443010594,0.005252763041556089,0.007183930150309398
ha_binary_hausa_movie_review,1.0,0.75,0.75,0.7486262965577146,0.0024005281354077665,0.8533315649867373,-0.018276858582730766,0.0017884764463889909,-0.021725035517663964,-0.014796199387397636,0.007148541114058314,0.0006074644040015793,0.005939876215738253,0.008329840848806343
ha_binary_hausa_movie_review,1.0,1.0,1.0,0.7463991569500008,0.0025757714484123872,0.8539248452696729,-0.02050399819044448,0.0019508957998685668,-0.024247614656816782,-0.016783130690471753,0.007741821396993786,0.0007142079693659884,0.0063359637488947336,0.009153868258178606
ha_binary_hausa_movie_review,1.25,0.0,0.0,0.7669031551404456,0.0018197393618512325,0.8461830238726791,0.0,0.0,0.0,0.0,0.0,0.0,0.0,0.0
ha_binary_hausa_movie_review,1.25,0.0625,0.078125,0.764144171508226,0.002182617001225111,0.847944297082228,-0.0027589836322194396,0.001074363546915251,-0.004891928529203794,-0.0006750048525212381,0.001761273209549038,0.00014025218046227996,0.001485411140583535,0.002035366931918596
ha_binary_hausa_movie_review,1.25,0.125,0.15625,0.7601118930588394,0.0023131739779077417,0.8491759504862952,-0.006791262081605965,0.001441346900164328,-0.009580609825640327,-0.004012288321755153,0.002992926613616218,0.00021901394337805362,0.0025694076038903333,0.003404067197170578
ha_binary_hausa_movie_review,1.25,0.25,0.3125,0.754016151730444,0.002204968340229301,0.8512749778956674,-0.012887003410001605,0.0013818504929766953,-0.015588118017296147,-0.010245715643403474,0.005091954022988462,0.00038138795750537925,0.004335963748894721,0.005808134394341232
ha_binary_hausa_movie_review,1.25,0.5,0.625,0.7498421105531332,0.0024156008749283125,0.8530574712643678,-0.017061044587312363,0.0019562425933223435,-0.02084568930804914,-0.01324642832911562,0.006874447391688727,0.0005799593802212796,0.005742705570291749,0.007999999999999948
ha_binary_hausa_movie_review,1.25,0.75,0.9375,0.7473906207201335,0.002524265138052807,0.8539982316534039,-0.019512534420312012,0.0019084036969185662,-0.023195064657298925,-0.015859620411276303,0.007815207780724977,0.0007020570626698946,0.006427851458885886,0.009176856763925725
ha_binary_hausa_movie_review,1.25,1.0,1.25,0.7438236289561837,0.0024302370514005674,0.8544190981432361,-0.02307952618426172,0.0018010513054135878,-0.02661015156771503,-0.01960436114065454,0.008236074270557002,0.0008020110692844505,0.006635654288240485,0.009787864721485377
ha_binary_hausa_movie_review,1.5,0.0,0.0,0.7669031551404456,0.0018197393618512325,0.8461830238726791,0.0,0.0,0.0,0.0,0.0,0.0,0.0,0.0
ha_binary_hausa_movie_review,1.5,0.0625,0.09375,0.7630747067062523,0.0022425176986232277,0.8482351900972589,-0.0038284484341929137,0.0012453190244842446,-0.006332699374122961,-0.0015262921075183803,0.002052166224579966,0.00014443694884195491,0.0017718832891246256,0.0023253757736515822
ha_binary_hausa_movie_review,1.5,0.125,0.1875,0.7589413849603903,0.002340853378894541,0.8497038019451811,-0.00796177018005524,0.0015774891608617008,-0.010939655991355978,-0.004879669474974566,0.0035207780725021783,0.00023544542871086808,0.0030618700265251982,0.0039726127320954645
ha_binary_hausa_movie_review,1.5,0.25,0.375,0.7531616500205136,0.0022987676536670295,0.8516728558797526,-0.013741505119931783,0.001599216895222753,-0.01682351840752517,-0.01061929023701456,0.005489832007073345,0.0004036102626908339,0.004710853227232493,0.006249336870026473
ha_binary_hausa_movie_review,1.5,0.5,0.75,0.7471968168038385,0.002506907784148758,0.853603890362511,-0.019706338336606854,0.0018051002644230466,-0.023175678169223727,-0.016175057174534727,0.007420866489831952,0.000593946716050525,0.0062448717948717395,0.008572988505747087
ha_binary_hausa_movie_review,1.5,0.75,1.125,0.7458992819008391,0.0024762307574909903,0.8544005305039789,-0.02100387323960646,0.001958632528071776,-0.024819019485173472,-0.017279398785737768,0.008217506631299686,0.0007191211768731802,0.006824027409372211,0.009580017683465896
ha_binary_hausa_movie_review,1.5,1.0,1.5,0.7440478385398821,0.002466909073796115,0.8547718832891246,-0.022855316600563506,0.002019344714849087,-0.02687987551713302,-0.018986564963976424,0.00858885941644559,0.0008305823919404479,0.006958443854995559,0.01019365605658705
ha_binary_hausa_movie_review,1.75,0.0,0.0,0.7669031551404456,0.0018197393618512325,0.8461830238726791,0.0,0.0,0.0,0.0,0.0,0.0,0.0,0.0
ha_binary_hausa_movie_review,1.75,0.0625,0.109375,0.7624383479977209,0.0023082384995533043,0.8485384615384615,-0.00446480714272448,0.001335957755432099,-0.007097145043782043,-0.0018450150980107954,0.002355437665782466,0.0001561456971753518,0.0020530503978779518,0.002665804597701133
ha_binary_hausa_movie_review,1.75,0.125,0.21875,0.75713890102605,0.0023334691522976774,0.8501918656056587,-0.009764254114395549,0.0016064237607208635,-0.012912997735772527,-0.006642253749765359,0.004008841732979601,0.0002655088166418717,0.0034898320070733202,0.004517263483642737
ha_binary_hausa_movie_review,1.75,0.25,0.4375,0.75080190907594,0.002120073470048025,0.852370468611848,-0.016101246064505585,0.0014892728160603174,-0.019118720461191327,-0.013274104279853033,0.0061874447391688505,0.000439322563066325,0.00530857648099026,0.007013262599469444
ha_binary_hausa_movie_review,1.75,0.5,0.875,0.747624965046274,0.002403311776736043,0.8542219274977895,-0.019278190094171553,0.0018776070311366851,-0.022942906666650345,-0.015627028108992476,0.00803890362511047,0.0006421522488567748,0.006782493368700229,0.009294451812555215
ha_binary_hausa_movie_review,1.75,0.75,1.3125,0.7459410948178282,0.0024912636405747136,0.8551679929266136,-0.020962060322617236,0.0019628125280204464,-0.02477644198096222,-0.017196875377313008,0.008984969053934526,0.0007660098079575755,0.0074924403183023736,0.010427055702917729
ha_binary_hausa_movie_review,1.75,1.0,1.75,0.7425788600805733,0.002448592378949806,0.8555119363395227,-0.02432429505987212,0.0020222915351241445,-0.028305871647023147,-0.020429237378289517,0.009328912466843493,0.0008518295108652774,0.007634681697612731,0.010961980548187433
ha_binary_hausa_movie_review,2.0,0.0,0.0,0.7669031551404456,0.0018197393618512325,0.8461830238726791,0.0,0.0,0.0,0.0,0.0,0.0,0.0,0.0
ha_binary_hausa_movie_review,2.0,0.0625,0.125,0.7618626069214658,0.0022133688418518923,0.8488611847922192,-0.005040548218979657,0.0013044039963235239,-0.007565924996868073,-0.0025734950291761366,0.0026781609195401903,0.00017331292599739507,0.002338638373121129,0.0030194518125552143
ha_binary_hausa_movie_review,2.0,0.125,0.25,0.7562288794094278,0.0022614063383650613,0.8507117595048629,-0.010674275731017585,0.0014705756623605306,-0.013540874701942093,-0.007788384032574574,0.0045287356321838616,0.00030391559284523686,0.003931918656056545,0.005110543766578214
ha_binary_hausa_movie_review,2.0,0.25,0.5,0.7503772768458065,0.0021983539700652223,0.8529964633068081,-0.016525878294638953,0.001503578452440049,-0.019506640460033045,-0.013566145227057515,0.006813439434129044,0.000459167038025997,0.005904509283819612,0.007660499557913306
ha_binary_hausa_movie_review,2.0,0.5,1.0,0.7466280785736064,0.0024442854791797207,0.8549363395225466,-0.020275076566838864,0.0019275109219522993,-0.02404225390259251,-0.016582961229407646,0.00875331564986732,0.0006931096484480381,0.007358045977011437,0.010076038903625047
ha_binary_hausa_movie_review,2.0,0.75,1.5,0.7446285530967836,0.0024520011932773634,0.8557577365163571,-0.022274602043661877,0.0018566507619042806,-0.025991572253042362,-0.018607630826745616,0.00957471264367812,0.0008076437015377615,0.007999071618037056,0.011108753315649813
ha_binary_hausa_movie_review,2.0,1.0,2.0,0.7420996507086993,0.0024024423928917984,0.8563359858532273,-0.024803504431746063,0.0018207686028256698,-0.028393269122734648,-0.021329010011361192,0.010152961980548143,0.0008969383042305481,0.008404045092838137,0.0118638594164456
ha_binary_hausa_movie_review,2.5,0.0,0.0,0.7669031551404456,0.0018197393618512325,0.8461830238726791,0.0,0.0,0.0,0.0,0.0,0.0,0.0,0.0
ha_binary_hausa_movie_review,2.5,0.0625,0.15625,0.7605688359070811,0.0022604674876835914,0.8493156498673742,-0.00633431923336427,0.0014674932879206414,-0.009137345006851823,-0.003505997200080773,0.0031326259946949176,0.00019861296416989947,0.002745358090185638,0.00351105216622454
ha_binary_hausa_movie_review,2.5,0.125,0.3125,0.7544862651711086,0.002267623196876871,0.8513863837312114,-0.012416889969336651,0.0014848996510943248,-0.015258377475020382,-0.009513216602495305,0.005203359858532219,0.00033007478322315113,0.00453138815207776,0.005824933687002605
ha_binary_hausa_movie_review,2.5,0.25,0.625,0.7505143805801983,0.0022499881528053995,0.8536976127320954,-0.01638877456024719,0.0016585768706162463,-0.019666442005637427,-0.01317687779042959,0.007514588859416404,0.0004939910158189766,0.006535786914235126,0.008446529619805417
ha_binary_hausa_movie_review,2.5,0.5,1.25,0.7473224043714021,0.002276888365195179,0.8552944297082229,-0.019580750769043254,0.0018364804110358663,-0.023140796824275472,-0.016074273980437866,0.00911140583554373,0.0006968529918946209,0.007734748010610055,0.010439478337754167
ha_binary_hausa_movie_review,2.5,0.75,1.875,0.7437116944183378,0.002488627612581434,0.8560946065428824,-0.02319146072210771,0.0018694622805119155,-0.026861923441930936,-0.019598782676052653,0.009911582670203322,0.0008248189823124462,0.008276679929266093,0.011473054818744416
ha_binary_hausa_movie_review,2.5,1.0,2.5,0.7399293189880873,0.002433564062769738,0.8562572944297082,-0.026973836152358138,0.0021001403599786826,-0.031016954592221164,-0.022888525459008907,0.01007427055702912,0.0009158350956330682,0.008278492484526945,0.011793987621573777
ha_binary_hausa_movie_review,3.0,0.0,0.0,0.7669031551404456,0.0018197393618512325,0.8461830238726791,0.0,0.0,0.0,0.0,0.0,0.0,0.0,0.0
ha_binary_hausa_movie_review,3.0,0.0625,0.1875,0.7598797451982614,0.00232397812068197,0.8499204244031832,-0.007023409942184086,0.0015107633661113967,-0.009895033262392853,-0.0041110916112126784,0.003737400530503938,0.0002286959475559838,0.0032758620689654944,0.004159151193633916
ha_binary_hausa_movie_review,3.0,0.125,0.375,0.7524683396771801,0.002178809487722474,0.8521856763925729,-0.014434815463265558,0.0014496876204253474,-0.017209396659049126,-0.011574596509755695,0.006002652519893848,0.0003849803296251335,0.005231587091069789,0.006740053050397831
ha_binary_hausa_movie_review,3.0,0.25,0.75,0.7496789890812456,0.001999335469172465,0.8545030946065427,-0.017224166059199877,0.0014863876930500534,-0.020183957648079467,-0.014391209585791995,0.008320070733863792,0.000557970698227924,0.007213085764809866,0.009357206012378367
ha_binary_hausa_movie_review,3.0,0.5,1.5,0.745653333009673,0.0023880755230528605,0.8562396109637489,-0.021249822130772488,0.0019118725162658788,-0.0249971890893767,-0.017683517240363662,0.010056587091069819,0.0007707301418311984,0.008545468611847887,0.01152347480106098
ha_binary_hausa_movie_review,3.0,0.75,2.25,0.7434691502861406,0.0024605210085498572,0.8570468611847923,-0.0234340048543049,0.0019644225491109216,-0.027213235973417748,-0.019671696739900112,0.010863837312113147,0.0008988335220515417,0.00908930150309459,0.012530526083112293
ha_binary_hausa_movie_review,3.0,1.0,3.0,0.7408943776025011,0.0025376235632635345,0.8575870910698496,-0.026008777537944408,0.0020057049102882732,-0.029962350280562135,-0.022057559802241142,0.0114040671971706,0.0009964775164346827,0.00943764367816088,0.013281211317418181
ha_binary_hausa_movie_review,3.5,0.0,0.0,0.7669031551404456,0.0018197393618512325,0.8461830238726791,0.0,0.0,0.0,0.0,0.0,0.0,0.0,0.0
ha_binary_hausa_movie_review,3.5,0.0625,0.21875,0.7582960431170076,0.002231927300219742,0.8502961980548187,-0.008607112023437865,0.0015248248724861033,-0.011515763146488105,-0.005632702329190276,0.004113174182139682,0.00024481745633154973,0.003625994694960214,0.004557051282051262
ha_binary_hausa_movie_review,3.5,0.125,0.4375,0.7519260919761463,0.002125052730092028,0.85268700265252,-0.014977063164299167,0.0015062672454085385,-0.01793150404601624,-0.012001990273828938,0.006503978779840817,0.00040659935126457597,0.00566660035366926,0.007265274093722351
ha_binary_hausa_movie_review,3.5,0.25,0.875,0.7494039815342309,0.0022607338631341835,0.8548452696728558,-0.017499173606214672,0.0018781759888055177,-0.0211428363804423,-0.013950176045159492,0.008662245800176776,0.0005724810967574947,0.007505747126436719,0.009758687002652464
ha_binary_hausa_movie_review,3.5,0.5,1.75,0.745267180454694,0.0023567134618403445,0.8565092838196289,-0.021635974685751406,0.0018264938165861704,-0.025156971703430696,-0.018076479211041673,0.010326259946949565,0.0007815792399775335,0.008778050397877948,0.011899204244031793
ha_binary_hausa_movie_review,3.5,0.75,2.625,0.742215939417681,0.0024440197350929565,0.8572723253757737,-0.024687215722764267,0.0019635756421936957,-0.02845373205007925,-0.020807936012934493,0.011089301503094583,0.0009092330624157326,0.009279177718832885,0.01283291335101677
ha_binary_hausa_movie_review,3.5,1.0,3.5,0.7406296804377382,0.0026033971478947636,0.8576560565870911,-0.026273474702707272,0.00215382281313445,-0.030396096339805553,-0.022013079869562708,0.011473032714411968,0.0009880234352837767,0.009523408488063583,0.013367838196286423
ha_binary_hausa_movie_review,4.0,0.0,0.0,0.7669031551404456,0.0018197393618512325,0.8461830238726791,0.0,0.0,0.0,0.0,0.0,0.0,0.0,0.0
ha_binary_hausa_movie_review,4.0,0.0625,0.25,0.7579047898044341,0.002197621288401298,0.8507577365163573,-0.00899836533601134,0.0014224206435975697,-0.011732012004488373,-0.00625978285442771,0.004574712643678142,0.00028515757522052705,0.004010543766578231,0.005125552608311197
ha_binary_hausa_movie_review,4.0,0.125,0.5,0.7507629793474488,0.002270147569256962,0.8532042440318303,-0.01614017579299656,0.0016135719840492443,-0.019237242518396678,-0.012970389898573057,0.007021220159151148,0.000456765088167121,0.006110499557913307,0.007891246684350093
ha_binary_hausa_movie_review,4.0,0.25,1.0,0.7480405592201717,0.002386395474230067,0.8553492484526967,-0.018862595920273773,0.0019548797846452005,-0.022654802197760195,-0.015189429497253257,0.009166224580017647,0.000647314497120131,0.007881498673740018,0.010426193633952242
ha_binary_hausa_movie_review,4.0,0.5,2.0,0.7435307616389953,0.002513010786024654,0.8571741821396993,-0.023372393501450213,0.0020401115578088653,-0.027337263195795863,-0.01933322700981254,0.010991158267020297,0.0008494554232578803,0.009274071618037094,0.01264106984969049
ha_binary_hausa_movie_review,4.0,0.75,3.0,0.7419656505488027,0.0024432552665609557,0.8580521662245799,-0.024937504591642776,0.0020945975801447067,-0.02897174547996998,-0.020816355337752803,0.011869142351900954,0.0010020483134696356,0.009885919540229856,0.013766578249336844
ha_binary_hausa_movie_review,4.0,1.0,4.0,0.7396233458889051,0.0026664350092818335,0.8584297082228117,-0.027279809251540336,0.002267322478996914,-0.03158140458962263,-0.022751302848746147,0.012246684350132596,0.0010938329932327362,0.01011052166224579,0.014379354553492447
ko_binary_nsmc,0.5,0.0,0.0,0.856916976523637,0.0004727162747671011,0.9329258821921491,0.0,0.0,0.0,0.0,0.0,0.0,0.0,0.0
ko_binary_nsmc,0.5,0.0625,0.03125,0.8568960990056516,0.00046479697033827995,0.9329133954622357,-2.0877517985221596e-05,4.402830017995903e-05,-0.00010525098682317042,6.370589653923782e-05,-1.2486729913519846e-05,9.811611252253247e-06,-3.133824389142209e-05,6.642735577659224e-06
ko_binary_nsmc,0.5,0.125,0.0625,0.8568438719061162,0.0004586722895264514,0.9328935846926896,-7.310461752098676e-05,4.7494778224272015e-05,-0.00016652144179702533,1.8089710320874625e-05,-3.229749945921197e-05,1.8002033923170576e-05,-6.735267662707064e-05,2.6488988832597605e-06
ko_binary_nsmc,0.5,0.25,0.125,0.856736577396941,0.00043659821199817537,0.9328442103950769,-0.00018039912669606838,8.692179179328956e-05,-0.00035293254334150604,-1.060105996174075e-05,-8.167179707222306e-05,3.0907554209900026e-05,-0.000141178486803737,-2.2426466115926294e-05
ko_binary_nsmc,0.5,0.5,0.25,0.8565506275237172,0.00041351864330882665,0.9327216590077836,-0.00036634899991966715,0.000128189466719237,-0.0006031933142973028,-0.00011212953045443723,-0.00020422318436528927,5.389864086971286e-05,-0.0003121767504591296,-0.00010254100820285617
ko_binary_nsmc,0.5,0.75,0.375,0.8561897913604177,0.0003978107378662741,0.9325741314667639,-0.0007271851632192072,0.00016854398463315428,-0.0010587970296354683,-0.0003930952479054612,-0.0003517507253850617,7.281992248605428e-05,-0.0004963762251402534,-0.00021334997742383902
ko_binary_nsmc,0.5,1.0,0.5,0.8559016418176891,0.0003884348399483341,0.9324324867290715,-0.0010153347059476774,0.00020498400193122454,-0.0014092897657565428,-0.0006100500018677202,-0.0004933954630773047,8.883565966779741e-05,-0.0006679754641304315,-0.0003247547572688618
ko_binary_nsmc,0.75,0.0,0.0,0.856916976523637,0.0004727162747671011,0.9329258821921491,0.0,0.0,0.0,0.0,0.0,0.0,0.0,0.0
ko_binary_nsmc,0.75,0.0625,0.046875,0.8568927544678864,0.0004625974328235719,0.932921661693265,-2.4222055750469443e-05,4.483123671164828e-05,-0.00011052287930978266,6.102563169891513e-05,-4.22049888411268e-06,1.2469756023498447e-05,-2.79768885299452e-05,1.9778880508749167e-05
ko_binary_nsmc,0.75,0.125,0.09375,0.8568373871186169,0.00045391688775479297,0.9329100908892274,-7.958940501988704e-05,6.40648187510582e-05,-0.00020435418414913167,4.080934906671958e-05,-1.5791302921779317e-05,2.515917569882941e-05,-6.418112333166861e-05,3.309952389113108e-05
ko_binary_nsmc,0.75,0.25,0.1875,0.8566972004870075,0.00043598751270117284,0.932867574418241,-0.00021977603662911668,9.354991156053725e-05,-0.00039607300866816426,-4.269896579173727e-05,-5.830777390821111e-05,4.4225325131540666e-05,-0.00014359292802514068,2.9004312386163797e-05
ko_binary_nsmc,0.75,0.5,0.375,0.8564348715884512,0.000412432630391234,0.9327119380709515,-0.00048210493518571643,0.00014634066656095006,-0.0007665212873333597,-0.000192109926846309,-0.00021394412119749454,6.656037904171306e-05,-0.0003441327434197721,-8.517152627216344e-05
ko_binary_nsmc,0.75,0.75,0.5625,0.8561268135403369,0.00039982586420974394,0.9325805234171226,-0.0007901629832999993,0.00017022293238019357,-0.0011168616101373142,-0.00046085297133861207,-0.0003453587750265377,8.81125074987037e-05,-0.0005228539543141655,-0.00017231073155743955
ko_binary_nsmc,0.75,1.0,0.75,0.8559427878157428,0.00039139281060784827,0.9324424826120353,-0.0009741887078940501,0.0002068267382817133,-0.0013656079208557072,-0.0005700456104228004,-0.00048339958011360084,0.00010654617122197931,-0.0006926421687642562,-0.0002796148700060444
ko_binary_nsmc,1.0,0.0,0.0,0.856916976523637,0.0004727162747671011,0.9329258821921491,0.0,0.0,0.0,0.0,0.0,0.0,0.0,0.0
ko_binary_nsmc,1.0,0.0625,0.0625,0.8568854472372567,0.00046620232174926084,0.9329194764355548,-3.152928638025485e-05,4.227764722422909e-05,-0.00011644528682776616,4.854846159021887e-05,-6.405756594099965e-06,1.6522089497935398e-05,-3.775010385187904e-05,2.613485888872604e-05
ko_binary_nsmc,1.0,0.125,0.125,0.8568225525127545,0.00045542523009336106,0.9328963605878948,-9.442401088244134e-05,6.274429495536587e-05,-0.00021865311852742585,2.3540559456049136e-05,-2.9521604254256177e-05,2.932017067667296e-05,-8.55310945259293e-05,2.7471702373280757e-05
ko_binary_nsmc,1.0,0.25,0.25,0.8566906811413436,0.0004275783104117982,0.9328257873205804,-0.00022629538229338133,0.00010724946017826204,-0.00043419373637503065,-1.1455248365791967e-05,-0.00010009487156851581,5.1183754622307887e-05,-0.00019714032872558684,2.3488489745732806e-06
ko_binary_nsmc,1.0,0.5,0.5,0.8562984269706867,0.00042133614632177996,0.9326706358752255,-0.0006185495529503331,0.00016419689534788882,-0.0009301805521628992,-0.00030052492756454713,-0.00025524631692353276,8.090406903645885e-05,-0.00040920817829199856,-9.65291839196849e-05
ko_binary_nsmc,1.0,0.75,0.75,0.8559938940355883,0.0004077693686759775,0.9325154221334415,-0.0009230824880485204,0.00020311524948351617,-0.001306509700366853,-0.0005403608002283257,-0.0004104600587076276,0.00010495970188009018,-0.0006112875783740542,-0.0002074086659636133
ko_binary_nsmc,1.0,1.0,1.0,0.8557137871321392,0.00039089939342058897,0.9323675090280363,-0.001203189391497672,0.0002417708483734909,-0.0016702415345127145,-0.000731367716454974,-0.0005583731641126354,0.00012342055688352324,-0.0007955166228128754,-0.0003141261067454985
ko_binary_nsmc,1.25,0.0,0.0,0.856916976523637,0.0004727162747671011,0.9329258821921491,0.0,0.0,0.0,0.0,0.0,0.0,0.0,0.0
ko_binary_nsmc,1.25,0.0625,0.078125,0.8568304191752412,0.0004598387336820533,0.9329073668515904,-8.655734839561647e-05,4.791780247523329e-05,-0.0001806566895668344,5.704306132387807e-06,-1.8515340558777516e-05,2.0174994611677985e-05,-5.668270841806102e-05,2.1652731839419407e-05
ko_binary_nsmc,1.25,0.125,0.15625,0.8567536078219403,0.00044371136107893277,0.9328728484002506,-0.00016336870169658205,7.294587668586846e-05,-0.0003049889202186388,-2.234518927646539e-05,-5.303379189815355e-05,3.444766722163877e-05,-0.00011948173075135732,1.453697274128168e-05
ko_binary_nsmc,1.25,0.25,0.3125,0.8565867080202413,0.00043363043996211314,0.9327628470495128,-0.0003302685033956054,0.00012179189560696126,-0.0005662544334932343,-8.723488559664797e-05,-0.0001630351426362779,5.840484218653498e-05,-0.0002748187142344846,-4.712062327070014e-05
ko_binary_nsmc,1.25,0.5,0.625,0.8562247892193691,0.00040053693043935095,0.9325612515958724,-0.0006921873042678419,0.00019101906970222802,-0.0010581520942884103,-0.0003184400110245768,-0.00036463059627653884,9.365727660888781e-05,-0.000546384367872842,-0.00018497796958339937
ko_binary_nsmc,1.25,0.75,0.9375,0.8558955731374596,0.0003889511018025834,0.9323753056786858,-0.0010214033861773572,0.00022781275797969307,-0.001463940827563324,-0.0005796403326663798,-0.0005505765134632872,0.00012033210454949291,-0.0007819981082931383,-0.00032230834282613867
ko_binary_nsmc,1.25,1.0,1.25,0.8555221389349316,0.0003783356980006607,0.9321976025892753,-0.0013948375887052682,0.000258546171103024,-0.0019032026327312978,-0.0009009141893961912,-0.0007282796028736919,0.00014165303383424494,-0.0010057667972744415,-0.00045582594731293023
ko_binary_nsmc,1.5,0.0,0.0,0.856916976523637,0.0004727162747671011,0.9329258821921491,0.0,0.0,0.0,0.0,0.0,0.0,0.0,0.0
ko_binary_nsmc,1.5,0.0625,0.09375,0.856812277217722,0.0004518951266213935,0.9328931135969911,-0.00010469930591496176,5.1876729801329364e-05,-0.00020939771245041022,-7.044009898289406e-06,-3.2768595157836156e-05,2.0919432365124972e-05,-7.225830153582766e-05,8.21723993902522e-06
ko_binary_nsmc,1.5,0.125,0.1875,0.8567092422902632,0.0004322286599700989,0.9328372178734683,-0.00020773423337357388,9.023221701099737e-05,-0.0003829711061794434,-3.220924563578945e-05,-8.866431868055492e-05,3.64991913986465e-05,-0.00015962360497562535,-1.686480508937653e-05
ko_binary_nsmc,1.5,0.25,0.375,0.8563718328247905,0.00041554848070697484,0.9326949173395839,-0.0005451436988465969,0.00014456185638040293,-0.0008218879715327043,-0.00025286887853375264,-0.000230964852565151,5.97981385937909e-05,-0.00034690992664549683,-0.00011135949707587585
ko_binary_nsmc,1.5,0.5,0.75,0.8559005304236404,0.0003851311094895645,0.9324429952948096,-0.0010164460999963509,0.00020658010452745203,-0.0014196175139654021,-0.0006174919825259049,-0.0004828868973393371,9.403314782300077e-05,-0.0006704173705005048,-0.00030557798016535493
ko_binary_nsmc,1.5,0.75,1.125,0.8555635124813301,0.00037354591732151603,0.9322226469323366,-0.001353464042306866,0.0002558965587825747,-0.001854078860982111,-0.0008522436041429349,-0.0007032352598124638,0.00011959305576533756,-0.0009358118178093263,-0.0004780452651745879
ko_binary_nsmc,1.5,1.0,1.5,0.8552885739990771,0.00037771645563125137,0.9320241423917898,-0.0016284025245597745,0.00027886611889700586,-0.0021640946789469716,-0.0010920634276536491,-0.0009017398003592586,0.00013517011637221904,-0.0011641696111199308,-0.0006441142607427229
ko_binary_nsmc,1.75,0.0,0.0,0.856916976523637,0.0004727162747671011,0.9329258821921491,0.0,0.0,0.0,0.0,0.0,0.0,0.0,0.0
ko_binary_nsmc,1.75,0.0625,0.109375,0.8567805351939478,0.00044805739011695715,0.9329057377157862,-0.00013644132968900185,6.29632763003459e-05,-0.00026100095097448856,-1.6207527062507986e-05,-2.0144476362917745e-05,2.5976627434416038e-05,-6.958829763260683e-05,3.2566582149783585e-05
ko_binary_nsmc,1.75,0.125,0.21875,0.8565937814576521,0.00043112462786947355,0.9328463321777768,-0.00032319506598481963,9.379979582519062e-05,-0.000501164765238742,-0.00014420854964272394,-7.955001437232677e-05,4.282103031239103e-05,-0.00016272463282038816,4.406992504801789e-06
ko_binary_nsmc,1.75,0.25,0.4375,0.8563469270912819,0.00041616523092025793,0.9327056850247929,-0.0005700494323549178,0.0001375528829833386,-0.0008346075415872625,-0.00030040678702692196,-0.00022019716735609412,6.690382545335315e-05,-0.00035025279933001066,-9.223822272327062e-05
ko_binary_nsmc,1.75,0.5,0.875,0.8558685520059831,0.0003718138639687555,0.9324613934507346,-0.0010484245176538539,0.00020700072317076686,-0.0014555615681148802,-0.0006556731526010312,-0.00046448874141466945,0.00010555082305003511,-0.0006676680438806999,-0.00026212470979013365
ko_binary_nsmc,1.75,0.75,1.3125,0.8555120293422505,0.00037273380917133333,0.9322546411997181,-0.001404947181386347,0.00025287408009524954,-0.0019041599893465135,-0.0009173501478632727,-0.0006712409924309144,0.00013300057768032424,-0.000934781295968569,-0.00041872948453363837
ko_binary_nsmc,1.75,1.0,1.75,0.855139819425685,0.0003604326143137109,0.9320617674145143,-0.0017771570979520568,0.00029422674476178433,-0.0023430612977494115,-0.001223250141810271,-0.000864114777634728,0.00015317707461447007,-0.0011640582267884838,-0.0005700462479428365
ko_binary_nsmc,2.0,0.0,0.0,0.856916976523637,0.0004727162747671011,0.9329258821921491,0.0,0.0,0.0,0.0,0.0,0.0,0.0,0.0
ko_binary_nsmc,2.0,0.0625,0.125,0.8567922911568576,0.0004540398100714814,0.9329045242823694,-0.00012468536677930314,6.117459030674457e-05,-0.00024903428360242396,-5.9037462555828346e-06,-2.135790977971314e-05,2.8722276952375784e-05,-7.698350672578285e-05,3.513321607292255e-05
ko_binary_nsmc,2.0,0.125,0.25,0.8566041712575189,0.000433218267275098,0.9328258216678009,-0.000312805266118079,0.00010091785105587559,-0.0005074200202649522,-0.00011444714607672756,-0.00010006052434817545,4.655382546397581e-05,-0.0001897996626816397,-8.576879749497058e-06
ko_binary_nsmc,2.0,0.25,0.5,0.8563368636625708,0.00041588284281173513,0.9326752180301355,-0.0005801128610662245,0.000140173583626743,-0.0008470746973116746,-0.00029418613237593014,-0.0002506641620134344,7.546503962761259e-05,-0.00039644625390309967,-0.00010199826740158276
ko_binary_nsmc,2.0,0.5,1.0,0.8558341850130345,0.00038585801090733704,0.9324211999630768,-0.0010827915106022478,0.0001960533022761141,-0.0014689854879618269,-0.0007039786193096989,-0.0005046822290722602,0.0001109502295614631,-0.0007137247830473787,-0.0002895919293460531
ko_binary_nsmc,2.0,0.75,1.5,0.8554466222298952,0.0003757013846795829,0.9321911448067446,-0.001470354293741709,0.0002541521454011537,-0.001973721936927065,-0.0009743810590680548,-0.0007347373854045239,0.0001360606763943748,-0.0010026639089552349,-0.0004731327076835222
ko_binary_nsmc,2.0,1.0,2.0,0.8551385723603058,0.00037135296723684414,0.9320098147182132,-0.001778404163331197,0.00030800416763794033,-0.0023796600344776395,-0.0011704802343937843,-0.0009160674739357398,0.0001546926465882118,-0.0012201503776867785,-0.000618840658404231
ko_binary_nsmc,2.5,0.0,0.0,0.856916976523637,0.0004727162747671011,0.9329258821921491,0.0,0.0,0.0,0.0,0.0,0.0,0.0,0.0
ko_binary_nsmc,2.5,0.0625,0.15625,0.8567058409557825,0.00044120683142844576,0.9328779376817673,-0.0002111355678546096,7.546706606895487e-05,-0.0003602789466255099,-6.688409377954696e-05,-4.79445103818121e-05,3.174436993775892e-05,-0.00010718999707916376,1.5001228460360953e-05
ko_binary_nsmc,2.5,0.125,0.3125,0.8565600853847155,0.00042943155336963015,0.9327990333614635,-0.0003568911389214567,0.0001158132887248305,-0.0005796221549725138,-0.0001264059775440867,-0.00012684883068546436,5.046828662288908e-05,-0.00022450368161371334,-2.5918446145161466e-05
ko_binary_nsmc,2.5,0.25,0.625,0.8561969762390117,0.0004004972111020341,0.932611550574535,-0.0007200002846251364,0.00016516326994153103,-0.0010330349799438673,-0.0003972710057542722,-0.00031433161761388955,7.870580718776387e-05,-0.0004596032281504226,-0.00015561746894579142
ko_binary_nsmc,2.5,0.5,1.25,0.8556128433426448,0.00037415139472067393,0.9323031707914269,-0.0013041331809920704,0.00022302161362818413,-0.0017315982139912282,-0.0008594108687130458,-0.0006227114007221117,0.00011305082446432141,-0.0008390268817930271,-0.00039865410248712433
ko_binary_nsmc,2.5,0.75,1.875,0.8551385438357306,0.00037250175187568554,0.9320410649641893,-0.0017784326879063258,0.0002776091267680876,-0.00231676930828723,-0.0012342353277993206,-0.0008848172279595195,0.0001346205153153958,-0.0011424578912969236,-0.0006227203200553781
ko_binary_nsmc,2.5,1.0,2.5,0.8549101688572297,0.00035363663067533737,0.9318683078745087,-0.0020068076664071623,0.000323788241871577,-0.0026395193282212712,-0.0013590509992684294,-0.0010575743176404404,0.00015133003102558475,-0.0013469347231497776,-0.0007575209405447025
ko_binary_nsmc,3.0,0.0,0.0,0.856916976523637,0.0004727162747671011,0.9329258821921491,0.0,0.0,0.0,0.0,0.0,0.0,0.0,0.0
ko_binary_nsmc,3.0,0.0625,0.1875,0.85670008520227,0.00044197088617807723,0.9328559288584881,-0.00021689132136686718,8.173571286366696e-05,-0.0003761301981144644,-5.663056887679455e-05,-6.995333366078948e-05,3.7207974290298305e-05,-0.00014104212497159492,2.929813686141868e-06
ko_binary_nsmc,3.0,0.125,0.375,0.8564443693072701,0.0004314277398896329,0.9327513471287093,-0.0004726072163668286,0.0001246923784699488,-0.0007123942725367484,-0.00022907009518444797,-0.00017453506343982573,5.769063118381362e-05,-0.0002843964787195599,-6.133829313925385e-05
ko_binary_nsmc,3.0,0.25,0.75,0.8560910586585959,0.00039262684863640424,0.9325435762468937,-0.0008259178650410913,0.00017910664985463004,-0.0011600725785582654,-0.00048325719467626254,-0.0003823059452554686,8.908103395565659e-05,-0.0005536951863506978,-0.000204398515139324
ko_binary_nsmc,3.0,0.5,1.5,0.8554760929231223,0.00037143559415513464,0.9322280012262294,-0.0014408836005146992,0.00024012036858818672,-0.0018941664949658095,-0.0009768780473094298,-0.0006978809659195658,0.0001259291326353436,-0.000940606609794168,-0.00045427828513588237
ko_binary_nsmc,3.0,0.75,2.25,0.8550424447073982,0.00036381977257736155,0.9319613083613888,-0.0018745318162386162,0.0002938408547162518,-0.00243993756983113,-0.0013005687666068826,-0.0009645738307601759,0.00014494591991634612,-0.00124684350939184,-0.0006825000701887001
ko_binary_nsmc,3.0,1.0,3.0,0.854695321725278,0.0003601044389213713,0.9317628736938639,-0.0022216547983589636,0.0003355116446874547,-0.0028654025940748644,-0.0015624167074949446,-0.0011630084982851942,0.00016193214488578595,-0.0014769492605266243,-0.0008329579720929251
ko_binary_nsmc,3.5,0.0,0.0,0.856916976523637,0.0004727162747671011,0.9329258821921491,0.0,0.0,0.0,0.0,0.0,0.0,0.0,0.0
ko_binary_nsmc,3.5,0.0625,0.21875,0.8566372973899936,0.0004316125412723134,0.9328436872734415,-0.0002796791336433017,8.918984910242206e-05,-0.00045335055741548556,-0.00010790856770212368,-8.219491870754956e-05,3.9942033587654676e-05,-0.0001584803055521632,-4.1902388146112254e-06
ko_binary_nsmc,3.5,0.125,0.4375,0.8563875819942106,0.0004103809513324006,0.9327133718990324,-0.000529394529426323,0.00013910154772131297,-0.0007860507017690779,-0.00025410830356126327,-0.0002125102931168747,6.078096344684566e-05,-0.00032706281891928024,-8.96138383267104e-05
ko_binary_nsmc,3.5,0.25,0.875,0.855973107441113,0.0003783385230464245,0.9324830495415298,-0.0009438690825239253,0.0001917097224679171,-0.0013126327756271476,-0.0005673601938350849,-0.0004428326506191477,8.998860858948907e-05,-0.0006179078998648298,-0.00026499513140776425
ko_binary_nsmc,3.5,0.5,1.75,0.855325084115771,0.0003585847870930343,0.9321185527983913,-0.0015918924078658179,0.00025818197932537,-0.002081717826686289,-0.0010925044440690055,-0.0008073293937576369,0.00012448516485037982,-0.0010508013614799968,-0.0005591852654128585
ko_binary_nsmc,3.5,0.75,2.625,0.8548480652421724,0.00035020104854383645,0.9318433207768144,-0.002068911281464467,0.00031255866650789586,-0.00268275465742735,-0.001470627330850786,-0.0010825614153344018,0.00014275563094479196,-0.001356722182466068,-0.0008042072272191199
ko_binary_nsmc,3.5,1.0,3.5,0.8545269701676753,0.0003539274033871831,0.9316290663520528,-0.002390006355961619,0.0003458747356779611,-0.0030628366675586184,-0.0017098330951849042,-0.0012968158400961168,0.0001569003629814532,-0.001597692759147074,-0.000996218021674974
ko_binary_nsmc,4.0,0.0,0.0,0.856916976523637,0.0004727162747671011,0.9329258821921491,0.0,0.0,0.0,0.0,0.0,0.0,0.0,0.0
ko_binary_nsmc,4.0,0.0625,0.25,0.8565837542781192,0.0004320225476071873,0.9328200639624376,-0.00033322224551787376,9.943309011909815e-05,-0.000517593874576067,-0.0001368038983966424,-0.00010581822971140784,4.4155362722126694e-05,-0.00018885901185823956,-1.71906027857001e-05
ko_binary_nsmc,4.0,0.125,0.5,0.8562951105748915,0.00041873380816981163,0.9326795540299666,-0.0006218659487454397,0.00013817376789848284,-0.0008876999857729892,-0.00035806330617037496,-0.00024632816218251127,6.710206652419095e-05,-0.00037246566025099346,-0.00011442990706760603
ko_binary_nsmc,4.0,0.25,1.0,0.8559116247470672,0.00037797215026363776,0.9324320158017418,-0.001005351776569625,0.00020795778090805327,-0.0014024884698952424,-0.0005999353773736304,-0.00049386639040722,9.982606984081834e-05,-0.0006842835916971938,-0.0002991219949707161
ko_binary_nsmc,4.0,0.5,2.0,0.8551872462146748,0.00037172710921436945,0.93206229710253,-0.0017297303089618599,0.0002725589768062732,-0.002254038235650263,-0.0012162861116070413,-0.0008635850896190488,0.00013191230790758157,-0.001118216561833918,-0.0006063890838808972
ko_binary_nsmc,4.0,0.75,3.0,0.8546964146185674,0.00036522769065826645,0.931755601343431,-0.00222056190506942,0.00032179472032994237,-0.0028233578819672716,-0.001599487959161965,-0.0011702808487180519,0.00015131362892563296,-0.0014641271611545816,-0.0008767341147577985
ko_binary_nsmc,4.0,1.0,4.0,0.8544131482804735,0.0003516810506549424,0.9315682423075168,-0.0025038282431633805,0.0003636456590274718,-0.0032077275965729703,-0.0018128140137474882,-0.0013576398846320368,0.0001677827316398907,-0.0016911003068898552,-0.001029824491175995
ml_binary_dravidian_codemix,0.5,0.0,0.0,0.5009077622892143,0.00480456527943927,0.8459339943910257,0.0,0.0,0.0,0.0,0.0,0.0,0.0,0.0
ml_binary_dravidian_codemix,0.5,0.0625,0.03125,0.5139940135020886,0.004686609458590552,0.8474304887820514,0.013086251212874305,0.001325666315009645,0.010600840312528208,0.015751422265406014,0.0014964943910256018,0.00018360144889788694,0.001138616786858947,0.0018508638822115062
ml_binary_dravidian_codemix,0.5,0.125,0.0625,0.5274433719487693,0.004296102252182336,0.8484381009615385,0.026535609659555003,0.001584171071780931,0.023609420641963988,0.029751470219248125,0.002504106570512752,0.00031654009352784533,0.0018944285857371115,0.0031167868589742774
ml_binary_dravidian_codemix,0.5,0.25,0.125,0.549676134251527,0.003827423454210051,0.8494384014423078,0.04876837196231265,0.0021944875199399576,0.04458437834012905,0.05311604557806081,0.003504407051282018,0.0004908454815260015,0.0025830103165063877,0.004466251001602521
ml_binary_dravidian_codemix,0.5,0.5,0.25,0.5823300501385476,0.002938708832482542,0.849596654647436,0.08142228784933325,0.0031248102230606385,0.07542754067533952,0.08758904236835326,0.0036626602564102163,0.0007303655258494202,0.002244986979166621,0.005069656450320468
ml_binary_dravidian_codemix,0.5,0.75,0.375,0.6081027249540211,0.002477379270373952,0.8489680488782051,0.10719496266480676,0.003557605788297166,0.10038147137822401,0.11426235169922808,0.003034054487179455,0.0008744341988584461,0.0013961187900640877,0.004723965845352529
ml_binary_dravidian_codemix,0.5,1.0,0.5,0.6264333541182767,0.0022457745664400987,0.8481823918269229,0.12552559182906248,0.004048448412150318,0.1177224864673118,0.13355992956920462,0.002248397435897432,0.0009843936956881816,0.0003538486578525974,0.004158015324519236
ml_binary_dravidian_codemix,0.75,0.0,0.0,0.5009077622892143,0.00480456527943927,0.8459339943910257,0.0,0.0,0.0,0.0,0.0,0.0,0.0,0.0
ml_binary_dravidian_codemix,0.75,0.0625,0.046875,0.5200477183495876,0.00443246357984394,0.84808203125,0.019139956060373175,0.0014916410279020146,0.01639046886546482,0.022218057034847822,0.0021480368589743087,0.00023409319384770638,0.0016855894431089412,0.0026029672475960607
ml_binary_dravidian_codemix,0.75,0.125,0.09375,0.5377171488980372,0.004133847304949316,0.8491468349358975,0.036809386608822915,0.0019846189190832948,0.033061463404374214,0.04062430079098216,0.003212840544871741,0.0003911398285439138,0.002482860076121735,0.00398899739583328
ml_binary_dravidian_codemix,0.75,0.25,0.1875,0.5664931027682037,0.0032154989412926,0.8499391025641025,0.06558534047898949,0.002652330715742769,0.06063453698677579,0.07087045256819652,0.004005108173076862,0.0006037010618589549,0.0028518329326922497,0.005231159855769158
ml_binary_dravidian_codemix,0.75,0.5,0.375,0.6067585234459062,0.002499542441251637,0.849636919070513,0.10585076115669184,0.0034261302557175347,0.09922506052947581,0.11246909257329521,0.0037029246794871647,0.0008432569815810089,0.002112572616185898,0.0053627879607371495
ml_binary_dravidian_codemix,0.75,0.75,0.5625,0.6321803417385131,0.0021683543002160486,0.8485588942307691,0.13127257944929874,0.004303807909504155,0.12296088971714733,0.13993968100511445,0.0026248998397435763,0.0009862555278987734,0.000742851061698708,0.0045949343950320385
ml_binary_dravidian_codemix,0.75,1.0,0.75,0.6517167636963188,0.00194646568803929,0.8475071113782051,0.1508090014071046,0.004475237807532497,0.14219459032900894,0.1596530250176048,0.0015731169871794732,0.0010779039295835274,-0.0004859149639423018,0.003699792167467924
ml_binary_dravidian_codemix,1.0,0.0,0.0,0.5009077622892143,0.00480456527943927,0.8459339943910257,0.0,0.0,0.0,0.0,0.0,0.0,0.0,0.0
ml_binary_dravidian_codemix,1.0,0.0625,0.0625,0.5270607023256093,0.0042401850067048455,0.8484852764423078,0.026152940036394946,0.0016040669859099794,0.023074854673786883,0.029357878008865003,0.002551282051281995,0.00029203911671956746,0.0019921849959935473,0.003124231270032002
ml_binary_dravidian_codemix,1.0,0.125,0.125,0.5494768816210144,0.003916883739231365,0.8495609975961539,0.04856911933180018,0.002102234624672162,0.04453647718428898,0.052636018416109195,0.003627003205128163,0.00045444302643562145,0.0027489958934294265,0.00451872996794869
ml_binary_dravidian_codemix,1.0,0.25,0.25,0.5821840136068875,0.00301906393522603,0.8501458333333334,0.0812762513176733,0.003022439035393649,0.07543116848795639,0.08725430048297524,0.004211838942307638,0.0006719364467135803,0.002902942207532019,0.005523339843749951
ml_binary_dravidian_codemix,1.0,0.5,0.5,0.6267828986025247,0.002168448458183302,0.849267828525641,0.12587513631331027,0.004089547945505168,0.1180137158985311,0.13373590000497376,0.0033338341346153583,0.0009017549902357294,0.001650080128205129,0.005082346754807655
ml_binary_dravidian_codemix,1.0,0.75,0.75,0.6533444340690824,0.0019621176906922085,0.8479742588141025,0.15243667177986808,0.004614518576237489,0.14360494343170827,0.16168722813704953,0.0020402644230769003,0.0010319690427636433,3.184845753203765e-05,0.004112014222756401
ml_binary_dravidian_codemix,1.0,1.0,1.0,0.6721142024903395,0.0016095005628908813,0.8467444911858975,0.17120644020112516,0.00479440099805004,0.16193871168463095,0.18061746318019575,0.000810496794871782,0.001111458995940887,-0.0013226236979166435,0.0030321013621794415
ml_binary_dravidian_codemix,1.25,0.0,0.0,0.5009077622892143,0.00480456527943927,0.8459339943910257,0.0,0.0,0.0,0.0,0.0,0.0,0.0,0.0
ml_binary_dravidian_codemix,1.25,0.0625,0.078125,0.5328304990071225,0.0042012658633155415,0.8488571714743591,0.0319227367179082,0.0017465746463416378,0.028533696832001517,0.035353434255635315,0.002923177083333278,0.00034073111082985445,0.0022601487379807195,0.003580548878205095
ml_binary_dravidian_codemix,1.25,0.125,0.15625,0.5588958851177089,0.0035298808302704683,0.8499014423076922,0.05798812282849455,0.002438499408660011,0.05334992103269504,0.06280726688668678,0.0039674479166666235,0.0005371421980773805,0.0029342798477563652,0.005026457331730731
ml_binary_dravidian_codemix,1.25,0.25,0.3125,0.5959239517274051,0.0028918825040277463,0.8500551883012819,0.09501618943819079,0.003318915592502474,0.08862592598210141,0.10139974289389207,0.004121193910256383,0.0007630296487759585,0.0026562199519230808,0.005616907051282025
ml_binary_dravidian_codemix,1.25,0.5,0.625,0.6402639162966709,0.002059413384481203,0.8486717748397435,0.13935615400745657,0.0042293783666467796,0.1312073046716912,0.1477021410914365,0.0027377804487179196,0.0010004123766513577,0.0008395758213140868,0.004782572115384573
ml_binary_dravidian_codemix,1.25,0.75,0.9375,0.6678280800284022,0.0018204366270404937,0.8471316105769232,0.16692031773918806,0.004516121182548806,0.1583143974394438,0.17581924232361013,0.0011976161858974167,0.001130869502490336,-0.001013759515224361,0.0034439227764423044
ml_binary_dravidian_codemix,1.25,1.0,1.25,0.6844491660884435,0.0015254341546380142,0.845725861378205,0.18354140379922915,0.004632772998603339,0.17469493998903957,0.19270948123431425,-0.00020813301282052006,0.0012141492804907165,-0.0025193484575320403,0.0021677133413461574
ml_binary_dravidian_codemix,1.5,0.0,0.0,0.5009077622892143,0.00480456527943927,0.8459339943910257,0.0,0.0,0.0,0.0,0.0,0.0,0.0,0.0
ml_binary_dravidian_codemix,1.5,0.0625,0.09375,0.5376971529435549,0.004147018738827905,0.8491886017628205,0.03678939065434062,0.001891258332448508,0.03316831346109586,0.040543729714642186,0.003254607371794812,0.00039870875736884484,0.002497072816506351,0.004026615084134543
ml_binary_dravidian_codemix,1.5,0.125,0.1875,0.5679296306339605,0.0031259628106243094,0.8499949919871795,0.06702186834474616,0.0026712934536287066,0.061762604341487386,0.0721684811886166,0.0040609975961538,0.0005954776345348812,0.00294612129407048,0.005228776041666627
ml_binary_dravidian_codemix,1.5,0.25,0.375,0.607827968063327,0.0026450061028024862,0.8497986778846154,0.10692020577411254,0.0034802934911709925,0.10004346540380411,0.11360521977618657,0.0038646834935897184,0.000835124238332124,0.002291964643429464,0.00553529397035252
ml_binary_dravidian_codemix,1.5,0.5,0.75,0.6537945933455872,0.002092174308059973,0.8480378605769231,0.15288683105637277,0.004336195113274043,0.14461242613045122,0.16121155260399356,0.002103866185897424,0.001071831300349869,7.198016826923063e-05,0.004203580729166665
ml_binary_dravidian_codemix,1.5,0.75,1.125,0.6790758519192726,0.0015888911305442974,0.8463084935897435,0.17816808963005826,0.004710207262710615,0.16906606913538721,0.18732567986226417,0.0003744991987179498,0.0011814954744604263,-0.0018510692107371778,0.002681517928685914
ml_binary_dravidian_codemix,1.5,1.0,1.5,0.6935435979712752,0.0014352658817015753,0.844830829326923,0.19263583568206089,0.004692639794322163,0.18335752995097163,0.20166705514287295,-0.00110316506410256,0.0012687806973879854,-0.0034689152644230468,0.0014455929487179114
ml_binary_dravidian_codemix,1.75,0.0,0.0,0.5009077622892143,0.00480456527943927,0.8459339943910257,0.0,0.0,0.0,0.0,0.0,0.0,0.0,0.0
ml_binary_dravidian_codemix,1.75,0.0625,0.109375,0.5431060102831448,0.003938544061633145,0.8493322315705127,0.0421982479939303,0.002092960612045274,0.03817384836737634,0.04630911104975064,0.003398237179487126,0.00042678841416153254,0.0025512795472756125,0.0042257837540063846
ml_binary_dravidian_codemix,1.75,0.125,0.21875,0.5749151333903231,0.0029893398972764876,0.8501608573717948,0.07400737110110865,0.002971033514864202,0.06825554891573976,0.07967318101906519,0.004226862980769186,0.0006501187439293842,0.0029934770633012462,0.005503643329326879
ml_binary_dravidian_codemix,1.75,0.25,0.4375,0.6185041887621504,0.0025354901291254482,0.8495753205128205,0.11759642647293612,0.003762117813599891,0.11042790902172274,0.12497666911415632,0.0036413261217948505,0.0008918214410550951,0.0019380859374999752,0.005378312800480752
ml_binary_dravidian_codemix,1.75,0.5,0.875,0.665012314916844,0.0018437293027056905,0.8474963942307692,0.1641045526276298,0.004462648979254001,0.15572643702404737,0.1730906374667495,0.0015623998397435598,0.0011065300718914042,-0.0005986653645833817,0.0037256760817307327
ml_binary_dravidian_codemix,1.75,0.75,1.3125,0.6879517746461131,0.001475782783226381,0.845615484775641,0.1870440123568988,0.0047026980910054835,0.17791302455444263,0.19628529829138375,-0.0003185096153846241,0.0012164729715139233,-0.0026618038862179535,0.002102719350961523
ml_binary_dravidian_codemix,1.75,1.0,1.75,0.6998336073492382,0.0012492645023133347,0.8441670673076923,0.19892584506002375,0.004710183562894538,0.1899525274984663,0.20801448016525798,-0.0017669270833333079,0.001284156174800414,-0.004188413962339715,0.0007743564703525974
ml_binary_dravidian_codemix,2.0,0.0,0.0,0.5009077622892143,0.00480456527943927,0.8459339943910257,0.0,0.0,0.0,0.0,0.0,0.0,0.0,0.0
ml_binary_dravidian_codemix,2.0,0.0625,0.125,0.5492096772743831,0.0039000413400300483,0.8495643028846154,0.04830191498516879,0.002092863009828367,0.04421541238055966,0.05237279962110563,0.00363030849358969,0.00046071714366750457,0.002753197616185815,0.004520442708333286
ml_binary_dravidian_codemix,2.0,0.125,0.25,0.5825736281435185,0.002930168032321815,0.8501941105769231,0.08166586585430417,0.0030442054094697696,0.07581141523367854,0.08773319136729436,0.00426011618589739,0.0006899319495501384,0.0029308718950320214,0.005616501402243531
ml_binary_dravidian_codemix,2.0,0.25,0.5,0.6264692105041814,0.0021734086927613773,0.8493480568910258,0.12556144821496706,0.004005422802884067,0.11796235512524371,0.1333590798218106,0.0034140624999999623,0.0009085547669801032,0.001700410657051261,0.00522960737179482
ml_binary_dravidian_codemix,2.0,0.5,1.0,0.6730752086679656,0.0016781255452513763,0.8470275440705127,0.17216744637875114,0.004768365274386058,0.1627074464812692,0.18138696166573184,0.0010935496794871543,0.001123652875068728,-0.0010312500000000276,0.0033865760216346043
ml_binary_dravidian_codemix,2.0,0.75,1.5,0.6939938129149307,0.0013614904845421325,0.8451179887820512,0.19308605062571627,0.004820996253503194,0.18380300877436037,0.20240918149131287,-0.0008160056089743642,0.001238061772701251,-0.0031553936298076915,0.001617215044070502
ml_binary_dravidian_codemix,2.0,1.0,2.0,0.7050228748421385,0.0012129691629349214,0.843634014423077,0.20411511255292422,0.004854016964190893,0.19461117563726973,0.21342527393620542,-0.0022999799679487235,0.0012929232257103537,-0.004775643529647468,0.00020546123798077066
ml_binary_dravidian_codemix,2.5,0.0,0.0,0.5009077622892143,0.00480456527943927,0.8459339943910257,0.0,0.0,0.0,0.0,0.0,0.0,0.0,0.0
ml_binary_dravidian_codemix,2.5,0.0625,0.15625,0.5593034522350181,0.003536783989197804,0.8498580729166667,0.058395689945803825,0.0024496520403778687,0.053706000754385745,0.06314023539294923,0.003924078525640976,0.0005344664310891793,0.002912632712339693,0.004966856971153793
ml_binary_dravidian_codemix,2.5,0.125,0.3125,0.5960042809922984,0.002880470783148006,0.8500535857371797,0.09509651870308407,0.0032982849882270218,0.0887856039739175,0.10145458670549444,0.004119591346153806,0.000770440845758202,0.002655834334935869,0.005675200320512776
ml_binary_dravidian_codemix,2.5,0.25,0.625,0.6411777082897765,0.002213090482039754,0.8487757411858976,0.14026994600056222,0.004226713794280217,0.13216612097870878,0.14871260341625622,0.0028417467948717683,0.001004802042119478,0.0009266426282050886,0.004852716846955103
ml_binary_dravidian_codemix,2.5,0.5,1.25,0.6861126643390659,0.0015633681168062252,0.8460458733974358,0.18520490204985157,0.004681292618877508,0.1763560976984891,0.1942182047884189,0.00011187900641024598,0.0012022292217903623,-0.0022122395833333265,0.0025346454326922656
ml_binary_dravidian_codemix,2.5,0.75,1.875,0.7032866950500618,0.001197788390472132,0.8440594951923077,0.20237893276084748,0.004873942601803812,0.19304478654234156,0.2118097319813168,-0.0018744991987179643,0.001310090115727781,-0.0043529797676282,0.0007165715144230802
ml_binary_dravidian_codemix,2.5,1.0,2.5,0.7126865057707112,0.0012729986276675427,0.8425917467948719,0.21177874348149694,0.004699647100235123,0.20281700365759064,0.22079409457927512,-0.003342247596153831,0.001388758064452049,-0.005966581530448686,-0.0005920472756410054
ml_binary_dravidian_codemix,3.0,0.0,0.0,0.5009077622892143,0.00480456527943927,0.8459339943910257,0.0,0.0,0.0,0.0,0.0,0.0,0.0,0.0
ml_binary_dravidian_codemix,3.0,0.0625,0.1875,0.5668601399861938,0.0031408856682959185,0.8500623998397434,0.0659523776969795,0.002627022811969674,0.06091847036629027,0.07110732982016052,0.0041284054487178996,0.0005831483134280224,0.0030399363982371503,0.00529039212740379
ml_binary_dravidian_codemix,3.0,0.125,0.375,0.6070511011709271,0.0026959478286604564,0.8498655849358974,0.10614333888171273,0.00345411349937519,0.09938667296312596,0.11273585031538216,0.003931590544871774,0.0008139343804733466,0.002363654346955121,0.005506790865384592
ml_binary_dravidian_codemix,3.0,0.25,0.75,0.6536004766329989,0.0018116874820085557,0.8482182491987179,0.15269271434378462,0.004361683721787384,0.14445038415035577,0.16141742299669712,0.0022842548076922996,0.0010332705646615406,0.0003522235576923147,0.004328983874198682
ml_binary_dravidian_codemix,3.0,0.5,1.5,0.6945346382584878,0.001343764839347105,0.8451037660256412,0.19362687596927358,0.004800986100719089,0.18432967856843363,0.2028968132919914,-0.0008302283653846221,0.0012389610656001887,-0.003236746294070503,0.001607792467948725
ml_binary_dravidian_codemix,3.0,0.75,2.25,0.709092088861639,0.001156994452408498,0.8430472756410257,0.20818432657242458,0.004902378035196059,0.19891807533046008,0.21771671587810368,-0.0028867187500000056,0.0013278307028219815,-0.005410301482371802,-0.0002506911057692528
ml_binary_dravidian_codemix,3.0,1.0,3.0,0.7180246512236585,0.0013564221641978694,0.8415657051282053,0.2171168889344443,0.004802603809835395,0.20772077852029774,0.22654520993026364,-0.004368289262820498,0.0013936966111073761,-0.007031748297275637,-0.0017287409855768774
ml_binary_dravidian_codemix,3.5,0.0,0.0,0.5009077622892143,0.00480456527943927,0.8459339943910257,0.0,0.0,0.0,0.0,0.0,0.0,0.0,0.0
ml_binary_dravidian_codemix,3.5,0.0625,0.21875,0.5754432856448767,0.0030316233697603168,0.8500900440705129,0.0745355233556623,0.002934126417449358,0.06897776974742671,0.08025297362474043,0.0041560496794871464,0.0006398563412297723,0.0029642227564102563,0.005402196013621741
ml_binary_dravidian_codemix,3.5,0.125,0.4375,0.6179426461614984,0.0024304347031385005,0.8496670673076924,0.1170348838722841,0.0036388307521134215,0.109965196467028,0.12403066650560043,0.003733072916666649,0.0008763107348549881,0.0020912309695512747,0.005512943209134542
ml_binary_dravidian_codemix,3.5,0.25,0.875,0.6656141918888155,0.0018286435327069014,0.8476460336538462,0.1647064295996012,0.004523577571084384,0.15606760875592593,0.17362457529240183,0.001712039262820508,0.0010985471368257364,-0.0003408478565704931,0.003920602964743577
ml_binary_dravidian_codemix,3.5,0.5,1.75,0.7013562365449119,0.001221837279004688,0.8444410056089743,0.20044847425569753,0.004797299426191307,0.19112073348602937,0.20988101979232135,-0.0014929887820512976,0.0012889217857659776,-0.0039528670873397445,0.0010855493790063715
ml_binary_dravidian_codemix,3.5,0.75,2.625,0.7142915258811421,0.0013099236789758239,0.8423299278846152,0.2133837635919277,0.0047137267809825465,0.20414534656032146,0.22262199004711547,-0.0036040665064102423,0.0013831559513697834,-0.006226785356570492,-0.0008239633413461449
ml_binary_dravidian_codemix,3.5,1.0,3.5,0.7210574856378235,0.001297128547472755,0.8407543068910257,0.2201497233486092,0.004806010714449497,0.2109596520279504,0.22948257230220032,-0.005179687499999974,0.001454823986524964,-0.007893649839743553,-0.0023418294270833324
ml_binary_dravidian_codemix,4.0,0.0,0.0,0.5009077622892143,0.00480456527943927,0.8459339943910257,0.0,0.0,0.0,0.0,0.0,0.0,0.0,0.0
ml_binary_dravidian_codemix,4.0,0.0625,0.25,0.5825986803414721,0.002942870655843899,0.8501746794871794,0.0816909180522578,0.0030494843134456807,0.07583895548225875,0.08779025372091295,0.004240685096153811,0.0006852188073540673,0.002942310196314077,0.005581542968749971
ml_binary_dravidian_codemix,4.0,0.125,0.5,0.6269680259830439,0.0022084484349263445,0.8494489182692306,0.1260602636938295,0.00406549073316478,0.11824182868978012,0.133754943210084,0.0035149238782051064,0.0009048117858530027,0.0018462314703525206,0.0053233348357371426
ml_binary_dravidian_codemix,4.0,0.25,1.0,0.6727443456090707,0.0017082983045836146,0.8472321714743589,0.17183658331985638,0.004662885548045332,0.16271097280918204,0.1809330398679052,0.00129817708333331,0.001126249294302765,-0.0008147285657051312,0.0035307592147435533
ml_binary_dravidian_codemix,4.0,0.5,2.0,0.7062532253179176,0.0011443721598262987,0.8439003405448718,0.2053454630287032,0.0047839529075980654,0.1962875561627478,0.21498111867343167,-0.0020336538461538317,0.0013030193525244982,-0.004512269631410226,0.0006020482772435692
ml_binary_dravidian_codemix,4.0,0.75,3.0,0.7180564360444293,0.001311123790601428,0.8417913661858973,0.21714867375521496,0.004738771381718495,0.20830999885816975,0.22630375331462443,-0.00414262820512819,0.00140594869785331,-0.006864638421474327,-0.001348700420673114
ml_binary_dravidian_codemix,4.0,1.0,4.0,0.7228406235234465,0.0011762848567456155,0.8403016826923075,0.22193286123423234,0.004847124583666278,0.2122838050866935,0.23133690903380733,-0.005632311698717943,0.0014747255563865372,-0.008503710937499985,-0.0027276842948717912
