ratio,similarity_condition_id,similarity_enabled,similarity_lower,similarity_upper,analysis_complete,selection_eligible,pooled_delta_synth_mean,pooled_delta_synth_se,pooled_delta_synth_ci_lower,pooled_delta_synth_ci_upper,pooled_delta_real_mean,pooled_delta_real_ci_lower,pooled_delta_real_ci_upper,pooled_g_real_mean,pooled_g_real_ci_lower,pooled_g_real_ci_upper,positive_dataset_count,damaged_dataset_count,c1_pass,c2_pass,c3_pass,c4_pass,c5_pass,c1_to_c5_pass,c6_pass,c7_pass,stable_candidate,stable_region_id,ratio_run_id,ratio_run_start,ratio_run_end,ratio_run_length,adjacent_band_pass_count,adjacent_supported_ratio_count
0.5,OFF,False,,,True,True,0.022452265510591735,0.0008710349007701913,0.02076404587966028,0.024197043318048544,0.016692280568276267,0.015337627505030187,0.01807499575793176,0.005759984942315468,0.0043717513527918505,0.007138861349048445,3,2,True,False,False,True,True,False,False,,False,,,,,,,
0.5,L0.10_U0.60,True,0.1,0.6,True,True,0.0195916807287349,0.0008381087146675302,0.01795529972311821,0.021257342144258742,0.016692280568276267,0.015351312165643515,0.018063345675474282,0.0028994001604586302,0.0014828696255402294,0.004282843706663509,3,2,True,False,False,True,True,False,False,False,False,,,,,,0,0
0.5,L0.10_U0.70,True,0.1,0.7,True,True,0.021979573137954227,0.0008571536950755685,0.020290042257399398,0.023649482237695925,0.016692280568276267,0.015347733781179693,0.018094320260583732,0.005287292569677958,0.003879992884718577,0.006655956656591767,3,2,True,False,False,True,True,False,False,False,False,,,,,,0,0
0.5,L0.10_U0.80,True,0.1,0.8,True,True,0.021727187706978155,0.0008774671571576112,0.019993184002405833,0.023434926789221617,0.016692280568276267,0.015334916045413883,0.01807107752949685,0.005034907138701884,0.00350219187739687,0.006521698850663503,3,2,True,False,False,True,True,False,False,False,False,,,,,,0,0
0.5,L0.10_U0.90,True,0.1,0.9,True,True,0.022571381457248334,0.0008882626034049055,0.020859160433285832,0.024353930937543847,0.016692280568276267,0.015362911784145701,0.01808543189253073,0.0058791008889720695,0.00442935047716117,0.00728792811372416,3,2,True,False,False,True,True,False,False,False,False,,,,,,0,0
0.5,L0.20_U0.60,True,0.2,0.6,True,True,0.02033652911858983,0.0008566024715873509,0.01868772141395355,0.022004212669047698,0.016692280568276267,0.015360089125912262,0.018094785829941534,0.0036442485503135683,0.002226554373427109,0.005020037168500328,3,2,True,False,False,True,True,False,False,False,False,,,,,,0,0
0.5,L0.20_U0.70,True,0.2,0.7,True,True,0.020907562752149732,0.0008902824365226186,0.01919078356073528,0.022660086703459068,0.016692280568276267,0.01535102007570992,0.01806320406956048,0.004215282183873463,0.002745303112704689,0.005652681546384838,3,2,True,False,False,True,True,False,False,False,False,,,,,,0,0
0.5,L0.20_U0.80,True,0.2,0.8,True,True,0.02217635243328219,0.0008074081465077886,0.020580832612294965,0.023756029939073296,0.016692280568276267,0.015337408513535296,0.018089920029215226,0.005484071865005919,0.004078013635453082,0.006831501545883575,3,2,True,False,False,True,True,False,False,False,False,,,,,,0,0
0.5,L0.20_U0.90,True,0.2,0.9,True,True,0.022216786191280126,0.0008565292117844194,0.020523823069019145,0.023903863572549294,0.016692280568276267,0.015345964502629735,0.01800728537747992,0.005524505623003858,0.004077473441616565,0.006921532025644896,3,2,True,False,False,True,True,False,False,False,False,,,,,,0,0
0.5,L0.30_U0.60,True,0.3,0.6,True,True,0.019955999973545947,0.0008483666706390405,0.01829975664901714,0.02163841483231041,0.016692280568276267,0.015332452951673424,0.01803977830574649,0.003263719405269683,0.0017967006695468566,0.00474828984138775,3,2,True,False,False,True,True,False,False,False,False,,,,,,0,0
0.5,L0.30_U0.70,True,0.3,0.7,True,True,0.021853757978230953,0.000867529141948802,0.020140805965609142,0.02351836260420936,0.016692280568276267,0.01534320840177188,0.01805429666142362,0.005161477409954688,0.0036466124403035775,0.006632916543497729,3,2,True,False,False,True,True,False,False,False,False,,,,,,0,0
0.5,L0.30_U0.80,True,0.3,0.8,True,True,0.022678644346964632,0.0008030313291264594,0.021107152039896552,0.02426098900786986,0.016692280568276267,0.015381235763270135,0.018094250833970944,0.005986363778688369,0.004555278466931929,0.007360520152171797,3,2,True,False,False,True,True,False,False,False,False,,,,,,0,0
0.5,L0.30_U0.90,True,0.3,0.9,True,True,0.022693688538229728,0.0008680780521011144,0.02100854503220732,0.02439940941323204,0.016692280568276267,0.015353144409879484,0.01804255678060763,0.006001407969953458,0.004570039232440082,0.007408011973294888,3,2,True,False,False,True,True,False,False,False,False,,,,,,0,0
0.5,L0.40_U0.60,True,0.4,0.6,True,True,0.01972691195491298,0.0008383135364585585,0.018059927467114583,0.021365593201551687,0.016692280568276267,0.015351449425213097,0.018053395983896988,0.003034631386636711,0.0015793393721942122,0.0045286601634239206,3,2,True,False,False,True,True,False,False,False,False,,,,,,0,0
0.5,L0.40_U0.70,True,0.4,0.7,True,True,0.022017726282150808,0.0008569389556725323,0.020314242675196208,0.02369087045739656,0.016692280568276267,0.01533858593793472,0.018064444796188607,0.005325445713874542,0.0038889798476853385,0.006734500586630077,3,2,True,False,False,True,True,False,False,False,False,,,,,,0,0
0.5,L0.40_U0.80,True,0.4,0.8,True,True,0.022517478640446596,0.0008599884176744877,0.020835694385158136,0.024194201282660397,0.016692280568276267,0.015339915515443552,0.01805566008929068,0.005825198072170331,0.0043850365981477745,0.007216917620395081,3,2,True,False,False,True,True,False,False,False,False,,,,,,0,0
0.5,L0.40_U0.90,True,0.4,0.9,True,True,0.022136648602901928,0.0008321820598521733,0.020525845749675153,0.02376965062180328,0.016692280568276267,0.015364078942040749,0.018078652881441535,0.0054443680346256615,0.003949241394326908,0.006883249728778043,3,2,True,False,False,True,True,False,False,False,False,,,,,,0,0
0.75,OFF,False,,,True,True,0.026942649514690702,0.0009794641162938014,0.025069630056974105,0.028849985368711084,0.022599921113959247,0.021042232866404827,0.02412801749854151,0.004342728400731456,0.0028179327119908478,0.005856446042408728,3,2,True,False,False,True,True,False,False,,False,,,,,,,
0.75,L0.10_U0.60,True,0.1,0.6,False,False,,,,,,,,,,,3,2,False,False,False,False,False,False,False,False,False,,,,,,0,0
0.75,L0.10_U0.70,True,0.1,0.7,True,True,0.026870554064115842,0.0009889345855483144,0.02493391217611632,0.02878224011089896,0.022599921113959247,0.021035470048837133,0.0241610281921762,0.0042706329501565965,0.002731766166605422,0.005848064538644424,3,2,True,False,False,True,True,False,False,False,False,,,,,,0,0
0.75,L0.10_U0.80,True,0.1,0.8,True,True,0.026820001705648716,0.0009688483586854838,0.02493511828119365,0.02872862000774542,0.022599921113959247,0.021067062931031607,0.024168964788866223,0.004220080591689468,0.002643756100421911,0.005751487845885042,3,2,True,False,False,True,True,False,False,False,False,,,,,,0,0
0.75,L0.10_U0.90,True,0.1,0.9,True,True,0.026876464083954898,0.0009558334810829052,0.025024850123551583,0.028805344433647587,0.022599921113959247,0.021052782639448146,0.024166784782431342,0.004276542969995651,0.0028969394767209685,0.005670783986597081,3,2,True,False,False,True,True,False,False,False,False,,,,,,0,0
0.75,L0.20_U0.60,True,0.2,0.6,False,False,,,,,,,,,,,3,2,False,False,False,False,False,False,False,False,False,,,,,,0,0
0.75,L0.20_U0.70,True,0.2,0.7,True,True,0.02605096435970906,0.0010204385907103882,0.024075145100038345,0.02803138148738417,0.022599921113959247,0.021050128895480934,0.02417753688601321,0.0034510432457498116,0.0019259943785015705,0.004964537013196947,3,2,True,False,False,True,True,False,False,False,False,,,,,,0,0
0.75,L0.20_U0.80,True,0.2,0.8,True,True,0.027072322947371358,0.0009182418895017735,0.025297409894015157,0.028878390847984273,0.022599921113959247,0.02105221042761215,0.02417219347106354,0.004472401833412114,0.003091055894956301,0.005884650444992469,3,2,True,False,False,True,True,False,False,False,False,,,,,,0,0
0.75,L0.20_U0.90,True,0.2,0.9,True,True,0.027631503250626195,0.0009437071985109311,0.025778150547210193,0.029479338366020225,0.022599921113959247,0.0210756601091903,0.02416443411216956,0.00503158213666695,0.0035712294123973766,0.006503641793097467,3,2,True,False,False,True,True,False,False,False,False,,,,,,0,0
0.75,L0.30_U0.60,True,0.3,0.6,False,False,,,,,,,,,,,3,2,False,False,False,False,False,False,False,False,False,,,,,,0,0
0.75,L0.30_U0.70,True,0.3,0.7,True,True,0.02588762751167121,0.000991038507334583,0.02393008523387941,0.027837115545301976,0.022599921113959247,0.021083444353045967,0.024158861137995077,0.0032877063977119632,0.0017081033892315722,0.004898368467638687,3,2,True,False,False,True,True,False,False,False,False,,,,,,0,0
0.75,L0.30_U0.80,True,0.3,0.8,True,True,0.02743058159222646,0.0009236349924830069,0.025581677184552353,0.02924456799174308,0.022599921113959247,0.02103866105334713,0.024148170280851405,0.004830660478267209,0.003369570082844032,0.006258155545536625,3,2,True,False,False,True,True,False,False,False,False,,,,,,0,0
0.75,L0.30_U0.90,True,0.3,0.9,True,True,0.02721379027371692,0.0009984729478010245,0.02526976520269478,0.029143233801956676,0.022599921113959247,0.021044994513951608,0.024114198383044107,0.004613869159757681,0.0030907778536545926,0.006161578937758224,3,2,True,False,False,True,True,False,False,False,False,,,,,,0,0
0.75,L0.40_U0.60,True,0.4,0.6,False,False,,,,,,,,,,,3,2,False,False,False,False,False,False,False,False,False,,,,,,0,0
0.75,L0.40_U0.70,True,0.4,0.7,True,True,0.026250728321740385,0.0009801650161989875,0.02431942829563772,0.028147498543718296,0.022599921113959247,0.021066068206268614,0.024203273045901294,0.003650807207781141,0.002090368428535778,0.005188460109097646,3,2,True,False,False,True,True,False,False,False,False,,,,,,0,0
0.75,L0.40_U0.80,True,0.4,0.8,True,True,0.027325344636057142,0.0009558171099135035,0.025465627731970295,0.029165570295577536,0.022599921113959247,0.02105779671411705,0.024135255612315137,0.0047254235220978895,0.003214612846833468,0.006220798491563744,3,2,True,False,False,True,True,False,False,False,False,,,,,,0,0
0.75,L0.40_U0.90,True,0.4,0.9,True,True,0.027022989728960896,0.0009717431955379976,0.025128587665482406,0.02893394942738449,0.022599921113959247,0.0210444370610674,0.024165770971034846,0.0044230686150016464,0.0028717541278074884,0.006005918080418323,3,2,True,False,False,True,True,False,False,False,False,,,,,,0,0
1.0,OFF,False,,,True,True,0.031067596972675277,0.0010345375340488799,0.029085652020399373,0.03306274215251246,0.027742496567437946,0.02600280424774941,0.029486988271846808,0.0033251004052373364,0.0018392786852018171,0.00479083567182105,3,2,True,False,False,True,True,False,False,,False,,,,,,,
1.0,L0.10_U0.60,True,0.1,0.6,False,False,,,,,,,,,,,2,2,False,False,False,False,False,False,False,False,False,,,,,,0,0
1.0,L0.10_U0.70,True,0.1,0.7,True,True,0.030371031246322427,0.0010015699936211612,0.028425303210011944,0.03235998534240445,0.027742496567437946,0.02599368164856125,0.02953524666896264,0.002628534678884483,0.0010633673042335621,0.004170888157451275,3,2,True,False,False,True,True,False,False,False,False,,,,,,0,0
1.0,L0.10_U0.80,True,0.1,0.8,True,True,0.03014995422026747,0.0010064117190559275,0.028206462840163392,0.03213870316714941,0.027742496567437946,0.025996572155293954,0.029549789039279534,0.002407457652829522,0.0008235297480863404,0.003960734053785972,3,2,True,False,False,True,True,False,False,False,False,,,,,,0,0
1.0,L0.10_U0.90,True,0.1,0.9,True,True,0.030889025887106132,0.000993999223386944,0.028940368062963222,0.032814191661422625,0.027742496567437946,0.025978462081076382,0.0295603504734772,0.0031465293196681794,0.0017043370337197575,0.004582337393042076,3,2,True,False,False,True,True,False,False,False,False,,,,,,0,0
1.0,L0.20_U0.60,True,0.2,0.6,False,False,,,,,,,,,,,3,2,False,False,False,False,False,False,False,False,False,,,,,,0,0
1.0,L0.20_U0.70,True,0.2,0.7,True,True,0.02956667653110496,0.0010358936344339897,0.02759729973484402,0.031664472587233324,0.027742496567437946,0.025984555902517477,0.02953506117686404,0.0018241799636670136,0.000292546130230541,0.0033875791291373037,3,2,True,False,False,True,True,False,False,False,False,,,,,,0,0
1.0,L0.20_U0.80,True,0.2,0.8,True,True,0.03141160020638151,0.0009805929793858205,0.029509505551801322,0.03337468191245513,0.027742496567437946,0.025997027054502523,0.029548252587073973,0.0036691036389435647,0.0022263653211705464,0.005090588281853549,3,2,True,False,False,True,True,False,False,False,False,,,,,,0,0
1.0,L0.20_U0.90,True,0.2,0.9,True,True,0.031280963203418014,0.0010131541376142128,0.029302480763416693,0.03330276372990607,0.027742496567437946,0.02595015869359096,0.029491442185816997,0.0035384666359800573,0.002090171492357609,0.005009865149261348,3,2,True,False,False,True,True,False,False,False,False,,,,,,0,0
1.0,L0.30_U0.60,True,0.3,0.6,False,False,,,,,,,,,,,3,2,False,False,False,False,False,False,False,False,False,,,,,,0,0
1.0,L0.30_U0.70,True,0.3,0.7,True,True,0.029910160907019007,0.0010794439244078734,0.027816013898640222,0.03202801696298798,0.027742496567437946,0.025970127078304497,0.02949253593254273,0.0021676643395810583,0.00049708240781112,0.003825599238037427,3,2,True,False,False,True,True,False,False,False,False,,,,,,0,0
1.0,L0.30_U0.80,True,0.3,0.8,True,True,0.03140737940909952,0.0010004388118985477,0.029455633396371014,0.03338564048818332,0.027742496567437946,0.025973603368238618,0.029591597674578248,0.003664882841661577,0.002202089929847632,0.0051231523256351115,3,2,True,False,False,True,True,False,False,False,False,,,,,,0,0
1.0,L0.30_U0.90,True,0.3,0.9,True,True,0.03131919488594045,0.0010816865479700627,0.029197234366298296,0.03343067856111619,0.027742496567437946,0.025957009381529516,0.029553425851587486,0.0035766983185025005,0.0019913523006135554,0.005150995184413929,3,2,True,False,False,True,True,False,False,False,False,,,,,,0,0
1.0,L0.40_U0.60,True,0.4,0.6,False,False,,,,,,,,,,,3,2,False,False,False,False,False,False,False,False,False,,,,,,0,0
1.0,L0.40_U0.70,True,0.4,0.7,True,True,0.03014890249886018,0.001048255309373184,0.028087001121779996,0.032189757407834634,0.027742496567437946,0.02595728648524916,0.029513654342094846,0.002406405931422231,0.0008445655171921324,0.003976193858855833,3,2,True,False,False,True,True,False,False,False,False,,,,,,0,0
1.0,L0.40_U0.80,True,0.4,0.8,True,True,0.03145000663377964,0.0010219422733478702,0.02941326259887823,0.0334021610679316,0.027742496567437946,0.02597731017777927,0.029535154645269412,0.003707510066341698,0.0022281823176074165,0.005156027237858226,3,2,True,False,False,True,True,False,False,False,False,,,,,,0,0
1.0,L0.40_U0.90,True,0.4,0.9,True,True,0.03122781380970338,0.0009958464230675915,0.0292992200380775,0.03318867673585429,0.027742496567437946,0.025966839493147573,0.029523329925439195,0.0034853172422654303,0.001896823912887799,0.005068312371284923,3,2,True,False,False,True,True,False,False,False,False,,,,,,0,0
1.25,OFF,False,,,True,True,0.03291788462546758,0.0010156519726827829,0.030950742687527042,0.03494923722599596,0.03168938041074842,0.029787048757341845,0.03364907297490026,0.0012285042147191635,-0.0002615561080747564,0.002777053962524698,3,2,True,False,False,True,True,False,False,,False,,,,,,,
1.25,L0.10_U0.60,True,0.1,0.6,False,False,,,,,,,,,,,2,2,False,False,False,False,False,False,False,False,False,,,,,,0,0
1.25,L0.10_U0.70,True,0.1,0.7,True,True,0.032446766157414736,0.0010129030799147828,0.030454750107160592,0.034446552899044865,0.03168938041074842,0.029802410447211915,0.03362835062873881,0.0007573857466663085,-0.0008633935760068638,0.0023847235969812813,3,2,True,False,False,True,True,False,False,False,False,,,,,,0,0
1.25,L0.10_U0.80,True,0.1,0.8,True,True,0.03260457584900935,0.001034854085392707,0.030590789609124727,0.03465916975543904,0.03168938041074842,0.029788796101046164,0.03368294517226405,0.0009151954382609327,-0.0006573060745931298,0.0024096916264588035,3,2,True,False,False,True,True,False,False,False,False,,,,,,0,0
1.25,L0.10_U0.90,True,0.1,0.9,True,True,0.03322117810782381,0.0009809422721790487,0.03127183422254197,0.03513434775516909,0.03168938041074842,0.029773160914654068,0.033569393345293005,0.0015317976970753773,3.0296493457034802e-05,0.003045963593447195,3,2,True,False,False,True,True,False,False,False,False,,,,,,0,0
1.25,L0.20_U0.60,True,0.2,0.6,False,False,,,,,,,,,,,3,2,False,False,False,False,False,False,False,False,False,,,,,,0,0
1.25,L0.20_U0.70,True,0.2,0.7,True,True,0.03183725150553189,0.0010148253862431544,0.029882988498359173,0.03386587018854771,0.03168938041074842,0.029803617120008435,0.0336078358790544,0.00014787109478346886,-0.0014293254205160182,0.0017786714785635017,3,2,True,False,False,True,True,False,False,False,False,,,,,,0,0
1.25,L0.20_U0.80,True,0.2,0.8,True,True,0.03361585104273877,0.0009742170279252019,0.03172370982073029,0.035533213127280305,0.03168938041074842,0.029794143206693213,0.033649166279503116,0.001926470631990352,0.00044792739906669287,0.0034115435003570197,3,2,True,False,False,True,True,False,False,False,False,,,,,,0,0
1.25,L0.20_U0.90,True,0.2,0.9,True,True,0.03321388090830875,0.0010357163054539656,0.031212678233716967,0.03524968528962532,0.03168938041074842,0.02978245255392542,0.03360602213995883,0.0015245004975603202,3.5705773488867314e-06,0.0030616898970647873,3,2,True,False,False,True,True,False,False,False,False,,,,,,0,0
1.25,L0.30_U0.60,True,0.3,0.6,False,False,,,,,,,,,,,3,2,False,False,False,False,False,False,False,False,False,,,,,,0,0
1.25,L0.30_U0.70,True,0.3,0.7,True,True,0.031298471355624,0.001027995793877526,0.02929041026427773,0.03331027808576134,0.03168938041074842,0.029785727925501132,0.03361359970350151,-0.00039090905512443664,-0.0020073852586883737,0.0012563673299230847,3,2,True,False,False,True,True,False,False,False,False,,,,,,0,0
1.25,L0.30_U0.80,True,0.3,0.8,True,True,0.03369332689405159,0.001003134113868751,0.03177362383833815,0.0356542088637629,0.03168938041074842,0.02980246319992017,0.033646451996000394,0.0020039464833031652,0.000521547920264464,0.003514829902652638,3,2,True,False,False,True,True,False,False,False,False,,,,,,0,0
1.25,L0.30_U0.90,True,0.3,0.9,True,True,0.0335509667795012,0.0010300940078585134,0.03153529575913331,0.035588182388866865,0.03168938041074842,0.029781563851590417,0.033643762882842314,0.001861586368752771,0.0003151351706059546,0.0033435441133170592,3,2,True,False,False,True,True,False,False,False,False,,,,,,0,0
1.25,L0.40_U0.60,True,0.4,0.6,False,False,,,,,,,,,,,2,2,False,False,False,False,False,False,False,False,False,,,,,,0,0
1.25,L0.40_U0.70,True,0.4,0.7,True,True,0.031422257829656415,0.0010542108951973619,0.02934086047421638,0.03348961793599534,0.03168938041074842,0.029771045440771925,0.03363618049645472,-0.00026712258109201203,-0.0018961557429794504,0.001317908978224145,3,2,True,False,False,True,True,False,False,False,False,,,,,,0,0
1.25,L0.40_U0.80,True,0.4,0.8,True,True,0.033397557538445796,0.0010414410891836298,0.03137313862921845,0.03543754589802355,0.03168938041074842,0.029802711408422465,0.03364036589141762,0.001708177127697377,0.0001570688871863201,0.0032671407535040265,3,2,True,False,False,True,True,False,False,False,False,,,,,,0,0
1.25,L0.40_U0.90,True,0.4,0.9,True,True,0.0330805290624106,0.001034819842137237,0.03103459483141224,0.03514031693908918,0.03168938041074842,0.02976326330598062,0.03360056138918713,0.001391148651662168,-8.308262289381967e-05,0.002883132145991766,3,2,True,False,False,True,True,False,False,False,False,,,,,,0,0
1.5,OFF,False,,,True,True,0.034819064514504436,0.0010270729555083788,0.03280625665339521,0.03686764774846899,0.035262389335708494,0.03330918572845167,0.037226248696956024,-0.00044332482120405006,-0.0019694675629270525,0.001026228134279294,3,2,True,False,False,True,True,False,False,,False,,,,,,,
1.5,L0.10_U0.60,True,0.1,0.6,False,False,,,,,,,,,,,2,2,False,False,False,False,False,False,False,False,False,,,,,,0,0
1.5,L0.10_U0.70,True,0.1,0.7,True,True,0.033622209300390116,0.0010631283373663198,0.03151388186105425,0.035664538589384585,0.035262389335708494,0.03333032242017804,0.03719353115345941,-0.0016401800353183823,-0.0032094503458093924,-0.00011123854472763054,2,2,True,False,False,True,True,False,False,False,False,,,,,,0,0
1.5,L0.10_U0.80,True,0.1,0.8,True,True,0.03449532933928816,0.0010419569888004345,0.03246518980912578,0.03652236365128158,0.035262389335708494,0.03333097325937241,0.03729823204593591,-0.0007670599964203362,-0.0022725806230146015,0.0006964427190098983,3,2,True,False,False,True,True,False,False,False,False,,,,,,0,0
1.5,L0.10_U0.90,True,0.1,0.9,True,True,0.03512334215346129,0.0010377236399451036,0.03309510922879571,0.037210380591220824,0.035262389335708494,0.03328552201152914,0.03723366578627894,-0.00013904718224720599,-0.001536497490055734,0.0012599349965445276,3,2,True,False,False,True,True,False,False,False,False,,,,,,0,0
1.5,L0.20_U0.60,True,0.2,0.6,False,False,,,,,,,,,,,2,2,False,False,False,False,False,False,False,False,False,,,,,,0,0
1.5,L0.20_U0.70,True,0.2,0.7,True,True,0.03325496790213743,0.0010599369536279171,0.03120631306050823,0.0353360358275716,0.035262389335708494,0.03335733887950718,0.037268645749892186,-0.0020074214335710655,-0.0036030922689427314,-0.000414963523457189,2,2,True,False,False,True,True,False,False,False,False,,,,,,0,0
1.5,L0.20_U0.80,True,0.2,0.8,True,True,0.0350335589616278,0.001037905988594771,0.03306950295895967,0.037083945996159225,0.035262389335708494,0.033338752978807576,0.03726775855702777,-0.00022883037408068796,-0.0016692836900352905,0.0011604622041634979,3,2,True,False,False,True,True,False,False,False,False,,,,,,0,0
1.5,L0.20_U0.90,True,0.2,0.9,True,True,0.03483664140947381,0.0010524396157924436,0.032799620443092425,0.036925085587445367,0.035262389335708494,0.03333468321825959,0.03723971382409331,-0.0004257479262346771,-0.001862177105698467,0.0010241702132414293,3,2,True,False,False,True,True,False,False,False,False,,,,,,0,0
1.5,L0.30_U0.60,True,0.3,0.6,False,False,,,,,,,,,,,2,2,False,False,False,False,False,False,False,False,False,,,,,,0,0
1.5,L0.30_U0.70,True,0.3,0.7,True,True,0.03306699975573403,0.0010628514640182427,0.03099610717013935,0.03517473722090019,0.035262389335708494,0.03332244172465951,0.037235046864071704,-0.0021953895799744576,-0.0037015620813549404,-0.0006605858545379893,3,2,True,False,False,True,True,False,False,False,False,,,,,,0,0
1.5,L0.30_U0.80,True,0.3,0.8,True,True,0.03497286371223584,0.001019133043843694,0.0330067904306618,0.036987346073578356,0.035262389335708494,0.03335551336208059,0.037217100260537775,-0.00028952562347265583,-0.0017522088823240787,0.00115248343525682,3,2,True,False,False,True,True,False,False,False,False,,,,,,0,0
1.5,L0.30_U0.90,True,0.3,0.9,True,True,0.03485652044936782,0.0010421034232586885,0.0328424254564199,0.03694279435525516,0.035262389335708494,0.03333034180486645,0.03726312929359037,-0.00040586888634067553,-0.0019388023640328838,0.0011000388456621941,3,2,True,False,False,True,True,False,False,False,False,,,,,,0,0
1.5,L0.40_U0.60,True,0.4,0.6,False,False,,,,,,,,,,,2,2,False,False,False,False,False,False,False,False,False,,,,,,0,0
1.5,L0.40_U0.70,True,0.4,0.7,True,True,0.03329434832827353,0.0010712382542456035,0.031207700836252687,0.03538568461245135,0.035262389335708494,0.03335171243167826,0.03725392717746534,-0.0019680410074349565,-0.0035496283170281546,-0.0004231707241069336,3,2,True,False,False,True,True,False,False,False,False,,,,,,0,0
1.5,L0.40_U0.80,True,0.4,0.8,True,True,0.03529852335859617,0.0010328244104382542,0.033302584918153924,0.03732272103745967,0.035262389335708494,0.03334708535582032,0.037221932021584865,3.6134022887685315e-05,-0.0013477156310789406,0.0013762213813575278,3,2,True,False,False,True,True,False,False,False,False,,,,,,0,0
1.5,L0.40_U0.90,True,0.4,0.9,True,True,0.035079509075283385,0.0010583307673499185,0.03299850746099717,0.03711350844805035,0.035262389335708494,0.03331279711462111,0.037218269681371395,-0.00018288026042510096,-0.001813802301106679,0.0014159123703249672,3,2,True,False,False,True,True,False,False,False,False,,,,,,0,0
1.75,OFF,False,,,True,True,0.03590653833583486,0.0010401660537057258,0.033883683626359594,0.03795022724388629,0.03757356932999968,0.03559699718426925,0.039574732377870514,-0.0016670309941648367,-0.0030723306697229735,-0.00029964490616777147,3,2,True,False,False,True,True,False,False,,False,,,,,,,
1.75,L0.10_U0.60,True,0.1,0.6,False,False,,,,,,,,,,,2,2,False,False,False,False,False,False,False,False,False,,,,,,0,0
1.75,L0.10_U0.70,True,0.1,0.7,True,True,0.03448319389826763,0.001049841378654211,0.0324249154730772,0.036548202352302474,0.03757356932999968,0.03559776338758131,0.039649241749390794,-0.0030903754317320627,-0.004519620009109645,-0.0017252561830858853,2,2,True,False,False,True,True,False,False,False,False,,,,,,0,0
1.75,L0.10_U0.80,True,0.1,0.8,True,True,0.035783794048051785,0.001041812790950727,0.03377158365120891,0.03788372960615767,0.03757356932999968,0.03559333178304067,0.03959049097069079,-0.0017897752819478977,-0.0031797766745807,-0.00042450294532718957,3,2,True,False,False,True,True,False,False,False,False,,,,,,0,0
1.75,L0.10_U0.90,True,0.1,0.9,True,True,0.03625399921705291,0.0010535498129345768,0.034193847551337565,0.03834939491389633,0.03757356932999968,0.03559423462632739,0.03959110858229521,-0.001319570112946777,-0.002687491779404443,3.979533292743102e-05,3,2,True,False,False,True,True,False,False,False,False,,,,,,0,0
1.75,L0.20_U0.60,True,0.2,0.6,False,False,,,,,,,,,,,2,2,False,False,False,False,False,False,False,False,False,,,,,,0,0
1.75,L0.20_U0.70,True,0.2,0.7,True,True,0.034016866053809436,0.0010658696117264615,0.031906779972835274,0.03611624459180154,0.03757356932999968,0.03558789894888428,0.03958857486793991,-0.0035567032761902604,-0.005033977368042124,-0.002119908734674697,2,2,True,False,False,True,True,False,False,False,False,,,,,,0,0
1.75,L0.20_U0.80,True,0.2,0.8,True,True,0.0361368796662748,0.001005495853078984,0.03417917210713188,0.03812884489307369,0.03757356932999968,0.035638311457217735,0.039564805169433184,-0.0014366896637248924,-0.0028339840402357673,-3.7110074862999625e-05,3,2,True,False,False,True,True,False,False,False,False,,,,,,0,0
1.75,L0.20_U0.90,True,0.2,0.9,True,True,0.036441964312384875,0.0010436570163568637,0.034417898845819854,0.03851599062787826,0.03757356932999968,0.035605977676581795,0.03964224738877422,-0.001131605017614821,-0.002494008767297869,0.00015181946602838982,3,2,True,False,False,True,True,False,False,False,False,,,,,,0,0
1.75,L0.30_U0.60,True,0.3,0.6,False,False,,,,,,,,,,,2,2,False,False,False,False,False,False,False,False,False,,,,,,0,0
1.75,L0.30_U0.70,True,0.3,0.7,True,True,0.034343761868754756,0.0010423526511687277,0.03229812607825404,0.036359236214695986,0.03757356932999968,0.035572590009011855,0.03961653279865214,-0.0032298074612449245,-0.004711725371180462,-0.0017729439979571639,3,2,True,False,False,True,True,False,False,False,False,,,,,,0,0
1.75,L0.30_U0.80,True,0.3,0.8,True,True,0.03621441562027137,0.0010586957331500083,0.03417088924859869,0.03829189216581626,0.03757356932999968,0.03564582578164213,0.039623198818606285,-0.0013591537097283227,-0.002732224410036739,2.3953819105710253e-05,3,2,True,False,False,True,True,False,False,False,False,,,,,,0,0
1.75,L0.30_U0.90,True,0.3,0.9,True,True,0.03621528953170476,0.0010334416495025884,0.03422281090827589,0.03828757725538199,0.03757356932999968,0.03559993969138851,0.039610191016098834,-0.0013582797982949414,-0.0027431478598331726,2.125424897998636e-05,3,2,True,False,False,True,True,False,False,False,False,,,,,,0,0
1.75,L0.40_U0.60,True,0.4,0.6,False,False,,,,,,,,,,,2,3,False,False,False,False,False,False,False,False,False,,,,,,0,0
1.75,L0.40_U0.70,True,0.4,0.7,True,True,0.034221092959498,0.0010788699763233543,0.03208734880205488,0.03632477183626503,0.03757356932999968,0.03555916207158895,0.039572444924071616,-0.003352476370501687,-0.004983207971579555,-0.0017951983513397709,3,2,True,False,False,True,True,False,False,False,False,,,,,,0,0
1.75,L0.40_U0.80,True,0.4,0.8,True,True,0.03650788009944823,0.0010535913589855923,0.034485037947761685,0.03859030112103483,0.03757356932999968,0.03563462946264235,0.039615629086105296,-0.0010656892305514574,-0.002420127256166913,0.00026957303551582596,3,2,True,False,False,True,True,False,False,False,False,,,,,,0,0
1.75,L0.40_U0.90,True,0.4,0.9,True,True,0.036461635029383765,0.0010408005809976594,0.03441216518075112,0.03852788947663035,0.03757356932999968,0.035596019038353605,0.03957006703679589,-0.00111193430061592,-0.0025573008803915914,0.00033538570023686063,3,2,True,False,False,True,True,False,False,False,False,,,,,,0,0
2.0,OFF,False,,,True,True,0.03696099873189142,0.0010331315980434243,0.03494216213870313,0.03901274196096005,0.03987709025115984,0.03778281921725354,0.04204329429848511,-0.0029160915192684178,-0.0043200934776839095,-0.0015044466070860882,3,2,True,False,False,True,True,False,False,,False,,,,,,,
2.0,L0.10_U0.60,True,0.1,0.6,False,False,,,,,,,,,,,3,2,False,False,False,False,False,False,False,False,False,,,,,,0,0
2.0,L0.10_U0.70,True,0.1,0.7,True,True,0.03523084893328167,0.0010386383971303145,0.03319026685075562,0.03724767845295185,0.03987709025115984,0.03778838445482128,0.041939527620535884,-0.004646241317878171,-0.006222798554881936,-0.0031222007379273333,2,2,True,False,False,True,True,False,False,False,False,,,,,,0,0
2.0,L0.10_U0.80,True,0.1,0.8,True,True,0.03701819511754604,0.0010841686272988536,0.03494591487129594,0.03917007638277201,0.03987709025115984,0.0377919718350408,0.04203214763420028,-0.0028588951336137986,-0.004260334282392702,-0.0014794374734459414,3,2,True,False,False,True,True,False,False,False,False,,,,,,0,0
2.0,L0.10_U0.90,True,0.1,0.9,True,True,0.03725041693172566,0.001047120706763529,0.03524114566198569,0.03932757436461221,0.03987709025115984,0.03783923804833033,0.0419973377557307,-0.0026266733194341817,-0.0040357357114937775,-0.001172671490881059,3,2,True,False,False,True,True,False,False,False,False,,,,,,0,0
2.0,L0.20_U0.60,True,0.2,0.6,False,False,,,,,,,,,,,2,3,False,False,False,False,False,False,False,False,False,,,,,,0,0
2.0,L0.20_U0.70,True,0.2,0.7,True,True,0.034770062574219406,0.0010619945176975336,0.03268885310702163,0.03687393079130299,0.03987709025115984,0.03782102713207372,0.04203374194964717,-0.005107027676940431,-0.006599645432462336,-0.0036018956465246974,2,2,True,False,False,True,True,False,False,False,False,,,,,,0,0
2.0,L0.20_U0.80,True,0.2,0.8,True,True,0.03688224320252481,0.0010368538643423864,0.0348440090341189,0.038919548287710826,0.03987709025115984,0.03785035737257986,0.04201992658473962,-0.002994847048635026,-0.004405625988426712,-0.0015945023873457907,3,2,True,False,False,True,True,False,False,False,False,,,,,,0,0
2.0,L0.20_U0.90,True,0.2,0.9,True,True,0.03731947305167937,0.0010556375029197667,0.03531509420862385,0.03946410970762706,0.03987709025115984,0.037819479475777504,0.042090281481992564,-0.0025576171994804745,-0.00394639957223277,-0.0011621020815238841,3,2,True,False,False,True,True,False,False,False,False,,,,,,0,0
2.0,L0.30_U0.60,True,0.3,0.6,False,False,,,,,,,,,,,2,3,False,False,False,False,False,False,False,False,False,,,,,,0,0
2.0,L0.30_U0.70,True,0.3,0.7,True,True,0.03522639716715733,0.0010686203447400277,0.03312238209338242,0.037312258348808386,0.03987709025115984,0.037787748409610085,0.04197334904025845,-0.004650693084002514,-0.006176954197144458,-0.0031183683666552125,2,2,True,False,False,True,True,False,False,False,False,,,,,,0,0
2.0,L0.30_U0.80,True,0.3,0.8,True,True,0.03746322352955778,0.0010828881784779043,0.035358799556983664,0.039609416733808404,0.03987709025115984,0.037754084014844355,0.04205242947923797,-0.002413866721602054,-0.003800844436449625,-0.00104342928134123,3,2,True,False,False,True,True,False,False,False,False,,,,,,0,0
2.0,L0.30_U0.90,True,0.3,0.9,True,True,0.03730800057670587,0.0010540407681617267,0.035250061332017614,0.03937524123385923,0.03987709025115984,0.037784352532952065,0.041980660698894084,-0.0025690896744539663,-0.00402238554391077,-0.0010928177511525124,3,2,True,False,False,True,True,False,False,False,False,,,,,,0,0
2.0,L0.40_U0.60,True,0.4,0.6,False,False,,,,,,,,,,,3,2,False,False,False,False,False,False,False,False,False,,,,,,0,0
2.0,L0.40_U0.70,True,0.4,0.7,True,True,0.034848872446757315,0.0010831710995241586,0.03273444112451895,0.03699303518172766,0.03987709025115984,0.037833174529758026,0.04200106156820874,-0.0050282178044025235,-0.006674612841570954,-0.0033610634114257486,3,2,True,False,False,True,True,False,False,False,False,,,,,,0,0
2.0,L0.40_U0.80,True,0.4,0.8,True,True,0.037630231535012056,0.001072529259312325,0.035561715538854,0.03978184528988509,0.03987709025115984,0.03780022511735014,0.04208646106264534,-0.0022468587161477774,-0.0036595720488482955,-0.000801668947470629,3,2,True,False,False,True,True,False,False,False,False,,,,,,0,0
2.0,L0.40_U0.90,True,0.4,0.9,True,True,0.03695442846361106,0.0010414090490298315,0.03487624216675031,0.03901451264583551,0.03987709025115984,0.037771549286819604,0.04200541410923506,-0.0029226617875487727,-0.004436406011047318,-0.0013940968707622683,3,2,True,False,False,True,True,False,False,False,False,,,,,,0,0
2.5,OFF,False,,,True,True,0.03817971227038354,0.00104598021062769,0.03615239972620113,0.04023175389637014,0.04412761258792482,0.04210710162212549,0.046209395463930346,-0.005947900317541279,-0.0073058948797996405,-0.004619073505866923,3,2,True,False,False,True,True,False,False,,False,,,,,,,
2.5,L0.10_U0.60,True,0.1,0.6,False,False,,,,,,,,,,,2,2,False,False,False,False,False,False,False,False,False,,,,,,0,0
2.5,L0.10_U0.70,True,0.1,0.7,True,True,0.03623793275515004,0.0010689697042871502,0.03417840952219898,0.038386218078092844,0.04412761258792482,0.042144779404364625,0.046183817154297535,-0.007889679832774773,-0.009205124164142417,-0.006592116227312564,2,2,True,False,False,True,True,False,False,False,False,,,,,,0,0
2.5,L0.10_U0.80,True,0.1,0.8,True,True,0.038060510855328834,0.0010265574802951678,0.036075351872631264,0.04010223565573336,0.04412761258792482,0.04210776464747266,0.04614108828053959,-0.006067101732595989,-0.00730761732190062,-0.004825789709311038,3,2,True,False,False,True,True,False,False,False,False,,,,,,0,0
2.5,L0.10_U0.90,True,0.1,0.9,True,True,0.03847577260666748,0.0010412629327281539,0.03642939524587531,0.04052050573602797,0.04412761258792482,0.042093165291410536,0.04616975859311265,-0.005651839981257331,-0.006971670012320416,-0.004360642076146042,3,2,True,False,False,True,True,False,False,False,False,,,,,,0,0
2.5,L0.20_U0.60,True,0.2,0.6,False,False,,,,,,,,,,,2,2,False,False,False,False,False,False,False,False,False,,,,,,0,0
2.5,L0.20_U0.70,True,0.2,0.7,True,True,0.036022939352108305,0.0010688423102872791,0.033915014008824844,0.03810549042258824,0.04412761258792482,0.04211690735920797,0.04616052273598624,-0.008104673235816519,-0.009538445244984385,-0.00667144270648733,2,2,True,False,False,True,True,False,False,False,False,,,,,,0,0
2.5,L0.20_U0.80,True,0.2,0.8,True,True,0.03851965816666404,0.0010459627243212706,0.03649796502722016,0.04055003958694882,0.04412761258792482,0.04207698498678592,0.04618938474371411,-0.005607954421260766,-0.006894596736065788,-0.0043085266839316344,3,2,True,False,False,True,True,False,False,False,False,,,,,,0,0
2.5,L0.20_U0.90,True,0.2,0.9,True,True,0.0382990384444371,0.0010566553241081876,0.03625813186350116,0.040372159524937924,0.04412761258792482,0.04212108412830247,0.04613778043117479,-0.005828574143487722,-0.007212182160498435,-0.004530768537193907,3,2,True,False,False,True,True,False,False,False,False,,,,,,0,0
2.5,L0.30_U0.60,True,0.3,0.6,False,False,,,,,,,,,,,2,2,False,False,False,False,False,False,False,False,False,,,,,,0,0
2.5,L0.30_U0.70,True,0.3,0.7,True,True,0.03594300244912722,0.001077768036867491,0.033845265710757265,0.03808845189932153,0.04412761258792482,0.04210800923261918,0.04618542170981743,-0.008184610138797599,-0.009597801719710558,-0.006819686569143149,2,2,True,False,False,True,True,False,False,False,False,,,,,,0,0
2.5,L0.30_U0.80,True,0.3,0.8,True,True,0.03799054760105214,0.0010451802456320706,0.03595780343291428,0.04007704236946723,0.04412761258792482,0.0420947830021906,0.0462033645680569,-0.00613706498687268,-0.007407634281555423,-0.004884930677081049,3,2,True,False,False,True,True,False,False,False,False,,,,,,0,0
2.5,L0.30_U0.90,True,0.3,0.9,True,True,0.03819658309215413,0.0010636253162278238,0.03610620565982227,0.0403008320757353,0.04412761258792482,0.04204500167992836,0.046145886960326406,-0.005931029495770685,-0.007257512166696703,-0.0046122712565960814,3,2,True,False,False,True,True,False,False,False,False,,,,,,0,0
2.5,L0.40_U0.60,True,0.4,0.6,False,False,,,,,,,,,,,2,2,False,False,False,False,False,False,False,False,False,,,,,,0,0
2.5,L0.40_U0.70,True,0.4,0.7,True,True,0.03598674516324493,0.0010519201981527878,0.03391061598914662,0.038045760142924344,0.04412761258792482,0.042085141538478456,0.04615111506279059,-0.008140867424679886,-0.009560561006119092,-0.006767501556829501,3,2,True,False,False,True,True,False,False,False,False,,,,,,0,0
2.5,L0.40_U0.80,True,0.4,0.8,True,True,0.0391028023880927,0.001051729906265068,0.03704422907399069,0.04119005648292033,0.04412761258792482,0.04209346301013606,0.04618148636369919,-0.0050248101998321085,-0.00636191850254064,-0.0037467806996660832,3,2,True,False,False,True,True,False,False,False,False,,,,,,0,0
2.5,L0.40_U0.90,True,0.4,0.9,True,True,0.038361991401519455,0.0010156419763133234,0.03637815149965489,0.040328125833864116,0.04412761258792482,0.04208325776974496,0.046136517019788006,-0.00576562118640536,-0.007236903280760164,-0.004347497951662447,3,2,True,False,False,True,True,False,False,False,False,,,,,,0,0
3.0,OFF,False,,,True,True,0.0395919153406515,0.0010605882048148765,0.03756188656599561,0.04168978819418317,0.047332360928218235,0.045317540217788145,0.04940762235458762,-0.007740445587566753,-0.009041081054461718,-0.0064091155547518035,3,2,True,False,False,True,True,False,False,,False,,,,,,,
3.0,L0.10_U0.60,True,0.1,0.6,False,False,,,,,,,,,,,2,2,False,False,False,False,False,False,False,False,False,,,,,,0,0
3.0,L0.10_U0.70,True,0.1,0.7,True,True,0.03668844148067395,0.001057745806088302,0.03463940932518847,0.038777581556580204,0.047332360928218235,0.04532113071875266,0.04931644468340341,-0.010643919447544292,-0.0119036805649195,-0.009384292601274501,2,2,True,False,False,True,False,False,False,False,False,,,,,,0,0
3.0,L0.10_U0.80,True,0.1,0.8,True,True,0.03919797534423235,0.001052749817246119,0.03712485854213339,0.04126473446050134,0.047332360928218235,0.045271276860028103,0.04945944749015509,-0.008134385583985894,-0.009328104547683638,-0.006954298755004186,3,2,True,False,False,True,True,False,False,False,False,,,,,,0,0
3.0,L0.10_U0.90,True,0.1,0.9,True,True,0.039363717571866456,0.001042472972861322,0.0372741420142217,0.041349378950167104,0.047332360928218235,0.045292742522310955,0.04937393997653036,-0.007968643356351779,-0.009136769461463667,-0.006830507699926276,3,2,True,False,False,True,True,False,False,False,False,,,,,,0,0
3.0,L0.20_U0.60,True,0.2,0.6,False,False,,,,,,,,,,,2,2,False,False,False,False,False,False,False,False,False,,,,,,0,0
3.0,L0.20_U0.70,True,0.2,0.7,True,True,0.03654980807150288,0.0010514441016973288,0.03453190764945188,0.038656873737949064,0.047332360928218235,0.04530525558809082,0.04938975741226437,-0.010782552856715356,-0.012024807452575626,-0.009530034079102785,2,2,True,False,False,True,False,False,False,False,False,,,,,,0,0
3.0,L0.20_U0.80,True,0.2,0.8,True,True,0.03953266442351421,0.0010524486281883476,0.03743633393854499,0.041580093609074865,0.047332360928218235,0.045282345028569544,0.04936649730019591,-0.007799696504704033,-0.009083580260313816,-0.006547545992556186,3,2,True,False,False,True,True,False,False,False,False,,,,,,0,0
3.0,L0.20_U0.90,True,0.2,0.9,True,True,0.039501051714968434,0.0010497371686750754,0.03746535681940399,0.04155446070035137,0.047332360928218235,0.04532382251261427,0.049370014036899015,-0.007831309213249815,-0.009117686966345462,-0.00658032029160819,3,2,True,False,False,True,True,False,False,False,False,,,,,,0,0
3.0,L0.30_U0.60,True,0.3,0.6,False,False,,,,,,,,,,,2,2,False,False,False,False,False,False,False,False,False,,,,,,0,0
3.0,L0.30_U0.70,True,0.3,0.7,True,True,0.036330112745802404,0.0010652449993743482,0.03427955846972246,0.0384497128404419,0.047332360928218235,0.04531782310725164,0.049399129680609104,-0.011002248182415837,-0.012263291508633695,-0.009740938976835966,2,2,True,False,False,True,False,False,False,False,False,,,,,,0,0
3.0,L0.30_U0.80,True,0.3,0.8,True,True,0.03890486426073822,0.0010207193856208924,0.036870142206420445,0.04085372420498606,0.047332360928218235,0.04529844497198062,0.049365131100285585,-0.008427496667480026,-0.00956543997941727,-0.007281313525504759,3,2,True,False,False,True,True,False,False,False,False,,,,,,0,0
3.0,L0.30_U0.90,True,0.3,0.9,True,True,0.03907412418175515,0.0010851457739300414,0.03695574780923599,0.04123698707397802,0.047332360928218235,0.045280131179038605,0.049413386604838475,-0.008258236746463086,-0.009480638716221523,-0.006984172099014326,3,2,True,False,False,True,True,False,False,False,False,,,,,,0,0
3.0,L0.40_U0.60,True,0.4,0.6,False,False,,,,,,,,,,,2,2,False,False,False,False,False,False,False,False,False,,,,,,0,0
3.0,L0.40_U0.70,True,0.4,0.7,True,True,0.03653663934965501,0.0010730105175782464,0.03442772238444525,0.038651585401096825,0.047332360928218235,0.045296385910543024,0.04939225280141848,-0.010795721578563228,-0.012142947092491623,-0.009473585502252038,3,2,True,False,False,True,False,False,False,False,False,,,,,,0,0
3.0,L0.40_U0.80,True,0.4,0.8,True,True,0.03969790668087303,0.0010461712995968814,0.03767163742442822,0.04173496598097251,0.047332360928218235,0.045342863973190324,0.04936085817396059,-0.007634454247345206,-0.008858444504615568,-0.0064279208231921995,3,2,True,False,False,True,True,False,False,False,False,,,,,,0,0
3.0,L0.40_U0.90,True,0.4,0.9,True,True,0.03942875679649177,0.0010309222444982702,0.037446611428256185,0.041462537634236185,0.047332360928218235,0.04530986409086064,0.04941072052691766,-0.007903604131726468,-0.009187809550184762,-0.006596735187894074,3,2,True,False,False,True,True,False,False,False,False,,,,,,0,0
3.5,OFF,False,,,True,True,0.04018315585211839,0.0010535290657867084,0.03814231516635346,0.04225092771021852,0.051283182501229554,0.049249204964452835,0.05335937362124232,-0.011100026649111172,-0.012398812013991014,-0.009816180294367918,3,2,True,False,False,True,False,False,False,,False,,,,,,,
3.5,L0.10_U0.60,True,0.1,0.6,False,False,,,,,,,,,,,1,1,False,False,False,False,False,False,False,False,False,,,,,,0,0
3.5,L0.10_U0.70,True,0.1,0.7,True,True,0.037464941512163015,0.0010920565738596168,0.03537053102876036,0.03959644284982051,0.051283182501229554,0.049249636768571296,0.05336089068705362,-0.013818240989066546,-0.015155870821656337,-0.012498333724423518,2,2,True,False,False,True,False,False,False,False,False,,,,,,0,0
3.5,L0.10_U0.80,True,0.1,0.8,True,True,0.03940879199421561,0.0010445590646794701,0.03738743709105638,0.04145728019044378,0.051283182501229554,0.04922936547200723,0.05339185370549283,-0.011874390507013948,-0.013003315228477441,-0.01076857083454067,3,2,True,False,False,True,False,False,False,False,False,,,,,,0,0
3.5,L0.10_U0.90,True,0.1,0.9,True,True,0.0397395229481567,0.0010228949468345226,0.03775744279236419,0.04174404209924399,0.051283182501229554,0.04923707199244664,0.053395393641804935,-0.01154365955307287,-0.01266583054236379,-0.010406525686182158,3,2,True,False,False,True,False,False,False,False,False,,,,,,0,0
3.5,L0.20_U0.60,True,0.2,0.6,False,False,,,,,,,,,,,1,1,False,False,False,False,False,False,False,False,False,,,,,,0,0
3.5,L0.20_U0.70,True,0.2,0.7,True,True,0.03711233575363272,0.001072785071258748,0.034966016093585774,0.0391648750428191,0.051283182501229554,0.04919016971613647,0.053368912025144065,-0.01417084674759685,-0.015454662275328103,-0.012905768527844846,2,2,True,False,False,True,False,False,False,False,False,,,,,,0,0
3.5,L0.20_U0.80,True,0.2,0.8,True,True,0.03973616523004534,0.0010407244799000288,0.03771934579236365,0.041772196813136514,0.051283182501229554,0.04922664031829462,0.05339312053427312,-0.011547017271184226,-0.012615987096980837,-0.010449168571781622,3,2,True,False,False,True,False,False,False,False,False,,,,,,0,0
3.5,L0.20_U0.90,True,0.2,0.9,True,True,0.03979022247351574,0.001055895999849224,0.037764413936239395,0.04188777187593147,0.051283182501229554,0.04923477792938873,0.053393669009965,-0.011492960027713828,-0.012862688788123454,-0.010134902358903394,3,2,True,False,False,True,False,False,False,False,False,,,,,,0,0
3.5,L0.30_U0.60,True,0.3,0.6,False,False,,,,,,,,,,,1,1,False,False,False,False,False,False,False,False,False,,,,,,0,0
3.5,L0.30_U0.70,True,0.3,0.7,True,True,0.037304496585266425,0.0010914040435839013,0.03521720151939289,0.03945901939300164,0.051283182501229554,0.04919885816657457,0.05336784737634971,-0.01397868591596314,-0.01533195990593849,-0.012620775640411324,2,2,True,False,False,True,False,False,False,False,False,,,,,,0,0
3.5,L0.30_U0.80,True,0.3,0.8,True,True,0.03928362378975954,0.00105574795646896,0.03719124671355668,0.04138942346415948,0.051283182501229554,0.049213959882507596,0.053406353108238845,-0.011999558711470019,-0.013280642857154074,-0.010774559287709429,3,2,True,False,False,True,False,False,False,False,False,,,,,,0,0
3.5,L0.30_U0.90,True,0.3,0.9,True,True,0.03977615260375604,0.0010896559735459868,0.037610653704939934,0.041958050165720934,0.051283182501229554,0.04922556654677043,0.05339667408931787,-0.011507029897473525,-0.012754664994874373,-0.010264132637450386,3,2,True,False,False,True,False,False,False,False,False,,,,,,0,0
3.5,L0.40_U0.60,True,0.4,0.6,False,False,,,,,,,,,,,1,1,False,False,False,False,False,False,False,False,False,,,,,,0,0
3.5,L0.40_U0.70,True,0.4,0.7,True,True,0.03727793823629051,0.0010888846554053318,0.03515703460190238,0.03947040130639773,0.051283182501229554,0.04923078169377406,0.05341435054378481,-0.014005244264939046,-0.01536364537751618,-0.01263861455285262,2,2,True,False,False,True,False,False,False,False,False,,,,,,0,0
3.5,L0.40_U0.80,True,0.4,0.8,True,True,0.04043601529999275,0.001069487077889002,0.038299204981117156,0.042528504558721245,0.051283182501229554,0.049200976458093584,0.053373381058337006,-0.010847167201236822,-0.012039592539834413,-0.009640228994592201,3,2,True,False,False,True,False,False,False,False,False,,,,,,0,0
3.5,L0.40_U0.90,True,0.4,0.9,True,True,0.0400656506991397,0.0010515062117719045,0.03803377981138428,0.042100357774999105,0.051283182501229554,0.0492300949947264,0.053339321455504025,-0.011217531802089864,-0.01248197603071065,-0.009914818086611807,3,2,True,False,False,True,False,False,False,False,False,,,,,,0,0
4.0,OFF,False,,,True,True,0.04027100705103515,0.0010745486313373052,0.03815402275685493,0.04236472257438397,0.053601586765125234,0.05154287609511139,0.055644202253907045,-0.013330579714090079,-0.01454984055586098,-0.01210264086826344,3,2,True,False,False,True,False,False,False,,False,,,,,,,
4.0,L0.10_U0.60,True,0.1,0.6,False,False,,,,,,,,,,,1,1,False,False,False,False,False,False,False,False,False,,,,,,0,0
4.0,L0.10_U0.70,True,0.1,0.7,True,True,0.0374557769727555,0.0010799331409435322,0.03537436075915116,0.0395501314309488,0.053601586765125234,0.05158237248627989,0.05563768020132097,-0.016145809792369733,-0.017419734594647837,-0.01488451770088704,2,2,True,False,False,True,False,False,False,False,False,,,,,,0,0
4.0,L0.10_U0.80,True,0.1,0.8,True,True,0.039621877657968964,0.0010592663790852947,0.03757998753073091,0.041731095681828076,0.053601586765125234,0.051576855793453905,0.055693066487355204,-0.013979709107156263,-0.015156511891793142,-0.01276426514889495,3,2,True,False,False,True,False,False,False,False,False,,,,,,0,0
4.0,L0.10_U0.90,True,0.1,0.9,True,True,0.040307543785959986,0.0010350342768681966,0.03830541552424752,0.04236883240326753,0.053601586765125234,0.05161880072114602,0.055725206166351834,-0.013294042979165241,-0.014382941670772849,-0.012179690688956777,3,2,True,False,False,True,False,False,False,False,False,,,,,,0,0
4.0,L0.20_U0.60,True,0.2,0.6,False,False,,,,,,,,,,,1,1,False,False,False,False,False,False,False,False,False,,,,,,0,0
4.0,L0.20_U0.70,True,0.2,0.7,True,True,0.03725374116971754,0.0010773797501271837,0.03519799098046432,0.03943497647278626,0.053601586765125234,0.051637185821166186,0.05573435755881536,-0.01634784559540769,-0.017576184065009364,-0.015132218087649413,2,2,True,False,False,True,False,False,False,False,False,,,,,,0,0
4.0,L0.20_U0.80,True,0.2,0.8,True,True,0.040218276021813014,0.001066932632660691,0.03810646742953144,0.04229750080069245,0.053601586765125234,0.05149995111447255,0.05565200406480735,-0.013383310743312204,-0.0144915354268619,-0.012267512541546266,3,2,True,False,False,True,False,False,False,False,False,,,,,,0,0
4.0,L0.20_U0.90,True,0.2,0.9,True,True,0.040363286295988836,0.0010786831494983278,0.03827543206892612,0.042481345024872816,0.053601586765125234,0.05158688563832215,0.05571904232018507,-0.013238300469136387,-0.014456605431328422,-0.012046767079293186,3,2,True,False,False,True,False,False,False,False,False,,,,,,0,0
4.0,L0.30_U0.60,True,0.3,0.6,False,False,,,,,,,,,,,1,1,False,False,False,False,False,False,False,False,False,,,,,,0,0
4.0,L0.30_U0.70,True,0.3,0.7,True,True,0.03759332483367713,0.0010779456720376806,0.035405461802009486,0.03967863153273425,0.053601586765125234,0.05151820028910252,0.055714639155253515,-0.0160082619314481,-0.01726044719533331,-0.014745264208821949,2,2,True,False,False,True,False,False,False,False,False,,,,,,0,0
4.0,L0.30_U0.80,True,0.3,0.8,True,True,0.0396404653862584,0.0010799710944880488,0.03752369329274791,0.04177933628991051,0.053601586765125234,0.051559250127741756,0.05566510894450276,-0.013961121378866828,-0.015172894341082838,-0.012728630857987143,3,2,True,False,False,True,False,False,False,False,False,,,,,,0,0
4.0,L0.30_U0.90,True,0.3,0.9,True,True,0.039971813901349455,0.00109999540878981,0.03777595048781538,0.04210230867644115,0.053601586765125234,0.05152637643400427,0.05568168396724027,-0.01362977286377578,-0.014821828582639507,-0.012528900461936957,3,2,True,False,False,True,False,False,False,False,False,,,,,,0,0
4.0,L0.40_U0.60,True,0.4,0.6,False,False,,,,,,,,,,,1,1,False,False,False,False,False,False,False,False,False,,,,,,0,0
4.0,L0.40_U0.70,True,0.4,0.7,True,True,0.03744740769989105,0.0010887030120980568,0.03537100024471474,0.03963598268807512,0.053601586765125234,0.05160374549718794,0.05571063746878765,-0.016154179065234177,-0.01748758433126972,-0.014802918923243216,2,2,True,False,False,True,False,False,False,False,False,,,,,,0,0
4.0,L0.40_U0.80,True,0.4,0.8,True,True,0.040554497391363346,0.0010700013613082478,0.038497943518793695,0.04267110251960189,0.053601586765125234,0.051558024857363195,0.055679366266870665,-0.01304708937376188,-0.01416056179513183,-0.011950692037483815,3,2,True,False,False,True,False,False,False,False,False,,,,,,0,0
4.0,L0.40_U0.90,True,0.4,0.9,True,True,0.04088058198489504,0.0010576137129219916,0.03882545345093912,0.042962275313995366,0.053601586765125234,0.05155855793871252,0.0556463756004764,-0.01272100478023019,-0.01387943319302326,-0.011528753219819577,3,2,True,False,False,True,False,False,False,False,False,,,,,,0,0
