experiment_name,experiment_id,protocol_version,cell_id,language,repeat_seed,training_condition,ratio,similarity_condition_id,similarity_enabled,similarity_lower,similarity_upper,n_add,total_train_n,label_0_n,label_1_n,macro_f1,auroc,auroc_reason,status,fit_seconds,n_iter,converged,convergence_warning,exception_type,exception_message
Binary Matched-Size Augmentation Experiment,binary_matched_size_experiment,journal-matched-size-v1,bn_binary_cinexdrama,bn,1000,base,,,0,,,0,280,127,153,0.851359233603753,0.9356156367041198,,completed,0.18796370003838092,13,1,,,
Binary Matched-Size Augmentation Experiment,binary_matched_size_experiment,journal-matched-size-v1,bn_binary_cinexdrama,bn,1001,base,,,0,,,0,280,127,153,0.8502239206496778,0.9337107911985019,,completed,0.13062769995303825,17,1,,,
Binary Matched-Size Augmentation Experiment,binary_matched_size_experiment,journal-matched-size-v1,bn_binary_cinexdrama,bn,1002,base,,,0,,,0,280,127,153,0.8454653152560221,0.9281337780898877,,completed,0.106532400008291,8,1,,,
Binary Matched-Size Augmentation Experiment,binary_matched_size_experiment,journal-matched-size-v1,bn_binary_cinexdrama,bn,1003,base,,,0,,,0,280,127,153,0.8577671773553178,0.940780079588015,,completed,0.12236390000907704,15,1,,,
Binary Matched-Size Augmentation Experiment,binary_matched_size_experiment,journal-matched-size-v1,bn_binary_cinexdrama,bn,1004,base,,,0,,,0,280,127,153,0.8497349791662248,0.931282186329588,,completed,0.15172080002957955,17,1,,,
Binary Matched-Size Augmentation Experiment,binary_matched_size_experiment,journal-matched-size-v1,bn_binary_cinexdrama,bn,1005,base,,,0,,,0,280,127,153,0.8512625713379719,0.9249414794007491,,completed,0.12464250001357868,19,1,,,
Binary Matched-Size Augmentation Experiment,binary_matched_size_experiment,journal-matched-size-v1,bn_binary_cinexdrama,bn,1006,base,,,0,,,0,280,127,153,0.8549310614352763,0.9354283707865169,,completed,0.14072860003216192,12,1,,,
Binary Matched-Size Augmentation Experiment,binary_matched_size_experiment,journal-matched-size-v1,bn_binary_cinexdrama,bn,1007,base,,,0,,,0,280,127,153,0.8556320708312838,0.9341058052434458,,completed,0.1424544000183232,16,1,,,
Binary Matched-Size Augmentation Experiment,binary_matched_size_experiment,journal-matched-size-v1,bn_binary_cinexdrama,bn,1008,base,,,0,,,0,280,127,153,0.8551775736407797,0.9329236891385768,,completed,0.09688510000705719,19,1,,,
Binary Matched-Size Augmentation Experiment,binary_matched_size_experiment,journal-matched-size-v1,bn_binary_cinexdrama,bn,1009,base,,,0,,,0,280,127,153,0.8576828556000045,0.9415320692883895,,completed,0.15271819999907166,12,1,,,
Binary Matched-Size Augmentation Experiment,binary_matched_size_experiment,journal-matched-size-v1,bn_binary_cinexdrama,bn,1010,base,,,0,,,0,280,127,153,0.853960012059019,0.9333772237827715,,completed,0.09853740001562983,13,1,,,
Binary Matched-Size Augmentation Experiment,binary_matched_size_experiment,journal-matched-size-v1,bn_binary_cinexdrama,bn,1011,base,,,0,,,0,280,127,153,0.862125660598943,0.936660229400749,,completed,0.14388400001917034,15,1,,,
Binary Matched-Size Augmentation Experiment,binary_matched_size_experiment,journal-matched-size-v1,bn_binary_cinexdrama,bn,1012,base,,,0,,,0,280,127,153,0.84154892329287,0.9280694054307116,,completed,0.09626300004310906,13,1,,,
Binary Matched-Size Augmentation Experiment,binary_matched_size_experiment,journal-matched-size-v1,bn_binary_cinexdrama,bn,1013,base,,,0,,,0,280,127,153,0.8496408432407905,0.9365431882022472,,completed,0.1666111999657005,9,1,,,
Binary Matched-Size Augmentation Experiment,binary_matched_size_experiment,journal-matched-size-v1,bn_binary_cinexdrama,bn,1014,base,,,0,,,0,280,127,153,0.8443845399547567,0.9295031601123596,,completed,0.22117510001407936,13,1,,,
Binary Matched-Size Augmentation Experiment,binary_matched_size_experiment,journal-matched-size-v1,bn_binary_cinexdrama,bn,1015,base,,,0,,,0,280,127,153,0.8507910537156882,0.93015859082397,,completed,0.1778125999844633,22,1,,,
Binary Matched-Size Augmentation Experiment,binary_matched_size_experiment,journal-matched-size-v1,bn_binary_cinexdrama,bn,1016,base,,,0,,,0,280,127,153,0.8527802527802528,0.9399490870786517,,completed,0.12590869999257848,12,1,,,
Binary Matched-Size Augmentation Experiment,binary_matched_size_experiment,journal-matched-size-v1,bn_binary_cinexdrama,bn,1017,base,,,0,,,0,280,127,153,0.8588476529624067,0.9357473080524346,,completed,0.1373184999683872,9,1,,,
Binary Matched-Size Augmentation Experiment,binary_matched_size_experiment,journal-matched-size-v1,bn_binary_cinexdrama,bn,1018,base,,,0,,,0,280,127,153,0.8670271652752151,0.9414472144194758,,completed,0.14768450002884492,7,1,,,
Binary Matched-Size Augmentation Experiment,binary_matched_size_experiment,journal-matched-size-v1,bn_binary_cinexdrama,bn,1019,base,,,0,,,0,280,127,153,0.8382263668899971,0.9367333801498127,,completed,0.12579200003528967,17,1,,,
Binary Matched-Size Augmentation Experiment,binary_matched_size_experiment,journal-matched-size-v1,bn_binary_cinexdrama,bn,1020,base,,,0,,,0,280,127,153,0.8534243264772088,0.936926498127341,,completed,0.11895109998295084,9,1,,,
Binary Matched-Size Augmentation Experiment,binary_matched_size_experiment,journal-matched-size-v1,bn_binary_cinexdrama,bn,1021,base,,,0,,,0,280,127,153,0.8552850539291217,0.9377984550561798,,completed,0.12540349998744205,11,1,,,
Binary Matched-Size Augmentation Experiment,binary_matched_size_experiment,journal-matched-size-v1,bn_binary_cinexdrama,bn,1022,base,,,0,,,0,280,127,153,0.8415026781128476,0.9262172284644195,,completed,0.11546319996705279,9,1,,,
Binary Matched-Size Augmentation Experiment,binary_matched_size_experiment,journal-matched-size-v1,bn_binary_cinexdrama,bn,1023,base,,,0,,,0,280,127,153,0.8561274509803922,0.9304043773408239,,completed,0.19017240003449842,18,1,,,
Binary Matched-Size Augmentation Experiment,binary_matched_size_experiment,journal-matched-size-v1,bn_binary_cinexdrama,bn,1024,base,,,0,,,0,280,127,153,0.8581871291513996,0.9391795411985019,,completed,0.1175645999610424,15,1,,,
Binary Matched-Size Augmentation Experiment,binary_matched_size_experiment,journal-matched-size-v1,bn_binary_cinexdrama,bn,1025,base,,,0,,,0,280,127,153,0.8554390655783846,0.9399900514981274,,completed,0.16377789998659864,9,1,,,
Binary Matched-Size Augmentation Experiment,binary_matched_size_experiment,journal-matched-size-v1,bn_binary_cinexdrama,bn,1026,base,,,0,,,0,280,127,153,0.8516692702798829,0.9299596207865168,,completed,0.15500650001922622,13,1,,,
Binary Matched-Size Augmentation Experiment,binary_matched_size_experiment,journal-matched-size-v1,bn_binary_cinexdrama,bn,1027,base,,,0,,,0,280,127,153,0.8456664230869506,0.934123361423221,,completed,0.11470590002136305,9,1,,,
Binary Matched-Size Augmentation Experiment,binary_matched_size_experiment,journal-matched-size-v1,bn_binary_cinexdrama,bn,1028,base,,,0,,,0,280,127,153,0.8615333786063671,0.9359053136704122,,completed,0.1340220000129193,17,1,,,
Binary Matched-Size Augmentation Experiment,binary_matched_size_experiment,journal-matched-size-v1,bn_binary_cinexdrama,bn,1029,base,,,0,,,0,280,127,153,0.855123051970947,0.941154611423221,,completed,0.17848669999511912,16,1,,,
Binary Matched-Size Augmentation Experiment,binary_matched_size_experiment,journal-matched-size-v1,bn_binary_cinexdrama,bn,1030,base,,,0,,,0,280,127,153,0.8509508304033828,0.9312382958801497,,completed,0.17133499996270984,19,1,,,
Binary Matched-Size Augmentation Experiment,binary_matched_size_experiment,journal-matched-size-v1,bn_binary_cinexdrama,bn,1031,base,,,0,,,0,280,127,153,0.8555851367618245,0.9390800561797754,,completed,0.10322879999876022,9,1,,,
Binary Matched-Size Augmentation Experiment,binary_matched_size_experiment,journal-matched-size-v1,bn_binary_cinexdrama,bn,1032,base,,,0,,,0,280,127,153,0.851162293060098,0.9343018492509364,,completed,0.0901884000049904,19,1,,,
Binary Matched-Size Augmentation Experiment,binary_matched_size_experiment,journal-matched-size-v1,bn_binary_cinexdrama,bn,1033,base,,,0,,,0,280,127,153,0.8438824052339442,0.931683052434457,,completed,0.11571260000346228,18,1,,,
Binary Matched-Size Augmentation Experiment,binary_matched_size_experiment,journal-matched-size-v1,bn_binary_cinexdrama,bn,1034,base,,,0,,,0,280,127,153,0.838829436176859,0.931308520599251,,completed,0.13473839999642223,9,1,,,
Binary Matched-Size Augmentation Experiment,binary_matched_size_experiment,journal-matched-size-v1,bn_binary_cinexdrama,bn,1035,base,,,0,,,0,280,127,153,0.8480176646424102,0.9290115870786517,,completed,0.09953550004865974,15,1,,,
Binary Matched-Size Augmentation Experiment,binary_matched_size_experiment,journal-matched-size-v1,bn_binary_cinexdrama,bn,1036,base,,,0,,,0,280,127,153,0.8457814950416505,0.9358058286516855,,completed,0.10007530002621934,8,1,,,
Binary Matched-Size Augmentation Experiment,binary_matched_size_experiment,journal-matched-size-v1,bn_binary_cinexdrama,bn,1037,base,,,0,,,0,280,127,153,0.8484485753180303,0.9330407303370786,,completed,0.13521259999834,17,1,,,
Binary Matched-Size Augmentation Experiment,binary_matched_size_experiment,journal-matched-size-v1,bn_binary_cinexdrama,bn,1038,base,,,0,,,0,280,127,153,0.8421879846965153,0.9343691479400748,,completed,0.09554810001282021,20,1,,,
Binary Matched-Size Augmentation Experiment,binary_matched_size_experiment,journal-matched-size-v1,bn_binary_cinexdrama,bn,1039,base,,,0,,,0,280,127,153,0.8539134050078467,0.9293948970037453,,completed,0.20539070002269,19,1,,,
Binary Matched-Size Augmentation Experiment,binary_matched_size_experiment,journal-matched-size-v1,bn_binary_cinexdrama,bn,1040,base,,,0,,,0,280,127,153,0.8516276599552769,0.932432116104869,,completed,0.1012285000178963,9,1,,,
Binary Matched-Size Augmentation Experiment,binary_matched_size_experiment,journal-matched-size-v1,bn_binary_cinexdrama,bn,1041,base,,,0,,,0,280,127,153,0.8496408432407905,0.9305799391385767,,completed,0.09533449995797127,17,1,,,
Binary Matched-Size Augmentation Experiment,binary_matched_size_experiment,journal-matched-size-v1,bn_binary_cinexdrama,bn,1042,base,,,0,,,0,280,127,153,0.8540945351611846,0.9336551966292135,,completed,0.12584589998004958,17,1,,,
Binary Matched-Size Augmentation Experiment,binary_matched_size_experiment,journal-matched-size-v1,bn_binary_cinexdrama,bn,1043,base,,,0,,,0,280,127,153,0.856090919438583,0.934568117977528,,completed,0.12404640001477674,22,1,,,
Binary Matched-Size Augmentation Experiment,binary_matched_size_experiment,journal-matched-size-v1,bn_binary_cinexdrama,bn,1044,base,,,0,,,0,280,127,153,0.8551779436254857,0.9360135767790262,,completed,0.13962329999776557,15,1,,,
Binary Matched-Size Augmentation Experiment,binary_matched_size_experiment,journal-matched-size-v1,bn_binary_cinexdrama,bn,1045,base,,,0,,,0,280,127,153,0.8646217712177122,0.9375585205992509,,completed,0.1162427999661304,22,1,,,
Binary Matched-Size Augmentation Experiment,binary_matched_size_experiment,journal-matched-size-v1,bn_binary_cinexdrama,bn,1046,base,,,0,,,0,280,127,153,0.8606487600447119,0.9333362593632959,,completed,0.12158879998605698,9,1,,,
Binary Matched-Size Augmentation Experiment,binary_matched_size_experiment,journal-matched-size-v1,bn_binary_cinexdrama,bn,1047,base,,,0,,,0,280,127,153,0.8433376641278238,0.9331372893258427,,completed,0.11960259999614209,8,1,,,
Binary Matched-Size Augmentation Experiment,binary_matched_size_experiment,journal-matched-size-v1,bn_binary_cinexdrama,bn,1048,base,,,0,,,0,280,127,153,0.8585673325657277,0.9336610486891386,,completed,0.12399140000343323,18,1,,,
Binary Matched-Size Augmentation Experiment,binary_matched_size_experiment,journal-matched-size-v1,bn_binary_cinexdrama,bn,1049,base,,,0,,,0,280,127,153,0.8650186341044022,0.9396330758426967,,completed,0.1581344999722205,18,1,,,
Binary Matched-Size Augmentation Experiment,binary_matched_size_experiment,journal-matched-size-v1,en_binary_sst2,en,1000,base,,,0,,,0,280,124,156,0.9127338753582345,0.9752731186941712,,completed,0.4336572999600321,14,1,,,
Binary Matched-Size Augmentation Experiment,binary_matched_size_experiment,journal-matched-size-v1,en_binary_sst2,en,1001,base,,,0,,,0,280,124,156,0.9179045464490898,0.9772257968639547,,completed,0.7103662999579683,10,1,,,
Binary Matched-Size Augmentation Experiment,binary_matched_size_experiment,journal-matched-size-v1,en_binary_sst2,en,1002,base,,,0,,,0,280,124,156,0.9082487768039997,0.9750716936572199,,completed,0.8594933000276797,14,1,,,
Binary Matched-Size Augmentation Experiment,binary_matched_size_experiment,journal-matched-size-v1,en_binary_sst2,en,1003,base,,,0,,,0,280,124,156,0.908623775724008,0.9746774387892809,,completed,0.7994459999608807,13,1,,,
Binary Matched-Size Augmentation Experiment,binary_matched_size_experiment,journal-matched-size-v1,en_binary_sst2,en,1004,base,,,0,,,0,280,124,156,0.912800377625892,0.975118404986826,,completed,0.7943575999815948,11,1,,,
Binary Matched-Size Augmentation Experiment,binary_matched_size_experiment,journal-matched-size-v1,en_binary_sst2,en,1005,base,,,0,,,0,280,124,156,0.9058122221215359,0.9766114404601247,,completed,0.8289807999972254,13,1,,,
Binary Matched-Size Augmentation Experiment,binary_matched_size_experiment,journal-matched-size-v1,en_binary_sst2,en,1006,base,,,0,,,0,280,124,156,0.9080779685998362,0.978270757020757,,completed,0.839965499995742,10,1,,,
Binary Matched-Size Augmentation Experiment,binary_matched_size_experiment,journal-matched-size-v1,en_binary_sst2,en,1007,base,,,0,,,0,280,124,156,0.9024964911323574,0.9752765728423624,,completed,0.7078836000291631,18,1,,,
Binary Matched-Size Augmentation Experiment,binary_matched_size_experiment,journal-matched-size-v1,en_binary_sst2,en,1008,base,,,0,,,0,280,124,156,0.9148684014665385,0.9755954790823211,,completed,0.6561902000103146,9,1,,,
Binary Matched-Size Augmentation Experiment,binary_matched_size_experiment,journal-matched-size-v1,en_binary_sst2,en,1009,base,,,0,,,0,280,124,156,0.9198582148980186,0.9767591253775464,,completed,0.8047451000311412,10,1,,,
Binary Matched-Size Augmentation Experiment,binary_matched_size_experiment,journal-matched-size-v1,en_binary_sst2,en,1010,base,,,0,,,0,280,124,156,0.9130166703028317,0.9774546944283785,,completed,0.7177523999707773,14,1,,,
Binary Matched-Size Augmentation Experiment,binary_matched_size_experiment,journal-matched-size-v1,en_binary_sst2,en,1011,base,,,0,,,0,280,124,156,0.90229817985437,0.976506731572521,,completed,0.8438909000251442,9,1,,,
Binary Matched-Size Augmentation Experiment,binary_matched_size_experiment,journal-matched-size-v1,en_binary_sst2,en,1012,base,,,0,,,0,280,124,156,0.9071690446393875,0.9770153749759014,,completed,0.806709399970714,15,1,,,
Binary Matched-Size Augmentation Experiment,binary_matched_size_experiment,journal-matched-size-v1,en_binary_sst2,en,1013,base,,,0,,,0,280,124,156,0.9200563510466683,0.9778281039136301,,completed,0.7442161000217311,18,1,,,
Binary Matched-Size Augmentation Experiment,binary_matched_size_experiment,journal-matched-size-v1,en_binary_sst2,en,1014,base,,,0,,,0,280,124,156,0.907146141680405,0.9755116959064328,,completed,0.8254917000303976,10,1,,,
Binary Matched-Size Augmentation Experiment,binary_matched_size_experiment,journal-matched-size-v1,en_binary_sst2,en,1015,base,,,0,,,0,280,124,156,0.9061444204080342,0.9760518282886703,,completed,0.872134700010065,14,1,,,
Binary Matched-Size Augmentation Experiment,binary_matched_size_experiment,journal-matched-size-v1,en_binary_sst2,en,1016,base,,,0,,,0,280,124,156,0.9067007349601042,0.9750169092603304,,completed,0.8036922999890521,10,1,,,
Binary Matched-Size Augmentation Experiment,binary_matched_size_experiment,journal-matched-size-v1,en_binary_sst2,en,1017,base,,,0,,,0,280,124,156,0.90397607476544,0.9755950372726688,,completed,0.7007434000261128,9,1,,,
Binary Matched-Size Augmentation Experiment,binary_matched_size_experiment,journal-matched-size-v1,en_binary_sst2,en,1018,base,,,0,,,0,280,124,156,0.9158999467493869,0.9757573420731316,,completed,0.7515620000194758,10,1,,,
Binary Matched-Size Augmentation Experiment,binary_matched_size_experiment,journal-matched-size-v1,en_binary_sst2,en,1019,base,,,0,,,0,280,124,156,0.912945316288349,0.9765582224792752,,completed,0.8488904000259936,10,1,,,
Binary Matched-Size Augmentation Experiment,binary_matched_size_experiment,journal-matched-size-v1,en_binary_sst2,en,1020,base,,,0,,,0,280,124,156,0.9026959504995173,0.976732415975837,,completed,0.7108670999878086,10,1,,,
Binary Matched-Size Augmentation Experiment,binary_matched_size_experiment,journal-matched-size-v1,en_binary_sst2,en,1021,base,,,0,,,0,280,124,156,0.915505364682083,0.9754203618019406,,completed,0.8460024999803863,10,1,,,
Binary Matched-Size Augmentation Experiment,binary_matched_size_experiment,journal-matched-size-v1,en_binary_sst2,en,1022,base,,,0,,,0,280,124,156,0.9171850676003426,0.9781197384486859,,completed,0.8150717000244185,11,1,,,
Binary Matched-Size Augmentation Experiment,binary_matched_size_experiment,journal-matched-size-v1,en_binary_sst2,en,1023,base,,,0,,,0,280,124,156,0.9154023799237887,0.9769687439753229,,completed,0.789355099957902,10,1,,,
Binary Matched-Size Augmentation Experiment,binary_matched_size_experiment,journal-matched-size-v1,en_binary_sst2,en,1024,base,,,0,,,0,280,124,156,0.9146994365552648,0.9765924024805602,,completed,0.7916394000058062,13,1,,,
Binary Matched-Size Augmentation Experiment,binary_matched_size_experiment,journal-matched-size-v1,en_binary_sst2,en,1025,base,,,0,,,0,280,124,156,0.9106452599116998,0.9768195328063749,,completed,0.8251446000067517,12,1,,,
Binary Matched-Size Augmentation Experiment,binary_matched_size_experiment,journal-matched-size-v1,en_binary_sst2,en,1026,base,,,0,,,0,280,124,156,0.9212984623703,0.9773087767495663,,completed,0.7955929999588989,9,1,,,
Binary Matched-Size Augmentation Experiment,binary_matched_size_experiment,journal-matched-size-v1,en_binary_sst2,en,1027,base,,,0,,,0,280,124,156,0.91066448874942,0.9751542718976929,,completed,0.7929367999895476,10,1,,,
Binary Matched-Size Augmentation Experiment,binary_matched_size_experiment,journal-matched-size-v1,en_binary_sst2,en,1028,base,,,0,,,0,280,124,156,0.9093859889879791,0.975767061885483,,completed,0.7691682999720797,16,1,,,
Binary Matched-Size Augmentation Experiment,binary_matched_size_experiment,journal-matched-size-v1,en_binary_sst2,en,1029,base,,,0,,,0,280,124,156,0.9166387594367058,0.9772735123064069,,completed,0.8353585999575444,9,1,,,
Binary Matched-Size Augmentation Experiment,binary_matched_size_experiment,journal-matched-size-v1,en_binary_sst2,en,1030,base,,,0,,,0,280,124,156,0.9067304448641685,0.9762642584024162,,completed,0.7666470999829471,14,1,,,
Binary Matched-Size Augmentation Experiment,binary_matched_size_experiment,journal-matched-size-v1,en_binary_sst2,en,1031,base,,,0,,,0,280,124,156,0.8937387668223236,0.9740494264507422,,completed,0.8133853999897838,10,1,,,
Binary Matched-Size Augmentation Experiment,binary_matched_size_experiment,journal-matched-size-v1,en_binary_sst2,en,1032,base,,,0,,,0,280,124,156,0.9147939043450256,0.9760806664096138,,completed,0.846821999992244,9,1,,,
Binary Matched-Size Augmentation Experiment,binary_matched_size_experiment,journal-matched-size-v1,en_binary_sst2,en,1033,base,,,0,,,0,280,124,156,0.9075683745349029,0.9765695087076667,,completed,0.6481414999580011,11,1,,,
Binary Matched-Size Augmentation Experiment,binary_matched_size_experiment,journal-matched-size-v1,en_binary_sst2,en,1034,base,,,0,,,0,280,124,156,0.9074342998911558,0.9745863055073581,,completed,0.7252636000048369,11,1,,,
Binary Matched-Size Augmentation Experiment,binary_matched_size_experiment,journal-matched-size-v1,en_binary_sst2,en,1035,base,,,0,,,0,280,124,156,0.9151360871647449,0.9767602901484481,,completed,0.9383507000165991,21,1,,,
Binary Matched-Size Augmentation Experiment,binary_matched_size_experiment,journal-matched-size-v1,en_binary_sst2,en,1036,base,,,0,,,0,280,124,156,0.911600146712715,0.9760930370798792,,completed,0.7772116999840364,14,1,,,
Binary Matched-Size Augmentation Experiment,binary_matched_size_experiment,journal-matched-size-v1,en_binary_sst2,en,1037,base,,,0,,,0,280,124,156,0.9118085996710892,0.9761634053081422,,completed,0.8133042000117712,13,1,,,
Binary Matched-Size Augmentation Experiment,binary_matched_size_experiment,journal-matched-size-v1,en_binary_sst2,en,1038,base,,,0,,,0,280,124,156,0.9128960292219428,0.9769619561724824,,completed,0.7400185000151396,13,1,,,
Binary Matched-Size Augmentation Experiment,binary_matched_size_experiment,journal-matched-size-v1,en_binary_sst2,en,1039,base,,,0,,,0,280,124,156,0.9178248130520288,0.9771072713835871,,completed,0.6782535999664105,16,1,,,
Binary Matched-Size Augmentation Experiment,binary_matched_size_experiment,journal-matched-size-v1,en_binary_sst2,en,1040,base,,,0,,,0,280,124,156,0.904220007334144,0.97624947786132,,completed,0.7266682999907061,13,1,,,
Binary Matched-Size Augmentation Experiment,binary_matched_size_experiment,journal-matched-size-v1,en_binary_sst2,en,1041,base,,,0,,,0,280,124,156,0.9098629961285045,0.9774968671679197,,completed,0.7787660000030883,10,1,,,
Binary Matched-Size Augmentation Experiment,binary_matched_size_experiment,journal-matched-size-v1,en_binary_sst2,en,1042,base,,,0,,,0,280,124,156,0.9067810619015247,0.9763930659983291,,completed,0.7516999000217766,12,1,,,
Binary Matched-Size Augmentation Experiment,binary_matched_size_experiment,journal-matched-size-v1,en_binary_sst2,en,1043,base,,,0,,,0,280,124,156,0.908263038341685,0.9767176755992546,,completed,0.7479724999866448,10,1,,,
Binary Matched-Size Augmentation Experiment,binary_matched_size_experiment,journal-matched-size-v1,en_binary_sst2,en,1044,base,,,0,,,0,280,124,156,0.9109986807459385,0.9765804736199473,,completed,0.7818820999818854,10,1,,,
Binary Matched-Size Augmentation Experiment,binary_matched_size_experiment,journal-matched-size-v1,en_binary_sst2,en,1045,base,,,0,,,0,280,124,156,0.9138112591998295,0.9770659019343231,,completed,0.6801110000233166,14,1,,,
Binary Matched-Size Augmentation Experiment,binary_matched_size_experiment,journal-matched-size-v1,en_binary_sst2,en,1046,base,,,0,,,0,280,124,156,0.9101172690407651,0.9769052037144142,,completed,0.8236074000014924,10,1,,,
Binary Matched-Size Augmentation Experiment,binary_matched_size_experiment,journal-matched-size-v1,en_binary_sst2,en,1047,base,,,0,,,0,280,124,156,0.90896807077405,0.9759817010474905,,completed,0.7341210999875329,10,1,,,
Binary Matched-Size Augmentation Experiment,binary_matched_size_experiment,journal-matched-size-v1,en_binary_sst2,en,1048,base,,,0,,,0,280,124,156,0.9208343504506667,0.9777791433712487,,completed,0.7935384000302292,10,1,,,
Binary Matched-Size Augmentation Experiment,binary_matched_size_experiment,journal-matched-size-v1,en_binary_sst2,en,1049,base,,,0,,,0,280,124,156,0.9060567263163312,0.9735534348692243,,completed,0.8723799000144936,15,1,,,
Binary Matched-Size Augmentation Experiment,binary_matched_size_experiment,journal-matched-size-v1,ha_binary_hausa_movie_review,ha,1000,base,,,0,,,0,280,120,160,0.7786700789833649,0.8435897435897436,,completed,0.06069829995976761,10,1,,,
Binary Matched-Size Augmentation Experiment,binary_matched_size_experiment,journal-matched-size-v1,ha_binary_hausa_movie_review,ha,1001,base,,,0,,,0,280,120,160,0.7751057228350282,0.8517241379310345,,completed,0.08181390003301203,7,1,,,
Binary Matched-Size Augmentation Experiment,binary_matched_size_experiment,journal-matched-size-v1,ha_binary_hausa_movie_review,ha,1002,base,,,0,,,0,280,120,160,0.7759172671764123,0.852210433244916,,completed,0.08875860000262037,8,1,,,
Binary Matched-Size Augmentation Experiment,binary_matched_size_experiment,journal-matched-size-v1,ha_binary_hausa_movie_review,ha,1003,base,,,0,,,0,280,120,160,0.770359095777665,0.8685234305923961,,completed,0.04988599999342114,9,1,,,
Binary Matched-Size Augmentation Experiment,binary_matched_size_experiment,journal-matched-size-v1,ha_binary_hausa_movie_review,ha,1004,base,,,0,,,0,280,120,160,0.7602177414875299,0.8538903625110521,,completed,0.08396279998123646,7,1,,,
Binary Matched-Size Augmentation Experiment,binary_matched_size_experiment,journal-matched-size-v1,ha_binary_hausa_movie_review,ha,1005,base,,,0,,,0,280,120,160,0.7664532650448144,0.8553934571175951,,completed,0.044499199953861535,7,1,,,
Binary Matched-Size Augmentation Experiment,binary_matched_size_experiment,journal-matched-size-v1,ha_binary_hausa_movie_review,ha,1006,base,,,0,,,0,280,120,160,0.7399544520357718,0.839920424403183,,completed,0.10053870000410825,7,1,,,
Binary Matched-Size Augmentation Experiment,binary_matched_size_experiment,journal-matched-size-v1,ha_binary_hausa_movie_review,ha,1007,base,,,0,,,0,280,120,160,0.7544888318527287,0.8433244916003536,,completed,0.10417179996147752,7,1,,,
Binary Matched-Size Augmentation Experiment,binary_matched_size_experiment,journal-matched-size-v1,ha_binary_hausa_movie_review,ha,1008,base,,,0,,,0,280,120,160,0.7611314824515453,0.8415119363395225,,completed,0.08275850000791252,10,1,,,
Binary Matched-Size Augmentation Experiment,binary_matched_size_experiment,journal-matched-size-v1,ha_binary_hausa_movie_review,ha,1009,base,,,0,,,0,280,120,160,0.744940765848911,0.8439434129089302,,completed,0.06414299999596551,8,1,,,
Binary Matched-Size Augmentation Experiment,binary_matched_size_experiment,journal-matched-size-v1,ha_binary_hausa_movie_review,ha,1010,base,,,0,,,0,280,120,160,0.7705965909090908,0.8532272325375774,,completed,0.05411869997624308,9,1,,,
Binary Matched-Size Augmentation Experiment,binary_matched_size_experiment,journal-matched-size-v1,ha_binary_hausa_movie_review,ha,1011,base,,,0,,,0,280,120,160,0.7548387096774194,0.8431918656056587,,completed,0.09703160001663491,10,1,,,
Binary Matched-Size Augmentation Experiment,binary_matched_size_experiment,journal-matched-size-v1,ha_binary_hausa_movie_review,ha,1012,base,,,0,,,0,280,120,160,0.7826063039771165,0.8587975243147657,,completed,0.07800919999135658,7,1,,,
Binary Matched-Size Augmentation Experiment,binary_matched_size_experiment,journal-matched-size-v1,ha_binary_hausa_movie_review,ha,1013,base,,,0,,,0,280,120,160,0.7683924608301036,0.8409814323607426,,completed,0.10886440001195297,10,1,,,
Binary Matched-Size Augmentation Experiment,binary_matched_size_experiment,journal-matched-size-v1,ha_binary_hausa_movie_review,ha,1014,base,,,0,,,0,280,120,160,0.7548387096774194,0.8359858532272325,,completed,0.07757070002844557,10,1,,,
Binary Matched-Size Augmentation Experiment,binary_matched_size_experiment,journal-matched-size-v1,ha_binary_hausa_movie_review,ha,1015,base,,,0,,,0,280,120,160,0.7674681565732149,0.8432802829354552,,completed,0.08427069999743253,10,1,,,
Binary Matched-Size Augmentation Experiment,binary_matched_size_experiment,journal-matched-size-v1,ha_binary_hausa_movie_review,ha,1016,base,,,0,,,0,280,120,160,0.7625391935750041,0.8274977895667551,,completed,0.09002800000598654,8,1,,,
Binary Matched-Size Augmentation Experiment,binary_matched_size_experiment,journal-matched-size-v1,ha_binary_hausa_movie_review,ha,1017,base,,,0,,,0,280,120,160,0.7638494318181819,0.8465517241379311,,completed,0.07042140001431108,7,1,,,
Binary Matched-Size Augmentation Experiment,binary_matched_size_experiment,journal-matched-size-v1,ha_binary_hausa_movie_review,ha,1018,base,,,0,,,0,280,120,160,0.7306626891114425,0.8343059239610964,,completed,0.12452000001212582,10,1,,,
Binary Matched-Size Augmentation Experiment,binary_matched_size_experiment,journal-matched-size-v1,ha_binary_hausa_movie_review,ha,1019,base,,,0,,,0,280,120,160,0.7732227356232255,0.842970822281167,,completed,0.11068889999296516,10,1,,,
Binary Matched-Size Augmentation Experiment,binary_matched_size_experiment,journal-matched-size-v1,ha_binary_hausa_movie_review,ha,1020,base,,,0,,,0,280,120,160,0.7766446250178197,0.8425729442970822,,completed,0.05980789999011904,10,1,,,
Binary Matched-Size Augmentation Experiment,binary_matched_size_experiment,journal-matched-size-v1,ha_binary_hausa_movie_review,ha,1021,base,,,0,,,0,280,120,160,0.7467123040893533,0.8400088417329797,,completed,0.11066959996242076,9,1,,,
Binary Matched-Size Augmentation Experiment,binary_matched_size_experiment,journal-matched-size-v1,ha_binary_hausa_movie_review,ha,1022,base,,,0,,,0,280,120,160,0.765345504580998,0.856896551724138,,completed,0.08306570001877844,9,1,,,
Binary Matched-Size Augmentation Experiment,binary_matched_size_experiment,journal-matched-size-v1,ha_binary_hausa_movie_review,ha,1023,base,,,0,,,0,280,120,160,0.7633346679122737,0.8563218390804596,,completed,0.0690405999775976,8,1,,,
Binary Matched-Size Augmentation Experiment,binary_matched_size_experiment,journal-matched-size-v1,ha_binary_hausa_movie_review,ha,1024,base,,,0,,,0,280,120,160,0.7849690539345712,0.839787798408488,,completed,0.09307129995431751,10,1,,,
Binary Matched-Size Augmentation Experiment,binary_matched_size_experiment,journal-matched-size-v1,ha_binary_hausa_movie_review,ha,1025,base,,,0,,,0,280,120,160,0.7782493368700265,0.846684350132626,,completed,0.04153119999682531,7,1,,,
Binary Matched-Size Augmentation Experiment,binary_matched_size_experiment,journal-matched-size-v1,ha_binary_hausa_movie_review,ha,1026,base,,,0,,,0,280,120,160,0.7638494318181819,0.848629531388152,,completed,0.10449889994924888,7,1,,,
Binary Matched-Size Augmentation Experiment,binary_matched_size_experiment,journal-matched-size-v1,ha_binary_hausa_movie_review,ha,1027,base,,,0,,,0,280,120,160,0.7560192616372392,0.8383731211317419,,completed,0.12410219997400418,10,1,,,
Binary Matched-Size Augmentation Experiment,binary_matched_size_experiment,journal-matched-size-v1,ha_binary_hausa_movie_review,ha,1028,base,,,0,,,0,280,120,160,0.767156862745098,0.8311671087533157,,completed,0.07105480000609532,8,1,,,
Binary Matched-Size Augmentation Experiment,binary_matched_size_experiment,journal-matched-size-v1,ha_binary_hausa_movie_review,ha,1029,base,,,0,,,0,280,120,160,0.7517423454262733,0.8418213969938106,,completed,0.09649239998543635,7,1,,,
Binary Matched-Size Augmentation Experiment,binary_matched_size_experiment,journal-matched-size-v1,ha_binary_hausa_movie_review,ha,1030,base,,,0,,,0,280,120,160,0.7944283703038566,0.8464633068081343,,completed,0.06542489997809753,8,1,,,
Binary Matched-Size Augmentation Experiment,binary_matched_size_experiment,journal-matched-size-v1,ha_binary_hausa_movie_review,ha,1031,base,,,0,,,0,280,120,160,0.7679414986005244,0.8435455349248452,,completed,0.058103299990762025,10,1,,,
Binary Matched-Size Augmentation Experiment,binary_matched_size_experiment,journal-matched-size-v1,ha_binary_hausa_movie_review,ha,1032,base,,,0,,,0,280,120,160,0.7684587813620072,0.8455349248452697,,completed,0.1025050999596715,7,1,,,
Binary Matched-Size Augmentation Experiment,binary_matched_size_experiment,journal-matched-size-v1,ha_binary_hausa_movie_review,ha,1033,base,,,0,,,0,280,120,160,0.7643410852713178,0.8385057471264368,,completed,0.12098429998150095,10,1,,,
Binary Matched-Size Augmentation Experiment,binary_matched_size_experiment,journal-matched-size-v1,ha_binary_hausa_movie_review,ha,1034,base,,,0,,,0,280,120,160,0.7916887709991158,0.8423961096374891,,completed,0.04194450000068173,10,1,,,
Binary Matched-Size Augmentation Experiment,binary_matched_size_experiment,journal-matched-size-v1,ha_binary_hausa_movie_review,ha,1035,base,,,0,,,0,280,120,160,0.7751057228350282,0.8462422634836427,,completed,0.05129589996067807,10,1,,,
Binary Matched-Size Augmentation Experiment,binary_matched_size_experiment,journal-matched-size-v1,ha_binary_hausa_movie_review,ha,1036,base,,,0,,,0,280,120,160,0.7813941653483201,0.8526967285587976,,completed,0.10354889999143779,8,1,,,
Binary Matched-Size Augmentation Experiment,binary_matched_size_experiment,journal-matched-size-v1,ha_binary_hausa_movie_review,ha,1037,base,,,0,,,0,280,120,160,0.7766446250178197,0.8448275862068966,,completed,0.07383230002596974,10,1,,,
Binary Matched-Size Augmentation Experiment,binary_matched_size_experiment,journal-matched-size-v1,ha_binary_hausa_movie_review,ha,1038,base,,,0,,,0,280,120,160,0.7896471053411974,0.8463748894783377,,completed,0.08447669999441132,9,1,,,
Binary Matched-Size Augmentation Experiment,binary_matched_size_experiment,journal-matched-size-v1,ha_binary_hausa_movie_review,ha,1039,base,,,0,,,0,280,120,160,0.7549659368202546,0.8430592396109637,,completed,0.07942610001191497,10,1,,,
Binary Matched-Size Augmentation Experiment,binary_matched_size_experiment,journal-matched-size-v1,ha_binary_hausa_movie_review,ha,1040,base,,,0,,,0,280,120,160,0.771529619805482,0.8435013262599469,,completed,0.06722700002137572,8,1,,,
Binary Matched-Size Augmentation Experiment,binary_matched_size_experiment,journal-matched-size-v1,ha_binary_hausa_movie_review,ha,1041,base,,,0,,,0,280,120,160,0.7535579174923437,0.8565870910698495,,completed,0.059985200001392514,7,1,,,
Binary Matched-Size Augmentation Experiment,binary_matched_size_experiment,journal-matched-size-v1,ha_binary_hausa_movie_review,ha,1042,base,,,0,,,0,280,120,160,0.7674681565732149,0.8583996463306809,,completed,0.11392540001543239,11,1,,,
Binary Matched-Size Augmentation Experiment,binary_matched_size_experiment,journal-matched-size-v1,ha_binary_hausa_movie_review,ha,1043,base,,,0,,,0,280,120,160,0.77734375,0.8417329796640142,,completed,0.08607149997260422,10,1,,,
Binary Matched-Size Augmentation Experiment,binary_matched_size_experiment,journal-matched-size-v1,ha_binary_hausa_movie_review,ha,1044,base,,,0,,,0,280,120,160,0.7573058975656378,0.8425287356321839,,completed,0.047283300023991615,8,1,,,
Binary Matched-Size Augmentation Experiment,binary_matched_size_experiment,journal-matched-size-v1,ha_binary_hausa_movie_review,ha,1045,base,,,0,,,0,280,120,160,0.7659111453346279,0.8487621573828471,,completed,0.0397512000054121,7,1,,,
Binary Matched-Size Augmentation Experiment,binary_matched_size_experiment,journal-matched-size-v1,ha_binary_hausa_movie_review,ha,1046,base,,,0,,,0,280,120,160,0.77734375,0.8628205128205129,,completed,0.05800339998677373,9,1,,,
Binary Matched-Size Augmentation Experiment,binary_matched_size_experiment,journal-matched-size-v1,ha_binary_hausa_movie_review,ha,1047,base,,,0,,,0,280,120,160,0.77734375,0.8420866489832007,,completed,0.07518439996056259,10,1,,,
Binary Matched-Size Augmentation Experiment,binary_matched_size_experiment,journal-matched-size-v1,ha_binary_hausa_movie_review,ha,1048,base,,,0,,,0,280,120,160,0.7591259611414287,0.8477011494252873,,completed,0.08519639994483441,10,1,,,
Binary Matched-Size Augmentation Experiment,binary_matched_size_experiment,journal-matched-size-v1,ha_binary_hausa_movie_review,ha,1049,base,,,0,,,0,280,120,160,0.7633346679122737,0.8522988505747127,,completed,0.06364360003499314,10,1,,,
Binary Matched-Size Augmentation Experiment,binary_matched_size_experiment,journal-matched-size-v1,ko_binary_nsmc,ko,1000,base,,,0,,,0,280,140,140,0.8624568493918757,0.9356568049314864,,completed,1.594921300013084,12,1,,,
Binary Matched-Size Augmentation Experiment,binary_matched_size_experiment,journal-matched-size-v1,ko_binary_nsmc,ko,1001,base,,,0,,,0,280,140,140,0.8591216742624916,0.9337832398276561,,completed,1.5508899000124075,9,1,,,
Binary Matched-Size Augmentation Experiment,binary_matched_size_experiment,journal-matched-size-v1,ko_binary_nsmc,ko,1002,base,,,0,,,0,280,140,140,0.8591845274464727,0.9333044160044409,,completed,1.4901979000424035,6,1,,,
Binary Matched-Size Augmentation Experiment,binary_matched_size_experiment,journal-matched-size-v1,ko_binary_nsmc,ko,1003,base,,,0,,,0,280,140,140,0.8600897347975753,0.9363835853792133,,completed,1.1263941999641247,9,1,,,
Binary Matched-Size Augmentation Experiment,binary_matched_size_experiment,journal-matched-size-v1,ko_binary_nsmc,ko,1004,base,,,0,,,0,280,140,140,0.8573672406408687,0.9343903016919247,,completed,1.3596473000361584,10,1,,,
Binary Matched-Size Augmentation Experiment,binary_matched_size_experiment,journal-matched-size-v1,ko_binary_nsmc,ko,1005,base,,,0,,,0,280,140,140,0.8614679438004738,0.9364516652740469,,completed,1.7788741000113077,8,1,,,
Binary Matched-Size Augmentation Experiment,binary_matched_size_experiment,journal-matched-size-v1,ko_binary_nsmc,ko,1006,base,,,0,,,0,280,140,140,0.8532250610611924,0.9324484293954791,,completed,1.6763860000064597,10,1,,,
Binary Matched-Size Augmentation Experiment,binary_matched_size_experiment,journal-matched-size-v1,ko_binary_nsmc,ko,1007,base,,,0,,,0,280,140,140,0.8599920349661512,0.9322815675684116,,completed,1.7149823000072502,8,1,,,
Binary Matched-Size Augmentation Experiment,binary_matched_size_experiment,journal-matched-size-v1,ko_binary_nsmc,ko,1008,base,,,0,,,0,280,140,140,0.8533436652753912,0.9303834879779046,,completed,1.5231271000229754,9,1,,,
Binary Matched-Size Augmentation Experiment,binary_matched_size_experiment,journal-matched-size-v1,ko_binary_nsmc,ko,1009,base,,,0,,,0,280,140,140,0.8589961580393022,0.9351043534638772,,completed,1.7112960000522435,8,1,,,
Binary Matched-Size Augmentation Experiment,binary_matched_size_experiment,journal-matched-size-v1,ko_binary_nsmc,ko,1010,base,,,0,,,0,280,140,140,0.8633161871194398,0.9347842424213342,,completed,1.7841225999873132,7,1,,,
Binary Matched-Size Augmentation Experiment,binary_matched_size_experiment,journal-matched-size-v1,ko_binary_nsmc,ko,1011,base,,,0,,,0,280,140,140,0.8528758381638947,0.9314512908640897,,completed,1.6864565999712795,8,1,,,
Binary Matched-Size Augmentation Experiment,binary_matched_size_experiment,journal-matched-size-v1,ko_binary_nsmc,ko,1012,base,,,0,,,0,280,140,140,0.8570800864544115,0.9341719274527778,,completed,1.5038820000481792,13,1,,,
Binary Matched-Size Augmentation Experiment,binary_matched_size_experiment,journal-matched-size-v1,ko_binary_nsmc,ko,1013,base,,,0,,,0,280,140,140,0.8567554715932597,0.9325264346267798,,completed,1.615535999997519,8,1,,,
Binary Matched-Size Augmentation Experiment,binary_matched_size_experiment,journal-matched-size-v1,ko_binary_nsmc,ko,1014,base,,,0,,,0,280,140,140,0.8603999870483724,0.9342503367690234,,completed,1.5009624999947846,8,1,,,
Binary Matched-Size Augmentation Experiment,binary_matched_size_experiment,journal-matched-size-v1,ko_binary_nsmc,ko,1015,base,,,0,,,0,280,140,140,0.8526820657027114,0.931195875504964,,completed,2.029889199999161,8,1,,,
Binary Matched-Size Augmentation Experiment,binary_matched_size_experiment,journal-matched-size-v1,ko_binary_nsmc,ko,1016,base,,,0,,,0,280,140,140,0.8562007593074791,0.9310539069942095,,completed,1.769500499998685,8,1,,,
Binary Matched-Size Augmentation Experiment,binary_matched_size_experiment,journal-matched-size-v1,ko_binary_nsmc,ko,1017,base,,,0,,,0,280,140,140,0.8484682277603499,0.9318578760849101,,completed,1.619401799980551,8,1,,,
Binary Matched-Size Augmentation Experiment,binary_matched_size_experiment,journal-matched-size-v1,ko_binary_nsmc,ko,1018,base,,,0,,,0,280,140,140,0.8570808106858081,0.9330164297150432,,completed,1.4681092000100762,8,1,,,
Binary Matched-Size Augmentation Experiment,binary_matched_size_experiment,journal-matched-size-v1,ko_binary_nsmc,ko,1019,base,,,0,,,0,280,140,140,0.8552820593739277,0.9338533569840883,,completed,1.6537816999480128,8,1,,,
Binary Matched-Size Augmentation Experiment,binary_matched_size_experiment,journal-matched-size-v1,ko_binary_nsmc,ko,1020,base,,,0,,,0,280,140,140,0.8595464131784765,0.9361643524595579,,completed,1.783349100034684,8,1,,,
Binary Matched-Size Augmentation Experiment,binary_matched_size_experiment,journal-matched-size-v1,ko_binary_nsmc,ko,1021,base,,,0,,,0,280,140,140,0.8555369495548102,0.9321856647414123,,completed,1.657672500004992,11,1,,,
Binary Matched-Size Augmentation Experiment,binary_matched_size_experiment,journal-matched-size-v1,ko_binary_nsmc,ko,1022,base,,,0,,,0,280,140,140,0.8576101488039041,0.9321531022295766,,completed,1.636576100019738,8,1,,,
Binary Matched-Size Augmentation Experiment,binary_matched_size_experiment,journal-matched-size-v1,ko_binary_nsmc,ko,1023,base,,,0,,,0,280,140,140,0.8571898246964861,0.9325219055080187,,completed,1.6502680000266992,11,1,,,
Binary Matched-Size Augmentation Experiment,binary_matched_size_experiment,journal-matched-size-v1,ko_binary_nsmc,ko,1024,base,,,0,,,0,280,140,140,0.8526760749820488,0.9304399504305632,,completed,1.9210491999983788,15,1,,,
Binary Matched-Size Augmentation Experiment,binary_matched_size_experiment,journal-matched-size-v1,ko_binary_nsmc,ko,1025,base,,,0,,,0,280,140,140,0.8647209256266493,0.936038547346612,,completed,1.8209955000202172,8,1,,,
Binary Matched-Size Augmentation Experiment,binary_matched_size_experiment,journal-matched-size-v1,ko_binary_nsmc,ko,1026,base,,,0,,,0,280,140,140,0.8568163963212865,0.9331644005709216,,completed,1.6861414999584667,8,1,,,
Binary Matched-Size Augmentation Experiment,binary_matched_size_experiment,journal-matched-size-v1,ko_binary_nsmc,ko,1027,base,,,0,,,0,280,140,140,0.8579764112555288,0.9332471706372011,,completed,1.5761782000190578,8,1,,,
Binary Matched-Size Augmentation Experiment,binary_matched_size_experiment,journal-matched-size-v1,ko_binary_nsmc,ko,1028,base,,,0,,,0,280,140,140,0.853335098913564,0.9300492507991516,,completed,1.7099689000169747,7,1,,,
Binary Matched-Size Augmentation Experiment,binary_matched_size_experiment,journal-matched-size-v1,ko_binary_nsmc,ko,1029,base,,,0,,,0,280,140,140,0.8601369214511134,0.9342149288256985,,completed,1.7147916000103578,9,1,,,
Binary Matched-Size Augmentation Experiment,binary_matched_size_experiment,journal-matched-size-v1,ko_binary_nsmc,ko,1030,base,,,0,,,0,280,140,140,0.8576868058886509,0.9339989201671683,,completed,2.6842287000035867,8,1,,,
Binary Matched-Size Augmentation Experiment,binary_matched_size_experiment,journal-matched-size-v1,ko_binary_nsmc,ko,1031,base,,,0,,,0,280,140,140,0.8582855278306631,0.9328780474581774,,completed,1.7008200000273064,8,1,,,
Binary Matched-Size Augmentation Experiment,binary_matched_size_experiment,journal-matched-size-v1,ko_binary_nsmc,ko,1032,base,,,0,,,0,280,140,140,0.8546611610035211,0.931938583634282,,completed,1.5797333999653347,8,1,,,
Binary Matched-Size Augmentation Experiment,binary_matched_size_experiment,journal-matched-size-v1,ko_binary_nsmc,ko,1033,base,,,0,,,0,280,140,140,0.8560860107726747,0.9320568710835591,,completed,1.7795158000080846,14,1,,,
Binary Matched-Size Augmentation Experiment,binary_matched_size_experiment,journal-matched-size-v1,ko_binary_nsmc,ko,1034,base,,,0,,,0,280,140,140,0.8581511197824415,0.933656113020202,,completed,1.61570829997072,7,1,,,
Binary Matched-Size Augmentation Experiment,binary_matched_size_experiment,journal-matched-size-v1,ko_binary_nsmc,ko,1035,base,,,0,,,0,280,140,140,0.8600788109113942,0.9343661997086296,,completed,1.902587200049311,8,1,,,
Binary Matched-Size Augmentation Experiment,binary_matched_size_experiment,journal-matched-size-v1,ko_binary_nsmc,ko,1036,base,,,0,,,0,280,140,140,0.852506465890656,0.9294934403754352,,completed,1.07486809999682,8,1,,,
Binary Matched-Size Augmentation Experiment,binary_matched_size_experiment,journal-matched-size-v1,ko_binary_nsmc,ko,1037,base,,,0,,,0,280,140,140,0.8578240867729505,0.9330714105229023,,completed,1.6412470000213943,11,1,,,
Binary Matched-Size Augmentation Experiment,binary_matched_size_experiment,journal-matched-size-v1,ko_binary_nsmc,ko,1038,base,,,0,,,0,280,140,140,0.8570441544698216,0.9330394288831753,,completed,1.3435803999891505,7,1,,,
Binary Matched-Size Augmentation Experiment,binary_matched_size_experiment,journal-matched-size-v1,ko_binary_nsmc,ko,1039,base,,,0,,,0,280,140,140,0.8579806106074555,0.9331360556957013,,completed,1.6361398000153713,8,1,,,
Binary Matched-Size Augmentation Experiment,binary_matched_size_experiment,journal-matched-size-v1,ko_binary_nsmc,ko,1040,base,,,0,,,0,280,140,140,0.8580147611998252,0.9322495017443211,,completed,1.6377745000063442,8,1,,,
Binary Matched-Size Augmentation Experiment,binary_matched_size_experiment,journal-matched-size-v1,ko_binary_nsmc,ko,1041,base,,,0,,,0,280,140,140,0.8600178498784286,0.9342744050785732,,completed,1.9679147999850102,10,1,,,
Binary Matched-Size Augmentation Experiment,binary_matched_size_experiment,journal-matched-size-v1,ko_binary_nsmc,ko,1042,base,,,0,,,0,280,140,140,0.8531956979093117,0.9303130761761998,,completed,1.634945500001777,15,1,,,
Binary Matched-Size Augmentation Experiment,binary_matched_size_experiment,journal-matched-size-v1,ko_binary_nsmc,ko,1043,base,,,0,,,0,280,140,140,0.8499091513930523,0.9311644410636003,,completed,1.6017516999854706,8,1,,,
Binary Matched-Size Augmentation Experiment,binary_matched_size_experiment,journal-matched-size-v1,ko_binary_nsmc,ko,1044,base,,,0,,,0,280,140,140,0.8575461329607269,0.9324855631182578,,completed,1.6254942999803461,7,1,,,
Binary Matched-Size Augmentation Experiment,binary_matched_size_experiment,journal-matched-size-v1,ko_binary_nsmc,ko,1045,base,,,0,,,0,280,140,140,0.8532759329564295,0.9313779157727866,,completed,1.7575478000217117,8,1,,,
Binary Matched-Size Augmentation Experiment,binary_matched_size_experiment,journal-matched-size-v1,ko_binary_nsmc,ko,1046,base,,,0,,,0,280,140,140,0.8599569741656298,0.9332324046998278,,completed,1.8935666999896057,8,1,,,
Binary Matched-Size Augmentation Experiment,binary_matched_size_experiment,journal-matched-size-v1,ko_binary_nsmc,ko,1047,base,,,0,,,0,280,140,140,0.8532400289906104,0.930313833835472,,completed,1.5903205000213347,9,1,,,
Binary Matched-Size Augmentation Experiment,binary_matched_size_experiment,journal-matched-size-v1,ko_binary_nsmc,ko,1048,base,,,0,,,0,280,140,140,0.8549278638347879,0.9330489669715698,,completed,1.6223589000292122,9,1,,,
Binary Matched-Size Augmentation Experiment,binary_matched_size_experiment,journal-matched-size-v1,ko_binary_nsmc,ko,1049,base,,,0,,,0,280,140,140,0.8545281312874984,0.9316701281172365,,completed,1.8437501000007614,8,1,,,
Binary Matched-Size Augmentation Experiment,binary_matched_size_experiment,journal-matched-size-v1,ml_binary_dravidian_codemix,ml,1000,base,,,0,,,0,280,67,213,0.5475456925108295,0.8370042067307693,,completed,0.19794479996198788,17,1,,,
Binary Matched-Size Augmentation Experiment,binary_matched_size_experiment,journal-matched-size-v1,ml_binary_dravidian_codemix,ml,1001,base,,,0,,,0,280,67,213,0.5068243421526062,0.8552784455128206,,completed,0.1019475000211969,19,1,,,
Binary Matched-Size Augmentation Experiment,binary_matched_size_experiment,journal-matched-size-v1,ml_binary_dravidian_codemix,ml,1002,base,,,0,,,0,280,67,213,0.5103386287042185,0.8399639423076923,,completed,0.15029310004319996,18,1,,,
Binary Matched-Size Augmentation Experiment,binary_matched_size_experiment,journal-matched-size-v1,ml_binary_dravidian_codemix,ml,1003,base,,,0,,,0,280,67,213,0.5207459207459207,0.8409104567307691,,completed,0.15553839999483898,19,1,,,
Binary Matched-Size Augmentation Experiment,binary_matched_size_experiment,journal-matched-size-v1,ml_binary_dravidian_codemix,ml,1004,base,,,0,,,0,280,67,213,0.5442689024874215,0.845322516025641,,completed,0.13424370001303032,12,1,,,
Binary Matched-Size Augmentation Experiment,binary_matched_size_experiment,journal-matched-size-v1,ml_binary_dravidian_codemix,ml,1005,base,,,0,,,0,280,67,213,0.5172991767957443,0.8488982371794872,,completed,0.18084149999776855,12,1,,,
Binary Matched-Size Augmentation Experiment,binary_matched_size_experiment,journal-matched-size-v1,ml_binary_dravidian_codemix,ml,1006,base,,,0,,,0,280,67,213,0.4852467024914509,0.8533804086538462,,completed,0.19391779997386038,19,1,,,
Binary Matched-Size Augmentation Experiment,binary_matched_size_experiment,journal-matched-size-v1,ml_binary_dravidian_codemix,ml,1007,base,,,0,,,0,280,67,213,0.5343148357870895,0.8681089743589744,,completed,0.10651710000820458,19,1,,,
Binary Matched-Size Augmentation Experiment,binary_matched_size_experiment,journal-matched-size-v1,ml_binary_dravidian_codemix,ml,1008,base,,,0,,,0,280,67,213,0.5109341393013345,0.8499899839743591,,completed,0.106402299948968,17,1,,,
Binary Matched-Size Augmentation Experiment,binary_matched_size_experiment,journal-matched-size-v1,ml_binary_dravidian_codemix,ml,1009,base,,,0,,,0,280,67,213,0.4397392478989904,0.8422826522435898,,completed,0.14572119998047128,18,1,,,
Binary Matched-Size Augmentation Experiment,binary_matched_size_experiment,journal-matched-size-v1,ml_binary_dravidian_codemix,ml,1010,base,,,0,,,0,280,67,213,0.5409716397974715,0.8426832932692307,,completed,0.14264959999127313,18,1,,,
Binary Matched-Size Augmentation Experiment,binary_matched_size_experiment,journal-matched-size-v1,ml_binary_dravidian_codemix,ml,1011,base,,,0,,,0,280,67,213,0.5138301592852828,0.842598157051282,,completed,0.17135240003699437,19,1,,,
Binary Matched-Size Augmentation Experiment,binary_matched_size_experiment,journal-matched-size-v1,ml_binary_dravidian_codemix,ml,1012,base,,,0,,,0,280,67,213,0.49307504520245216,0.8477263621794872,,completed,0.12905799999134615,18,1,,,
Binary Matched-Size Augmentation Experiment,binary_matched_size_experiment,journal-matched-size-v1,ml_binary_dravidian_codemix,ml,1013,base,,,0,,,0,280,67,213,0.5303003085093919,0.8421173878205127,,completed,0.13641640002606437,22,1,,,
Binary Matched-Size Augmentation Experiment,binary_matched_size_experiment,journal-matched-size-v1,ml_binary_dravidian_codemix,ml,1014,base,,,0,,,0,280,67,213,0.4997265122265122,0.8453926282051283,,completed,0.1555373999872245,19,1,,,
Binary Matched-Size Augmentation Experiment,binary_matched_size_experiment,journal-matched-size-v1,ml_binary_dravidian_codemix,ml,1015,base,,,0,,,0,280,67,213,0.5068243421526062,0.8520733173076924,,completed,0.148914200020954,17,1,,,
Binary Matched-Size Augmentation Experiment,binary_matched_size_experiment,journal-matched-size-v1,ml_binary_dravidian_codemix,ml,1016,base,,,0,,,0,280,67,213,0.4397392478989904,0.8479366987179487,,completed,0.16646060004131868,24,1,,,
Binary Matched-Size Augmentation Experiment,binary_matched_size_experiment,journal-matched-size-v1,ml_binary_dravidian_codemix,ml,1017,base,,,0,,,0,280,67,213,0.5207459207459207,0.8477814503205128,,completed,0.14233229996170849,17,1,,,
Binary Matched-Size Augmentation Experiment,binary_matched_size_experiment,journal-matched-size-v1,ml_binary_dravidian_codemix,ml,1018,base,,,0,,,0,280,67,213,0.5002894411466307,0.8626752804487179,,completed,0.2255011000088416,19,1,,,
Binary Matched-Size Augmentation Experiment,binary_matched_size_experiment,journal-matched-size-v1,ml_binary_dravidian_codemix,ml,1019,base,,,0,,,0,280,67,213,0.5138301592852828,0.8491736778846154,,completed,0.10763179999776185,16,1,,,
Binary Matched-Size Augmentation Experiment,binary_matched_size_experiment,journal-matched-size-v1,ml_binary_dravidian_codemix,ml,1020,base,,,0,,,0,280,67,213,0.45160667030705254,0.8495893429487179,,completed,0.14782920002471656,24,1,,,
Binary Matched-Size Augmentation Experiment,binary_matched_size_experiment,journal-matched-size-v1,ml_binary_dravidian_codemix,ml,1021,base,,,0,,,0,280,67,213,0.5409716397974715,0.8543118990384616,,completed,0.1613804000080563,18,1,,,
Binary Matched-Size Augmentation Experiment,binary_matched_size_experiment,journal-matched-size-v1,ml_binary_dravidian_codemix,ml,1022,base,,,0,,,0,280,67,213,0.5269287181565925,0.8283904246794871,,completed,0.1312976999906823,18,1,,,
Binary Matched-Size Augmentation Experiment,binary_matched_size_experiment,journal-matched-size-v1,ml_binary_dravidian_codemix,ml,1023,base,,,0,,,0,280,67,213,0.4397392478989904,0.8250550881410257,,completed,0.12065169995184988,19,1,,,
Binary Matched-Size Augmentation Experiment,binary_matched_size_experiment,journal-matched-size-v1,ml_binary_dravidian_codemix,ml,1024,base,,,0,,,0,280,67,213,0.5109341393013345,0.8459885817307692,,completed,0.11766390001866966,17,1,,,
Binary Matched-Size Augmentation Experiment,binary_matched_size_experiment,journal-matched-size-v1,ml_binary_dravidian_codemix,ml,1025,base,,,0,,,0,280,67,213,0.43168657082786366,0.8577173477564104,,completed,0.11470750003354624,18,1,,,
Binary Matched-Size Augmentation Experiment,binary_matched_size_experiment,journal-matched-size-v1,ml_binary_dravidian_codemix,ml,1026,base,,,0,,,0,280,67,213,0.45550733466900306,0.8555188301282052,,completed,0.11518890003208071,18,1,,,
Binary Matched-Size Augmentation Experiment,binary_matched_size_experiment,journal-matched-size-v1,ml_binary_dravidian_codemix,ml,1027,base,,,0,,,0,280,67,213,0.45938094761093856,0.859590344551282,,completed,0.21854630002053455,18,1,,,
Binary Matched-Size Augmentation Experiment,binary_matched_size_experiment,journal-matched-size-v1,ml_binary_dravidian_codemix,ml,1028,base,,,0,,,0,280,67,213,0.489431688650057,0.8209585336538462,,completed,0.1696959999972023,18,1,,,
Binary Matched-Size Augmentation Experiment,binary_matched_size_experiment,journal-matched-size-v1,ml_binary_dravidian_codemix,ml,1029,base,,,0,,,0,280,67,213,0.5032870532805374,0.8555288461538462,,completed,0.16830229997867718,18,1,,,
Binary Matched-Size Augmentation Experiment,binary_matched_size_experiment,journal-matched-size-v1,ml_binary_dravidian_codemix,ml,1030,base,,,0,,,0,280,67,213,0.517915620131625,0.8606620592948719,,completed,0.22083539998857304,18,1,,,
Binary Matched-Size Augmentation Experiment,binary_matched_size_experiment,journal-matched-size-v1,ml_binary_dravidian_codemix,ml,1031,base,,,0,,,0,280,67,213,0.46322781426369297,0.8495743189102564,,completed,0.22040869999909773,17,1,,,
Binary Matched-Size Augmentation Experiment,binary_matched_size_experiment,journal-matched-size-v1,ml_binary_dravidian_codemix,ml,1032,base,,,0,,,0,280,67,213,0.489431688650057,0.8364182692307691,,completed,0.1680689999484457,19,1,,,
Binary Matched-Size Augmentation Experiment,binary_matched_size_experiment,journal-matched-size-v1,ml_binary_dravidian_codemix,ml,1033,base,,,0,,,0,280,67,213,0.5275735294117647,0.8401792868589744,,completed,0.20665779995033517,17,1,,,
Binary Matched-Size Augmentation Experiment,binary_matched_size_experiment,journal-matched-size-v1,ml_binary_dravidian_codemix,ml,1034,base,,,0,,,0,280,67,213,0.5032870532805374,0.8408503605769232,,completed,0.20299289998365566,19,1,,,
Binary Matched-Size Augmentation Experiment,binary_matched_size_experiment,journal-matched-size-v1,ml_binary_dravidian_codemix,ml,1035,base,,,0,,,0,280,67,213,0.5275735294117647,0.8524839743589743,,completed,0.15723920002346858,18,1,,,
Binary Matched-Size Augmentation Experiment,binary_matched_size_experiment,journal-matched-size-v1,ml_binary_dravidian_codemix,ml,1036,base,,,0,,,0,280,67,213,0.5316113624937154,0.8574068509615385,,completed,0.1725212999735959,13,1,,,
Binary Matched-Size Augmentation Experiment,binary_matched_size_experiment,journal-matched-size-v1,ml_binary_dravidian_codemix,ml,1037,base,,,0,,,0,280,67,213,0.5508022213880788,0.823858173076923,,completed,0.21208430000115186,18,1,,,
Binary Matched-Size Augmentation Experiment,binary_matched_size_experiment,journal-matched-size-v1,ml_binary_dravidian_codemix,ml,1038,base,,,0,,,0,280,67,213,0.4815660252156602,0.8603014823717948,,completed,0.1421000999980606,21,1,,,
Binary Matched-Size Augmentation Experiment,binary_matched_size_experiment,journal-matched-size-v1,ml_binary_dravidian_codemix,ml,1039,base,,,0,,,0,280,67,213,0.5241706273155763,0.8388070913461538,,completed,0.16542450000997633,18,1,,,
Binary Matched-Size Augmentation Experiment,binary_matched_size_experiment,journal-matched-size-v1,ml_binary_dravidian_codemix,ml,1040,base,,,0,,,0,280,67,213,0.4437229437229437,0.8477063301282051,,completed,0.1613645000034012,23,1,,,
Binary Matched-Size Augmentation Experiment,binary_matched_size_experiment,journal-matched-size-v1,ml_binary_dravidian_codemix,ml,1041,base,,,0,,,0,280,67,213,0.5376536900207354,0.8256760817307691,,completed,0.20060969999758527,16,1,,,
Binary Matched-Size Augmentation Experiment,binary_matched_size_experiment,journal-matched-size-v1,ml_binary_dravidian_codemix,ml,1042,base,,,0,,,0,280,67,213,0.47461092060142446,0.846474358974359,,completed,0.10326240002177656,22,1,,,
Binary Matched-Size Augmentation Experiment,binary_matched_size_experiment,journal-matched-size-v1,ml_binary_dravidian_codemix,ml,1043,base,,,0,,,0,280,67,213,0.47461092060142446,0.8483573717948718,,completed,0.1573787999805063,17,1,,,
Binary Matched-Size Augmentation Experiment,binary_matched_size_experiment,journal-matched-size-v1,ml_binary_dravidian_codemix,ml,1044,base,,,0,,,0,280,67,213,0.4670482352453237,0.8506710737179486,,completed,0.12735520000569522,19,1,,,
Binary Matched-Size Augmentation Experiment,binary_matched_size_experiment,journal-matched-size-v1,ml_binary_dravidian_codemix,ml,1045,base,,,0,,,0,280,67,213,0.5722787338631182,0.8428034855769231,,completed,0.1547790999757126,18,1,,,
Binary Matched-Size Augmentation Experiment,binary_matched_size_experiment,journal-matched-size-v1,ml_binary_dravidian_codemix,ml,1046,base,,,0,,,0,280,67,213,0.49253465618955905,0.8369391025641026,,completed,0.16259709995938465,22,1,,,
Binary Matched-Size Augmentation Experiment,binary_matched_size_experiment,journal-matched-size-v1,ml_binary_dravidian_codemix,ml,1047,base,,,0,,,0,280,67,213,0.46322781426369297,0.8510266426282053,,completed,0.12221070000668988,19,1,,,
Binary Matched-Size Augmentation Experiment,binary_matched_size_experiment,journal-matched-size-v1,ml_binary_dravidian_codemix,ml,1048,base,,,0,,,0,280,67,213,0.5275735294117647,0.8528745993589744,,completed,0.09775630000513047,18,1,,,
Binary Matched-Size Augmentation Experiment,binary_matched_size_experiment,journal-matched-size-v1,ml_binary_dravidian_codemix,ml,1049,base,,,0,,,0,280,67,213,0.4889028233522666,0.8196814903846155,,completed,0.22451029997318983,14,1,,,
