cell_id,repeat_seed,condition,train_n,trained_epochs,selected_epoch,development_macro_f1,development_auroc,macro_f1,auroc
bn_binary_cinexdrama,1000,Base,280,20,15,0.8229006847173012,0.8940557701310862,0.822034958633966,0.8997353152553069
bn_binary_cinexdrama,1000,Hybrid,560,20,19,0.8228279386712095,0.9034497893258427,0.7956912590634835,0.8893363599712527
bn_binary_cinexdrama,1000,Matched All-real,560,20,8,0.8537682624814994,0.925326252340824,0.8533837345860247,0.9139803794398966
bn_binary_cinexdrama,1001,Base,280,20,20,0.83645140760597,0.9055667720037455,0.8392360181185157,0.8898476163765652
bn_binary_cinexdrama,1001,Hybrid,560,20,12,0.8631402550091074,0.9225640800561796,0.8369005545780853,0.9025589113452179
bn_binary_cinexdrama,1001,Matched All-real,560,20,10,0.8602972286862705,0.9085761938202248,0.8531813448786102,0.9050392352772761
bn_binary_cinexdrama,1002,Base,280,20,7,0.8123663288078854,0.8702700725655431,0.8057208994708995,0.8500222031353164
bn_binary_cinexdrama,1002,Hybrid,560,20,17,0.829514249957128,0.8922606507490637,0.8151094482131618,0.8783355828615166
bn_binary_cinexdrama,1002,Matched All-real,560,20,14,0.8619701627722669,0.9173601357677903,0.8204172072077944,0.8955649237205443
bn_binary_cinexdrama,1003,Base,280,20,15,0.8489017641143326,0.8974558169475656,0.8379682047530295,0.8776899390582364
bn_binary_cinexdrama,1003,Hybrid,560,20,1,0.3528114663726571,0.7756012991573035,0.3529735682819383,0.7809938240226239
bn_binary_cinexdrama,1003,Matched All-real,560,20,14,0.8581406027211871,0.8956285112359551,0.8515578845747994,0.901254477145378
bn_binary_cinexdrama,1004,Base,280,20,13,0.8064078396332981,0.8747410463483145,0.8067278770536408,0.87499780890112
bn_binary_cinexdrama,1004,Hybrid,560,20,18,0.8276570757486787,0.8885211844569288,0.8221557162066613,0.8904026947594759
bn_binary_cinexdrama,1004,Matched All-real,560,20,10,0.838450868498221,0.8931618679775281,0.8200584869452185,0.8715110402168896
bn_binary_cinexdrama,1005,Base,280,20,10,0.8333254460271639,0.8983219218164794,0.828775440812163,0.9012091944351932
bn_binary_cinexdrama,1005,Hybrid,560,20,6,0.8349666811610353,0.9051322565543072,0.8370218405620813,0.9059887114585707
bn_binary_cinexdrama,1005,Matched All-real,560,20,13,0.8586788021139167,0.9327817766853932,0.8281409975135293,0.9132032697038217
bn_binary_cinexdrama,1006,Base,280,20,11,0.8356762888698193,0.9062602411048688,0.8129745911214954,0.8960776408584433
bn_binary_cinexdrama,1006,Hybrid,560,20,9,0.8526645127585493,0.9217652738764044,0.8437319449622493,0.9153111068262956
bn_binary_cinexdrama,1006,Matched All-real,560,20,20,0.8435505648253098,0.9138298806179774,0.8195892230166093,0.9006628804478022
bn_binary_cinexdrama,1007,Base,280,20,19,0.7953496988806398,0.8644999414794008,0.8136678945745095,0.86751155439476
bn_binary_cinexdrama,1007,Hybrid,560,20,3,0.381180242036619,0.5590838600187266,0.3742179878303894,0.5377862305503457
bn_binary_cinexdrama,1007,Matched All-real,560,20,11,0.8601640512249036,0.9162175210674157,0.8475138524351122,0.9089247839576504
bn_binary_cinexdrama,1008,Base,280,20,11,0.8078287154751902,0.8626623946629215,0.8016193627907415,0.8572820440907524
bn_binary_cinexdrama,1008,Hybrid,560,20,19,0.8404811331653892,0.8892834152621722,0.8176503179244408,0.8810656920658848
bn_binary_cinexdrama,1008,Matched All-real,560,20,17,0.8545021211687878,0.920896242977528,0.8465924300211303,0.9240272981705786
bn_binary_cinexdrama,1009,Base,280,20,15,0.8244631308390424,0.8900471090823969,0.7981417099064159,0.8701554803765184
bn_binary_cinexdrama,1009,Hybrid,560,20,8,0.8359690870191678,0.8999400163857678,0.8215646795793554,0.8929443694601716
bn_binary_cinexdrama,1009,Matched All-real,560,20,8,0.8585673325657277,0.9288287102059926,0.8257821994034293,0.9013333567050548
bn_binary_cinexdrama,1010,Base,280,20,9,0.8327926985234275,0.9031630383895132,0.8197859310545349,0.881533126493599
bn_binary_cinexdrama,1010,Hybrid,560,20,4,0.8129529422426469,0.87742421582397,0.8182314378615669,0.8641211940612455
bn_binary_cinexdrama,1010,Matched All-real,560,20,20,0.8510973294962518,0.9210791198501873,0.8437623749426892,0.9058309523392173
bn_binary_cinexdrama,1011,Base,280,20,16,0.8163023061007197,0.8966116573033709,0.8021805135469339,0.8762292064716296
bn_binary_cinexdrama,1011,Hybrid,560,20,16,0.8525377273898853,0.9108497191011237,0.8236453373415091,0.900578157957779
bn_binary_cinexdrama,1011,Matched All-real,560,20,14,0.8692956756123287,0.9350333567415732,0.8506766113341163,0.9272482135240466
bn_binary_cinexdrama,1012,Base,280,20,9,0.8163516654610083,0.8829851357677903,0.8084092981356786,0.8816149275184489
bn_binary_cinexdrama,1012,Hybrid,560,20,15,0.8285385442045092,0.8964009831460675,0.8269688482265984,0.9046813557935577
bn_binary_cinexdrama,1012,Matched All-real,560,20,16,0.8487979759980848,0.916935861423221,0.8448140235583705,0.9044841568943656
bn_binary_cinexdrama,1013,Base,280,20,12,0.8227940034432294,0.8650763693820224,0.8010744992439705,0.8591386352083297
bn_binary_cinexdrama,1013,Hybrid,560,20,18,0.8340973123835262,0.9087634597378277,0.8091717534690724,0.891828369764004
bn_binary_cinexdrama,1013,Matched All-real,560,20,17,0.8536815751784758,0.9084474485018726,0.8267516765556759,0.8938471021986949
bn_binary_cinexdrama,1014,Base,280,20,18,0.8276619845448351,0.9057072214419476,0.8158925956939456,0.8853018165670447
bn_binary_cinexdrama,1014,Hybrid,560,20,9,0.8329092599047287,0.8784702715355805,0.8194487933293904,0.8664861201189621
bn_binary_cinexdrama,1014,Matched All-real,560,20,19,0.8539753199567935,0.9191420880149813,0.8388571428571429,0.9080994700462176
bn_binary_cinexdrama,1015,Base,280,20,15,0.8468362687540769,0.9016736891385768,0.8097165991902835,0.8756478349021601
bn_binary_cinexdrama,1015,Hybrid,560,20,20,0.8579434292895276,0.9003335674157303,0.8362369337979094,0.8869188475404184
bn_binary_cinexdrama,1015,Matched All-real,560,20,19,0.868272495446266,0.9280957397003744,0.8582897413542574,0.9219267647110378
bn_binary_cinexdrama,1016,Base,280,20,18,0.8042243315965585,0.8731653792134831,0.7982136866154752,0.8758187406147931
bn_binary_cinexdrama,1016,Hybrid,560,20,16,0.8408382902665787,0.9071190308988764,0.8358537352006425,0.8978641168118635
bn_binary_cinexdrama,1016,Matched All-real,560,20,17,0.8609187837304199,0.9182218515917604,0.8311171910624715,0.9105622651872367
bn_binary_cinexdrama,1017,Base,280,20,20,0.8240288023327316,0.8945766034644197,0.820336391437309,0.8941640811699884
bn_binary_cinexdrama,1017,Hybrid,560,20,16,0.8397292901126989,0.9115958567415731,0.8245587331408226,0.9080074438932615
bn_binary_cinexdrama,1017,Matched All-real,560,20,19,0.8665551998885332,0.9210220622659177,0.8580440947441719,0.9174569229960211
bn_binary_cinexdrama,1018,Base,280,20,4,0.662331792501284,0.7390829822097379,0.6479498418687233,0.736060228926011
bn_binary_cinexdrama,1018,Hybrid,560,20,18,0.8252532593182793,0.8914325842696629,0.8269539224263633,0.883762204420761
bn_binary_cinexdrama,1018,Matched All-real,560,20,18,0.846276504427225,0.9060715121722847,0.8421415733192934,0.9043278585075987
bn_binary_cinexdrama,1019,Base,280,20,14,0.8141719888589742,0.8867070458801499,0.8100537235704464,0.8782274886501079
bn_binary_cinexdrama,1019,Hybrid,560,20,12,0.8437482632033113,0.9154143258426966,0.8430255604978505,0.911954343342273
bn_binary_cinexdrama,1019,Matched All-real,560,20,20,0.8264147518328532,0.8750497425093634,0.8456222409081353,0.900426241768772
bn_binary_cinexdrama,1020,Base,280,20,14,0.8272890673021182,0.895055009363296,0.8301022547190993,0.9007081631579871
bn_binary_cinexdrama,1020,Hybrid,560,20,10,0.840027340024061,0.9042661516853933,0.8274551027054691,0.9029328588873893
bn_binary_cinexdrama,1020,Matched All-real,560,20,9,0.8611575895086333,0.9216818820224719,0.847955486542443,0.9172480382361362
bn_binary_cinexdrama,1021,Base,280,20,8,0.7938258993774385,0.8674844920411985,0.7821558288370355,0.848868224391897
bn_binary_cinexdrama,1021,Hybrid,560,20,17,0.845352173973164,0.9218881671348316,0.8378891386812127,0.902152827686141
bn_binary_cinexdrama,1021,Matched All-real,560,20,9,0.8570708930062003,0.9226503979400751,0.8480738833811787,0.9196582470040374
bn_binary_cinexdrama,1022,Base,280,20,18,0.7012992342479133,0.7993723665730337,0.7088356095273707,0.7960934167703786
bn_binary_cinexdrama,1022,Hybrid,560,20,9,0.8505334453695923,0.9072068117977529,0.836154154538007,0.9063933343850608
bn_binary_cinexdrama,1022,Matched All-real,560,20,17,0.8490668274311697,0.9175459386704119,0.8331381902702828,0.9092242341379048
bn_binary_cinexdrama,1023,Base,280,20,9,0.8351123595505618,0.9080231741573034,0.8139717282261743,0.8887506062040235
bn_binary_cinexdrama,1023,Hybrid,560,20,16,0.8593567920192549,0.913307584269663,0.8314540807455576,0.905337224724944
bn_binary_cinexdrama,1023,Matched All-real,560,20,12,0.8576108812045544,0.9270643141385767,0.8471774049985867,0.9164943002214471
bn_binary_cinexdrama,1024,Base,280,20,18,0.8197638375520516,0.8959810978464421,0.8301844649989489,0.8986368443501784
bn_binary_cinexdrama,1024,Hybrid,560,20,20,0.838284902038364,0.911392497659176,0.8349407999557464,0.9033447854768122
bn_binary_cinexdrama,1024,Matched All-real,560,20,17,0.8592441398025545,0.9183125585205992,0.8501848782353691,0.912050751692989
bn_binary_cinexdrama,1025,Base,280,20,14,0.8115467167360932,0.8731726942883895,0.8160730953637085,0.8789096507680532
bn_binary_cinexdrama,1025,Hybrid,560,20,10,0.8456664230869506,0.9145921114232209,0.8397708477518798,0.9140592589995735
bn_binary_cinexdrama,1025,Matched All-real,560,20,13,0.8529820791837757,0.9202773876404494,0.837486969839911,0.908413527552338
bn_binary_cinexdrama,1026,Base,280,20,15,0.8382294305281921,0.899593281835206,0.8264224074886646,0.8926566051406102
bn_binary_cinexdrama,1026,Hybrid,560,20,19,0.8463471005734583,0.9125994850187266,0.8302350221537276,0.9018884350879655
bn_binary_cinexdrama,1026,Matched All-real,560,20,7,0.84326190790592,0.9239539442883895,0.8446877923224858,0.9050275494165834
bn_binary_cinexdrama,1027,Base,280,20,17,0.8300935181636433,0.8818556882022471,0.796310117800316,0.8619213307858157
bn_binary_cinexdrama,1027,Hybrid,560,20,5,0.8233156920655407,0.8947287570224719,0.8192307692307692,0.8817770688355624
bn_binary_cinexdrama,1027,Matched All-real,560,20,14,0.8541832061623165,0.9246635065543071,0.8493088749627755,0.9263498629832834
bn_binary_cinexdrama,1028,Base,280,20,18,0.8197638375520516,0.8897632841760299,0.7855864457057435,0.8820107860494195
bn_binary_cinexdrama,1028,Hybrid,560,20,17,0.8424643747903326,0.8932832982209737,0.8282549745518486,0.879664849515329
bn_binary_cinexdrama,1028,Matched All-real,560,20,3,0.7605554575694957,0.845167661516854,0.7543939103624867,0.830771208376425
bn_binary_cinexdrama,1029,Base,280,20,20,0.8189724295318572,0.8882578417602996,0.7858927561415068,0.8652912408631176
bn_binary_cinexdrama,1029,Hybrid,560,20,6,0.8380813730748602,0.9041973899812735,0.819412607502034,0.8946212904695963
bn_binary_cinexdrama,1029,Matched All-real,560,20,14,0.8510609422205437,0.9217799040262171,0.8248880979701629,0.9072464022156392
bn_binary_cinexdrama,1030,Base,280,20,13,0.8297994173318637,0.8960542485955058,0.8049430614243597,0.8673201984259145
bn_binary_cinexdrama,1030,Hybrid,560,20,15,0.8472850522539963,0.9133939021535581,0.8176280991256013,0.8930276312176084
bn_binary_cinexdrama,1030,Matched All-real,560,20,19,0.8499956557515295,0.9182467228464419,0.8316360560323353,0.9123151442911649
bn_binary_cinexdrama,1031,Base,280,20,16,0.8446766441898288,0.9166227762172285,0.8202452968739073,0.8879340566881102
bn_binary_cinexdrama,1031,Hybrid,560,20,12,0.8351299964272902,0.9052814840823971,0.8258500435919791,0.9007344563445459
bn_binary_cinexdrama,1031,Matched All-real,560,20,15,0.8672770013661053,0.917181647940075,0.8437623749426892,0.9120770448795479
bn_binary_cinexdrama,1032,Base,280,20,18,0.8265552006439354,0.894932116104869,0.809192402493838,0.8827762099248015
bn_binary_cinexdrama,1032,Hybrid,560,20,10,0.8482825314220663,0.9210615636704119,0.8365814224370229,0.9067950358463777
bn_binary_cinexdrama,1032,Matched All-real,560,20,7,0.8533045843407104,0.9233453300561799,0.8374166617766698,0.9123414374777238
bn_binary_cinexdrama,1033,Base,280,20,19,0.8211663696625815,0.8918831928838951,0.8121551939633873,0.8831910579793977
bn_binary_cinexdrama,1033,Hybrid,560,20,14,0.8473176918940404,0.9079558754681647,0.8400721740503865,0.9024975605765804
bn_binary_cinexdrama,1033,Matched All-real,560,20,20,0.824102197086068,0.863291491104869,0.8311957998119319,0.8580357821054415
bn_binary_cinexdrama,1034,Base,280,20,19,0.8129731959913284,0.880672109082397,0.8052233514362975,0.8653029267238106
bn_binary_cinexdrama,1034,Hybrid,560,20,10,0.8227657004830917,0.9016297986891386,0.8169316402272837,0.8948462432879337
bn_binary_cinexdrama,1034,Matched All-real,560,20,12,0.859915950734558,0.9254374414794007,0.8397435897435898,0.9078044020637229
bn_binary_cinexdrama,1035,Base,280,20,15,0.8167792185061478,0.8907844686329588,0.8179618270806466,0.879645859991703
bn_binary_cinexdrama,1035,Hybrid,560,20,19,0.8481873023991073,0.9162584854868914,0.8294402155295046,0.903613560272748
bn_binary_cinexdrama,1035,Matched All-real,560,20,5,0.8620330731134055,0.9263137874531836,0.8544842879455439,0.9184940431325118
bn_binary_cinexdrama,1036,Base,280,20,20,0.8099009067033017,0.8782069288389512,0.797422011277433,0.8721654484156894
bn_binary_cinexdrama,1036,Hybrid,560,20,13,0.8276136396012177,0.8984887055243446,0.8189132761067299,0.8875703342740451
bn_binary_cinexdrama,1036,Matched All-real,560,20,20,0.847743533697632,0.9231785463483145,0.840434995733556,0.9155594313660187
bn_binary_cinexdrama,1037,Base,280,20,13,0.8055664513654629,0.8857531601123596,0.7956024075427061,0.8661706018802551
bn_binary_cinexdrama,1037,Hybrid,560,20,17,0.8304043346615397,0.8915481624531836,0.8195053097755518,0.8807750062811501
bn_binary_cinexdrama,1037,Matched All-real,560,20,19,0.8431624653932821,0.9136484667602995,0.8234675480769231,0.8969979023880056
bn_binary_cinexdrama,1038,Base,280,20,19,0.8372251855449192,0.9036004798689139,0.8155199143559646,0.8900827943230087
bn_binary_cinexdrama,1038,Hybrid,560,20,15,0.841148406547152,0.9074204119850188,0.826812056683519,0.9036456963896533
bn_binary_cinexdrama,1038,Matched All-real,560,20,15,0.8496408432407905,0.9086669007490638,0.8325801986647126,0.8946899449011668
bn_binary_cinexdrama,1039,Base,280,20,13,0.820956005170736,0.8842608848314607,0.8025416067868898,0.8843567225835102
bn_binary_cinexdrama,1039,Hybrid,560,20,18,0.8506325487997894,0.9038389513108613,0.8356375364656,0.912950562966339
bn_binary_cinexdrama,1039,Matched All-real,560,20,15,0.8464623566851214,0.8994294241573033,0.8271839736274882,0.8895408625333777
bn_binary_cinexdrama,1040,Base,280,20,12,0.819685293280545,0.8760197214419476,0.7987394543248155,0.8572966514166185
bn_binary_cinexdrama,1040,Hybrid,560,20,7,0.8438043224592084,0.8850114115168539,0.8252869211257942,0.8721216264380912
bn_binary_cinexdrama,1040,Matched All-real,560,20,10,0.8625505995849589,0.9149841994382023,0.8446449533624405,0.9059551146090788
bn_binary_cinexdrama,1041,Base,280,20,20,0.817358887793587,0.8808579119850187,0.7891414215099823,0.8661048689138576
bn_binary_cinexdrama,1041,Hybrid,560,20,12,0.8515988236935095,0.9236525632022472,0.8294134727061556,0.9058952245730278
bn_binary_cinexdrama,1041,Matched All-real,560,20,15,0.8479008967043205,0.9127750468164795,0.8216932012160367,0.8991963049308489
bn_binary_cinexdrama,1042,Base,280,20,14,0.8244631308390424,0.8856756203183521,0.7952628766582255,0.862677990265678
bn_binary_cinexdrama,1042,Hybrid,560,20,15,0.8336867624722515,0.9042646886704121,0.8254259112519811,0.8912207050079756
bn_binary_cinexdrama,1042,Matched All-real,560,20,15,0.8484485753180303,0.9161809456928838,0.8422846404790112,0.9068943656622668
bn_binary_cinexdrama,1043,Base,280,20,13,0.8317433642160554,0.8795338834269664,0.8028902888473339,0.8587004154323475
bn_binary_cinexdrama,1043,Hybrid,560,20,15,0.8355617001048685,0.904381729868914,0.8289044451157626,0.8929472909253449
bn_binary_cinexdrama,1043,Matched All-real,560,20,2,0.6894785199209288,0.8262025983146069,0.6567774078833712,0.8104378107708579
bn_binary_cinexdrama,1044,Base,280,20,13,0.7941260577149065,0.873624765917603,0.7842251157537623,0.8702562709249944
bn_binary_cinexdrama,1044,Hybrid,560,20,20,0.8292254340641437,0.8966145833333334,0.8346722020110591,0.9018504560407135
bn_binary_cinexdrama,1044,Matched All-real,560,20,10,0.8526262319585222,0.9061812382958802,0.8298886682899964,0.8969993631205921
bn_binary_cinexdrama,1045,Base,280,20,15,0.8371659361054298,0.907887113764045,0.8042731146218722,0.8808918648880787
bn_binary_cinexdrama,1045,Hybrid,560,20,20,0.8458890622948907,0.896045470505618,0.8345041586320656,0.8857634080644124
bn_binary_cinexdrama,1045,Matched All-real,560,20,19,0.858967685099908,0.9141546699438202,0.8433088077554167,0.91398330090507
bn_binary_cinexdrama,1046,Base,280,20,20,0.8080655345572865,0.8775617392322097,0.7930181830834908,0.8610112943843597
bn_binary_cinexdrama,1046,Hybrid,560,20,11,0.8474810118773293,0.9028089887640449,0.8272160210825068,0.8897541294910224
bn_binary_cinexdrama,1046,Matched All-real,560,20,3,0.7702621545936097,0.8687704822097377,0.7486431742840388,0.8600282213535732
bn_binary_cinexdrama,1047,Base,280,20,15,0.8275176884047852,0.900171172752809,0.8098110704074664,0.8836059060339942
bn_binary_cinexdrama,1047,Hybrid,560,20,19,0.8453200758906612,0.912435627340824,0.8201499151588658,0.9036296283312008
bn_binary_cinexdrama,1047,Matched All-real,560,20,8,0.8589769131606704,0.927140390917603,0.8431190150478796,0.9222729583340638
bn_binary_cinexdrama,1048,Base,280,20,20,0.824347487565658,0.8979517790262171,0.8151820707581394,0.877792190339299
bn_binary_cinexdrama,1048,Hybrid,560,20,16,0.8327926985234275,0.8933432818352061,0.8081632653061225,0.8775599338580284
bn_binary_cinexdrama,1048,Matched All-real,560,20,19,0.8544860129255034,0.9148291198501873,0.8367638918892184,0.9135129450121825
bn_binary_cinexdrama,1049,Base,280,20,16,0.82142658651807,0.890941011235955,0.8079426513254292,0.8923016471220646
bn_binary_cinexdrama,1049,Hybrid,560,20,9,0.8474234289178583,0.9105819873595506,0.8212391765483187,0.9056892612783163
bn_binary_cinexdrama,1049,Matched All-real,560,20,7,0.8445408721566436,0.9058696161048689,0.8253492471256492,0.8965494574839173
en_binary_sst2,1000,Base,280,20,19,0.8383698580390161,0.9027835815500289,0.8531917020481821,0.9143723162414752
en_binary_sst2,1000,Hybrid,560,20,10,0.8402816649598063,0.9125291393547973,0.8394419397433807,0.9165403721478488
en_binary_sst2,1000,Matched All-real,560,20,7,0.8154850492163677,0.8891994810744812,0.8129432589112396,0.8988512461059188
en_binary_sst2,1001,Base,280,20,9,0.8123485993532089,0.865163590064906,0.8013858333234589,0.8787020080828494
en_binary_sst2,1001,Hybrid,560,20,13,0.8441588482307372,0.9160986601118181,0.8486039427371876,0.9244074682158794
en_binary_sst2,1001,Matched All-real,560,20,10,0.8367550925287972,0.8934823436797121,0.8589135968114283,0.9071235370884905
en_binary_sst2,1002,Base,280,20,13,0.8246260399983067,0.8886601519825206,0.8311499962458457,0.8893581081081081
en_binary_sst2,1002,Hybrid,560,20,9,0.8342406612217894,0.9034699529271898,0.8347754689572412,0.8986591731918834
en_binary_sst2,1002,Matched All-real,560,20,8,0.8341991965096403,0.9040941898014266,0.8459014490918778,0.9071156436810642
en_binary_sst2,1003,Base,280,20,8,0.8263236702074664,0.8903776870059764,0.8486206678871283,0.9127699545339732
en_binary_sst2,1003,Hybrid,560,20,9,0.8360929700269465,0.9041606620718464,0.8543560743054415,0.9191872947714069
en_binary_sst2,1003,Matched All-real,560,20,10,0.8397161765535486,0.9081702051603369,0.8486230568926063,0.9163614549128568
en_binary_sst2,1004,Base,280,20,10,0.814121859150272,0.8758562070239702,0.8182566483748417,0.882596089079734
en_binary_sst2,1004,Hybrid,560,20,12,0.8375927254376907,0.9133074071396439,0.8279372997205954,0.9138145154500295
en_binary_sst2,1004,Matched All-real,560,20,4,0.852074419903295,0.8906990834457941,0.8403088213012918,0.8927338553506777
en_binary_sst2,1005,Base,280,20,9,0.8148216518911144,0.8613106082513976,0.8090544533558464,0.8800044203081587
en_binary_sst2,1005,Hybrid,560,20,11,0.8335089480488715,0.8967436620397147,0.8577615011023589,0.918829460301423
en_binary_sst2,1005,Matched All-real,560,20,10,0.8222412310622336,0.892400693239509,0.8402768352126799,0.9118095899637956
en_binary_sst2,1006,Base,280,20,11,0.828791765242074,0.8873815146841463,0.8227642276422764,0.8865112191630883
en_binary_sst2,1006,Hybrid,560,20,16,0.8401103309162057,0.9144570761840498,0.8402768352126799,0.9168061168645282
en_binary_sst2,1006,Matched All-real,560,20,17,0.8288217892136722,0.8969022114581326,0.848616686043759,0.9127699545339732
en_binary_sst2,1007,Base,280,20,19,0.8035499319224484,0.8602729781183729,0.8089001779613132,0.8783415424770564
en_binary_sst2,1007,Hybrid,560,20,19,0.8274250976020667,0.8959020949810423,0.8199538916572306,0.8946124863180938
en_binary_sst2,1007,Matched All-real,560,20,10,0.8450635893325631,0.9048045393933553,0.8600181056443295,0.8962148480255957
en_binary_sst2,1008,Base,280,20,16,0.8109246795323583,0.8768957650536597,0.8337153776452131,0.9039240759451039
en_binary_sst2,1008,Hybrid,560,20,7,0.8366730594215606,0.9088949336482232,0.8354011154011154,0.9293540035362466
en_binary_sst2,1008,Matched All-real,560,20,18,0.8459110785545896,0.9051221804511278,0.8577615011023589,0.914140776290309
en_binary_sst2,1009,Base,280,20,18,0.8099624721994783,0.8762296968382495,0.8122712594187298,0.881646249052791
en_binary_sst2,1009,Hybrid,560,20,6,0.8263885425345734,0.9003863223764541,0.8230929747275678,0.8841458280710618
en_binary_sst2,1009,Matched All-real,560,20,9,0.8395981497767955,0.9144555900970375,0.8382974358165025,0.918337437905195
en_binary_sst2,1010,Base,280,20,8,0.8106085131318566,0.8737258611271769,0.7872775295077925,0.8670302896354298
en_binary_sst2,1010,Hybrid,560,20,5,0.8248277219166854,0.8954560278902384,0.8104744855820718,0.8996353245769134
en_binary_sst2,1010,Matched All-real,560,20,19,0.829843051207639,0.8961716189512241,0.8343604896580836,0.9073366590889955
en_binary_sst2,1011,Base,280,20,10,0.828218009236778,0.8772884334233019,0.8122137182703728,0.8660383514355476
en_binary_sst2,1011,Hybrid,560,20,20,0.8359310750677394,0.9185452212261423,0.8230220985155196,0.9050475709354214
en_binary_sst2,1011,Matched All-real,560,20,14,0.8353972640249909,0.9017812560246772,0.8450561296411099,0.9144933484886755
en_binary_sst2,1012,Base,280,20,20,0.8185063950026213,0.8876669036372982,0.7950857329946612,0.8834038477730066
en_binary_sst2,1012,Hybrid,560,20,5,0.8245012400920525,0.8935232512370669,0.8314164756384812,0.9084364738570345
en_binary_sst2,1012,Matched All-real,560,20,12,0.8135943058138384,0.8819739452798663,0.8130023220781613,0.8838221983665909
en_binary_sst2,1013,Base,280,20,6,0.8140461938594221,0.872270339309813,0.8119107744107744,0.8641070977519576
en_binary_sst2,1013,Hybrid,560,20,16,0.8446484555530414,0.91212749421631,0.8405944435311524,0.9084206870421824
en_binary_sst2,1013,Matched All-real,560,20,7,0.8369592732256135,0.9000934628237259,0.8312602431366871,0.8919839816451967
en_binary_sst2,1014,Base,280,20,9,0.8253333611600372,0.8687305402930404,0.8331448448962302,0.8878162625242065
en_binary_sst2,1014,Hybrid,560,20,8,0.8398579425303929,0.9084871433391168,0.8340768303769636,0.9008324913698745
en_binary_sst2,1014,Matched All-real,560,20,8,0.8435749128098511,0.901373224728488,0.8494377905451804,0.8914419676686032
en_binary_sst2,1015,Base,280,20,11,0.8199715611761271,0.8638552511085407,0.8199482086751126,0.8752315399511661
en_binary_sst2,1015,Hybrid,560,20,5,0.8337956931872625,0.9070769471756314,0.8306467275199068,0.9175244169403048
en_binary_sst2,1015,Matched All-real,560,20,17,0.8461843369581314,0.9114932965426387,0.8346109469092289,0.9235023574976846
en_binary_sst2,1016,Base,280,20,19,0.8046089608570055,0.845970655806182,0.8187730190466169,0.8548376062978865
en_binary_sst2,1016,Hybrid,560,20,16,0.8332216360667735,0.9010107801555169,0.8347919901060443,0.9117727540624736
en_binary_sst2,1016,Matched All-real,560,20,9,0.8380216117116583,0.9097509398496242,0.8439373601789709,0.9161877999494822
en_binary_sst2,1017,Base,280,20,14,0.8201979881749649,0.8757764804639805,0.8086020140475586,0.8871558474362213
en_binary_sst2,1017,Hybrid,560,20,19,0.8328903233001306,0.9007011720005141,0.8497372453845293,0.9155510650837753
en_binary_sst2,1017,Matched All-real,560,20,16,0.8352945639781334,0.9031948661718397,0.8323959978936282,0.905471183800623
en_binary_sst2,1018,Base,280,20,9,0.7962596584054851,0.8694839663260716,0.8161268556005399,0.8897106803064747
en_binary_sst2,1018,Hybrid,560,20,16,0.8257841374236676,0.9029268684531842,0.8508538799568455,0.919847709859392
en_binary_sst2,1018,Matched All-real,560,20,13,0.8509075138918949,0.9149417413726624,0.8566511876251837,0.9199345373410792
en_binary_sst2,1019,Base,280,20,7,0.8251804611409286,0.8906007406336354,0.824258159357921,0.9003194198871769
en_binary_sst2,1019,Hybrid,560,20,11,0.8336234979617364,0.901411180194075,0.8439841710869749,0.9122910878167887
en_binary_sst2,1019,Matched All-real,560,20,18,0.8127557664292128,0.863376951995373,0.7989499548757271,0.8597262566304621
en_binary_sst2,1020,Base,280,20,11,0.8085805005275348,0.8725605881691407,0.8004072676758907,0.8634282647133115
en_binary_sst2,1020,Hybrid,560,20,10,0.8426227148459817,0.8931782983098773,0.8428847426018499,0.8930601161909573
en_binary_sst2,1020,Matched All-real,560,20,7,0.8272036239303526,0.9096352058029691,0.8266649704217289,0.9082575566220427
en_binary_sst2,1021,Base,280,20,10,0.8259638294808667,0.8885072657605553,0.832419824458871,0.9041819272543571
en_binary_sst2,1021,Hybrid,560,20,16,0.8311393597377804,0.8978219587430113,0.8290904546740067,0.9103808832196683
en_binary_sst2,1021,Matched All-real,560,20,9,0.8416171091900455,0.8957002281344387,0.8520406753978558,0.9126068241138334
en_binary_sst2,1022,Base,280,20,13,0.8347365760915322,0.8971018692564746,0.8493694938676801,0.9046713185147763
en_binary_sst2,1022,Hybrid,560,20,5,0.8353825992811769,0.9078898568536728,0.8405709603124182,0.9183532247200472
en_binary_sst2,1022,Matched All-real,560,20,7,0.83360011601516,0.9019839060793007,0.8268328127568634,0.8952202786899048
en_binary_sst2,1023,Base,280,20,7,0.8232733532509379,0.8781428531264057,0.8090498278024406,0.8904079312957818
en_binary_sst2,1023,Hybrid,560,20,13,0.848980093609532,0.915374614420667,0.8474672348372757,0.9144775616738234
en_binary_sst2,1023,Matched All-real,560,20,11,0.8446669884707025,0.9127635796221323,0.8411783338612606,0.9113965016418287
en_binary_sst2,1024,Base,280,20,16,0.7976341006632603,0.8583134318167213,0.8221950933949345,0.8703718321124864
en_binary_sst2,1024,Hybrid,560,20,8,0.8422606417569407,0.9144759735878158,0.8586011192627895,0.9279068788414582
en_binary_sst2,1024,Matched All-real,560,20,20,0.8402546294866382,0.8811624413598097,0.8519939528145859,0.8806753599393787
en_binary_sst2,1025,Base,280,20,10,0.8122544383368901,0.8507054294389821,0.7896838817557963,0.8376904942325504
en_binary_sst2,1025,Hybrid,560,20,6,0.8400227515483678,0.9110674121200437,0.844770089100281,0.9243943125368359
en_binary_sst2,1025,Matched All-real,560,20,17,0.8303585744766526,0.9031171076730288,0.8165099004692464,0.8807674496926833
en_binary_sst2,1026,Base,280,20,8,0.8213740296733598,0.8747249734914208,0.8542564041823769,0.9173297128904606
en_binary_sst2,1026,Hybrid,560,20,4,0.8456037264652541,0.8991199955015745,0.8325124189610171,0.9057132482950239
en_binary_sst2,1026,Matched All-real,560,20,16,0.8547711480592322,0.9162929358653042,0.86913112164297,0.9289067104487666
en_binary_sst2,1027,Base,280,20,10,0.8180172433291759,0.8783757872244714,0.800123670014286,0.8713058853245769
en_binary_sst2,1027,Hybrid,560,20,8,0.83020807111127,0.9012410031488979,0.8394461629105907,0.9129330849541129
en_binary_sst2,1027,Matched All-real,560,20,15,0.8274559180601889,0.8980942339823919,0.8370325134770888,0.9047897196261682
en_binary_sst2,1028,Base,280,20,20,0.8331528429437463,0.9015687857464173,0.8428897016372012,0.9132304033004968
en_binary_sst2,1028,Hybrid,560,20,19,0.839289313647079,0.9069715956558061,0.852054686421117,0.9111202323819148
en_binary_sst2,1028,Matched All-real,560,20,10,0.8326913504843217,0.9093175848274533,0.840549148270296,0.911054453986697
en_binary_sst2,1029,Base,280,20,19,0.8193002638286171,0.8904655669622774,0.8227642276422764,0.9057579776037721
en_binary_sst2,1029,Hybrid,560,20,8,0.8448254556688292,0.913235974551764,0.8485951804693255,0.9270596531110549
en_binary_sst2,1029,Matched All-real,560,20,12,0.8484537957069247,0.9176058937407621,0.8566361042900001,0.9208159678369959
en_binary_sst2,1030,Base,280,20,20,0.828067904336373,0.8970856026283658,0.8497688640473451,0.9006509429990739
en_binary_sst2,1030,Hybrid,560,20,7,0.8360705687779083,0.9099451151918257,0.8600851189192318,0.9227919508293341
en_binary_sst2,1030,Matched All-real,560,20,5,0.8438895741479604,0.90347413003663,0.8362740120165862,0.918337437905195
en_binary_sst2,1031,Base,280,20,19,0.8183831762561822,0.8893844587430113,0.8210773868712218,0.8930048623389746
en_binary_sst2,1031,Hybrid,560,20,8,0.828331476811882,0.893296281569308,0.8296695174743955,0.8931022143638966
en_binary_sst2,1031,Matched All-real,560,20,16,0.8312235326506965,0.9045355375618533,0.84631734006734,0.9207922876147175
en_binary_sst2,1032,Base,280,20,12,0.8242944493416726,0.8915739669687038,0.8380418331337705,0.9117569672476213
en_binary_sst2,1032,Hybrid,560,20,11,0.8498569916955689,0.9120624879506458,0.8577375470357603,0.919168876820746
en_binary_sst2,1032,Matched All-real,560,20,17,0.8395201152924938,0.9174192492449071,0.835035289292825,0.9258730108613286
en_binary_sst2,1033,Base,280,20,14,0.8215101254921892,0.8872499357367778,0.8096170033670034,0.8880399090679464
en_binary_sst2,1033,Hybrid,560,20,17,0.8385023691180159,0.9092360307820835,0.8301000526592943,0.9059921486907467
en_binary_sst2,1033,Matched All-real,560,20,19,0.8301843519626584,0.9016201762418867,0.834861516610116,0.907170897533047
en_binary_sst2,1034,Base,280,20,14,0.8082354458170862,0.8838440853736904,0.7975652109314786,0.8834880441188852
en_binary_sst2,1034,Hybrid,560,20,15,0.8374551643820074,0.9154281938821414,0.850716392751791,0.917334975162078
en_binary_sst2,1034,Matched All-real,560,20,12,0.8255939561074298,0.8992643065998328,0.8165776992836307,0.8956070556537847
en_binary_sst2,1035,Base,280,20,16,0.8340314918676766,0.8978398118694172,0.8383025396412072,0.9141328828828829
en_binary_sst2,1035,Hybrid,560,20,10,0.8445434276298108,0.8893415027954501,0.8623389744885073,0.8908262818893661
en_binary_sst2,1035,Matched All-real,560,20,19,0.8205199808215575,0.8878769439624705,0.8082741859249575,0.8865769975583061
en_binary_sst2,1036,Base,280,20,10,0.8002142221348458,0.8533404625345414,0.7878303642473383,0.854029847604614
en_binary_sst2,1036,Hybrid,560,20,9,0.8396341340888265,0.90950591623289,0.8416898206617833,0.9160615054306643
en_binary_sst2,1036,Matched All-real,560,20,17,0.8409850264570575,0.9115977443609024,0.8381237138647845,0.9168876820745979
en_binary_sst2,1037,Base,280,20,14,0.8011066833012472,0.871586980271191,0.8118781143611844,0.8743895764923801
en_binary_sst2,1037,Hybrid,560,20,19,0.8264523249676088,0.9054257438467963,0.849683463101838,0.9106782015660521
en_binary_sst2,1037,Matched All-real,560,20,6,0.8295294325483131,0.8988706742818585,0.8199519973697189,0.9037214784878336
en_binary_sst2,1038,Base,280,20,14,0.8014250631566915,0.8600077718334298,0.813745965445225,0.8824119095731247
en_binary_sst2,1038,Hybrid,560,20,9,0.830871149944864,0.8890962582738897,0.8416898206617833,0.9131988296707924
en_binary_sst2,1038,Matched All-real,560,20,10,0.8395030747653577,0.9083948051217788,0.8472309489843366,0.9155326471331144
en_binary_sst2,1039,Base,280,20,13,0.8242829159282484,0.8892728616412826,0.8312602431366871,0.9021822640397406
en_binary_sst2,1039,Hybrid,560,20,12,0.8368840029646334,0.9044834241051347,0.8497261757079768,0.9169455670623895
en_binary_sst2,1039,Matched All-real,560,20,8,0.8331292043987162,0.8997057346892872,0.8412210839653562,0.9079628694114675
en_binary_sst2,1040,Base,280,20,19,0.8173116562314382,0.8766001542317331,0.8254740176683831,0.8976803906710449
en_binary_sst2,1040,Hybrid,560,20,19,0.8337854307120895,0.9046401259559155,0.8727022367066084,0.9278147890881536
en_binary_sst2,1040,Matched All-real,560,20,11,0.8387291313277987,0.9019766563845512,0.8482718620653291,0.9155352782689231
en_binary_sst2,1041,Base,280,20,18,0.8133106928993686,0.8541120630100894,0.8086657678377878,0.8531905152816367
en_binary_sst2,1041,Hybrid,560,20,13,0.8324969444458747,0.8999127827581774,0.8325679265630342,0.9047265723667592
en_binary_sst2,1041,Matched All-real,560,20,5,0.8174075786447403,0.8702727973780604,0.8302314690576542,0.901866527742696
en_binary_sst2,1042,Base,280,20,13,0.8041269163438495,0.8762016218430692,0.8058430992799879,0.8808648017176055
en_binary_sst2,1042,Hybrid,560,20,7,0.8423067543521954,0.9141353584281215,0.8300741029435774,0.9046371137492633
en_binary_sst2,1042,Matched All-real,560,20,15,0.8073330636501033,0.8915605118565646,0.7969889802886854,0.9002667971710028
en_binary_sst2,1043,Base,280,20,19,0.8162364547874184,0.8741511430820642,0.7933333684448916,0.8663988170413404
en_binary_sst2,1043,Hybrid,560,20,16,0.8370749531065591,0.9150412891202364,0.8314217966472159,0.910212490527911
en_binary_sst2,1043,Matched All-real,560,20,5,0.8016736074252102,0.877939439946019,0.7621737508056583,0.8895659678369958
en_binary_sst2,1044,Base,280,20,14,0.8289779201633276,0.8916844193817879,0.8267836071137749,0.8963043066430917
en_binary_sst2,1044,Hybrid,560,20,12,0.8395921375382589,0.9083760683760683,0.8496264751762314,0.9173691799275911
en_binary_sst2,1044,Matched All-real,560,20,17,0.8393392267626519,0.9159522805410963,0.8273677541970225,0.9117832786057085
en_binary_sst2,1045,Base,280,20,16,0.8008681754811786,0.8536454517704517,0.8059419161010348,0.8654805506441021
en_binary_sst2,1045,Hybrid,560,20,11,0.8137708555850542,0.893964016612043,0.8142045454545455,0.8946387976761808
en_binary_sst2,1045,Matched All-real,560,20,8,0.8452916202693339,0.8970450364693786,0.8433908045977012,0.9026216637197946
en_binary_sst2,1046,Base,280,20,6,0.8247851507589186,0.8871362299980721,0.813655550865344,0.8993722109960427
en_binary_sst2,1046,Hybrid,560,20,14,0.8382910149146241,0.9168205570014781,0.8469535473875767,0.9287567357076704
en_binary_sst2,1046,Matched All-real,560,20,14,0.8468644004220278,0.9097880518604202,0.8577951728636659,0.9195267112907299
en_binary_sst2,1047,Base,280,20,8,0.8218196570724642,0.8874109753550544,0.8540951101098133,0.9109544708259664
en_binary_sst2,1047,Hybrid,560,20,17,0.8379346034828331,0.8954176306149989,0.827581661437874,0.902511156015829
en_binary_sst2,1047,Matched All-real,560,20,18,0.8042197112860325,0.8842066102756893,0.8210067580370113,0.8818541087816789
en_binary_sst2,1048,Base,280,20,18,0.8210527653603494,0.8888869208277104,0.8323703988497453,0.9041450913530353
en_binary_sst2,1048,Hybrid,560,20,11,0.8320370140641675,0.8983571709723026,0.8417223037706962,0.9092258145996462
en_binary_sst2,1048,Matched All-real,560,20,7,0.8446225107184357,0.9099796365914786,0.8531731624282415,0.9205160183548033
en_binary_sst2,1049,Base,280,20,7,0.7842179157847049,0.8416053555362766,0.7817271589486858,0.8414951166119391
en_binary_sst2,1049,Hybrid,560,20,5,0.8309077190552101,0.8925797667245037,0.8405910892091761,0.91139387050602
en_binary_sst2,1049,Matched All-real,560,20,18,0.8402081825337124,0.8944277560889402,0.8302743365159526,0.8811358087059021
ha_binary_hausa_movie_review,1000,Base,280,20,6,0.7844841689661566,0.8330238726790451,0.7631987577639752,0.8322804246731595
ha_binary_hausa_movie_review,1000,Hybrid,560,20,19,0.7804810309392879,0.8449823165340407,0.7666768665850673,0.8537115030271124
ha_binary_hausa_movie_review,1000,Matched All-real,560,20,17,0.821752165591707,0.887422634836428,0.8203063629222309,0.9028472405018866
ha_binary_hausa_movie_review,1001,Base,280,20,13,0.7661411777452733,0.8071396993810788,0.750752688172043,0.8353952794595069
ha_binary_hausa_movie_review,1001,Hybrid,560,20,2,0.372413462000096,0.5567197170645447,0.36058700209643607,0.607594103711503
ha_binary_hausa_movie_review,1001,Matched All-real,560,20,19,0.8220985568694998,0.8970159151193634,0.8035072777104422,0.8935026761428446
ha_binary_hausa_movie_review,1002,Base,280,20,16,0.7846517119244392,0.8572060123784261,0.7768688480978985,0.8413178906729841
ha_binary_hausa_movie_review,1002,Hybrid,560,20,15,0.782078853046595,0.8736074270557029,0.7787912087912088,0.8581424936386769
ha_binary_hausa_movie_review,1002,Matched All-real,560,20,17,0.8045995794794696,0.901525198938992,0.8115263277718151,0.8934807405457575
ha_binary_hausa_movie_review,1003,Base,280,20,20,0.8036068194509838,0.8543324491600353,0.7405689036177852,0.81773712380451
ha_binary_hausa_movie_review,1003,Hybrid,560,20,15,0.7714598141060689,0.8503094606542881,0.7633457479826196,0.8418004738088971
ha_binary_hausa_movie_review,1003,Matched All-real,560,20,15,0.8122049155010369,0.8897656940760388,0.806336486249781,0.8905194349390191
ha_binary_hausa_movie_review,1004,Base,280,20,18,0.7864793678665496,0.8578249336870026,0.7980461329715061,0.8479643765903307
ha_binary_hausa_movie_review,1004,Hybrid,560,20,13,0.7751057228350282,0.8796198054818746,0.7800096170659205,0.8787400193033255
ha_binary_hausa_movie_review,1004,Matched All-real,560,20,11,0.8210595160235448,0.8762599469496022,0.7855574424818008,0.8661928577695884
ha_binary_hausa_movie_review,1005,Base,280,20,17,0.7738095238095238,0.8417329796640142,0.7591645123257147,0.8338159164692462
ha_binary_hausa_movie_review,1005,Hybrid,560,20,6,0.7974993174993175,0.8724358974358974,0.7671229930421878,0.8649863999298061
ha_binary_hausa_movie_review,1005,Matched All-real,560,20,17,0.8178267045454546,0.9021662245800175,0.8043660974962399,0.8953013951039748
ha_binary_hausa_movie_review,1006,Base,280,20,6,0.7651027892955478,0.8349027409372237,0.7393698147086503,0.8205668158287268
ha_binary_hausa_movie_review,1006,Hybrid,560,20,9,0.7758212290502793,0.8553492484526967,0.7275082640936299,0.8148416249890321
ha_binary_hausa_movie_review,1006,Matched All-real,560,20,14,0.8061821219715957,0.8839301503094605,0.8095024161470946,0.8920110555409317
ha_binary_hausa_movie_review,1007,Base,280,20,17,0.7629013388795008,0.8377320954907161,0.7896551724137931,0.8463850136000701
ha_binary_hausa_movie_review,1007,Hybrid,560,20,12,0.7610384943628442,0.855238726790451,0.7992892866543827,0.8763051680266736
ha_binary_hausa_movie_review,1007,Matched All-real,560,20,16,0.8262322472848789,0.8837312113174183,0.8014839885446499,0.8820742300605422
ha_binary_hausa_movie_review,1008,Base,280,20,20,0.8009429020429544,0.8729442970822281,0.7816323873991149,0.8431385452312012
ha_binary_hausa_movie_review,1008,Hybrid,560,20,14,0.8034599607633316,0.8560344827586207,0.8016446026829511,0.8394972361147669
ha_binary_hausa_movie_review,1008,Matched All-real,560,20,18,0.8527131782945736,0.916025641025641,0.794313435433345,0.8941607440554532
ha_binary_hausa_movie_review,1009,Base,280,20,13,0.8003006179368702,0.8630415561450043,0.7725278582083004,0.8646134947793279
ha_binary_hausa_movie_review,1009,Hybrid,560,20,13,0.8245738636363636,0.8735632183908044,0.7838742382452659,0.8707115907695007
ha_binary_hausa_movie_review,1009,Matched All-real,560,20,10,0.8237916889602283,0.8913351016799291,0.7886347886347886,0.8739361235412828
ha_binary_hausa_movie_review,1010,Base,280,20,14,0.7749128919860627,0.8381520778072502,0.7635047815973119,0.8327410722119857
ha_binary_hausa_movie_review,1010,Hybrid,560,20,15,0.7758212290502793,0.8525862068965517,0.7992892866543827,0.872905150478196
ha_binary_hausa_movie_review,1010,Matched All-real,560,20,20,0.7943076654443862,0.8735190097259062,0.7951157146571899,0.8784329209441081
ha_binary_hausa_movie_review,1011,Base,280,20,19,0.7897291106802281,0.8778072502210432,0.7455194740179555,0.8287487935421602
ha_binary_hausa_movie_review,1011,Hybrid,560,20,19,0.8128654970760234,0.8882183908045977,0.7787198561976849,0.8754496797402825
ha_binary_hausa_movie_review,1011,Matched All-real,560,20,17,0.841270899294562,0.9054376657824933,0.8288948288948288,0.8935465473370184
ha_binary_hausa_movie_review,1012,Base,280,20,18,0.7782493368700265,0.8180592396109637,0.72619985987038,0.7702246205141704
ha_binary_hausa_movie_review,1012,Hybrid,560,20,11,0.8099812481494884,0.8863616268788682,0.7659956127554273,0.8554444151969818
ha_binary_hausa_movie_review,1012,Matched All-real,560,20,17,0.8401051939513478,0.9096153846153846,0.7987539075598438,0.8759761340703694
ha_binary_hausa_movie_review,1013,Base,280,20,18,0.7861263542985788,0.8587975243147656,0.7701928872814949,0.8606870229007634
ha_binary_hausa_movie_review,1013,Hybrid,560,20,8,0.8371220818982013,0.8842838196286472,0.7963513397087965,0.8896858822497148
ha_binary_hausa_movie_review,1013,Matched All-real,560,20,18,0.8174296009608968,0.8885941644562334,0.8538126361655773,0.9185750636132316
ha_binary_hausa_movie_review,1014,Base,280,20,10,0.7799922062016367,0.821949602122016,0.7399829497016197,0.7946170044748617
ha_binary_hausa_movie_review,1014,Hybrid,560,20,13,0.7991543340380549,0.868788682581786,0.7617807862535797,0.8603141177502851
ha_binary_hausa_movie_review,1014,Matched All-real,560,20,13,0.8334429103659873,0.8840406719717064,0.7832127164642027,0.8740896727208914
ha_binary_hausa_movie_review,1015,Base,280,20,14,0.8189118828045714,0.8852564102564101,0.7716261451726567,0.8628367114152846
ha_binary_hausa_movie_review,1015,Hybrid,560,20,18,0.7983799945637402,0.8589522546419099,0.7330372483547833,0.8065719048872512
ha_binary_hausa_movie_review,1015,Matched All-real,560,20,17,0.8419311657134008,0.9144562334217508,0.8087648087648087,0.9001710976572782
ha_binary_hausa_movie_review,1016,Base,280,20,12,0.7601577909270216,0.799447391688771,0.7686790326774725,0.8391682021584627
ha_binary_hausa_movie_review,1016,Hybrid,560,20,14,0.7851590106007067,0.8589522546419098,0.7670528501199427,0.8642625252259366
ha_binary_hausa_movie_review,1016,Matched All-real,560,20,16,0.8023254532429602,0.8941423519009726,0.8065948002536462,0.8834342370799333
ha_binary_hausa_movie_review,1017,Base,280,20,11,0.7883653134925814,0.8545313881520779,0.7276815008444402,0.8008467140475563
ha_binary_hausa_movie_review,1017,Hybrid,560,20,17,0.7998370663006238,0.8654509283819628,0.8257142857142857,0.8926910590506273
ha_binary_hausa_movie_review,1017,Matched All-real,560,20,20,0.8045995794794696,0.8763041556145004,0.7963513397087965,0.8924936386768447
ha_binary_hausa_movie_review,1018,Base,280,20,16,0.7994987468671679,0.8624226348364279,0.7408496732026144,0.8259629727121173
ha_binary_hausa_movie_review,1018,Hybrid,560,20,13,0.8134074346870221,0.8697170645446508,0.771142302259887,0.8495656751776783
ha_binary_hausa_movie_review,1018,Matched All-real,560,20,20,0.8201183431952663,0.8994694960212202,0.814943226141978,0.8931736421865404
ha_binary_hausa_movie_review,1019,Base,280,20,15,0.7983799945637402,0.860764809902741,0.7925506072874493,0.8582302360270248
ha_binary_hausa_movie_review,1019,Hybrid,560,20,20,0.8061821219715957,0.8526746242263485,0.800948485903237,0.8577695884881985
ha_binary_hausa_movie_review,1019,Matched All-real,560,20,18,0.8242717070031738,0.8971264367816092,0.8155188801520781,0.903461437220321
ha_binary_hausa_movie_review,1020,Base,280,20,19,0.8051599587203302,0.8580901856763925,0.7704893360853113,0.8460998508379398
ha_binary_hausa_movie_review,1020,Hybrid,560,20,12,0.8146485306018381,0.8858753315649867,0.7755411255411255,0.8815697113275425
ha_binary_hausa_movie_review,1020,Matched All-real,560,20,20,0.8192389006342495,0.8967727674624224,0.7960878191856453,0.8883258752303237
ha_binary_hausa_movie_review,1021,Base,280,20,14,0.7548387096774194,0.8343059239610963,0.7607843137254902,0.83256558743529
ha_binary_hausa_movie_review,1021,Hybrid,560,20,16,0.794773519163763,0.8735853227232537,0.763728696849716,0.8464946915855049
ha_binary_hausa_movie_review,1021,Matched All-real,560,20,16,0.8305689316925272,0.8678381962864721,0.7908741042201186,0.8643283320171975
ha_binary_hausa_movie_review,1022,Base,280,20,19,0.8043779379846652,0.8604553492484527,0.75799176095912,0.8456392032991138
ha_binary_hausa_movie_review,1022,Hybrid,560,20,16,0.810529768738724,0.8505968169761273,0.779178958515685,0.8182416425375099
ha_binary_hausa_movie_review,1022,Matched All-real,560,20,13,0.8536414565826331,0.9018788682581786,0.8183521207592936,0.8744845134684565
ha_binary_hausa_movie_review,1023,Base,280,20,16,0.7849690539345712,0.8240053050397877,0.7503981243917544,0.8305694481003773
ha_binary_hausa_movie_review,1023,Hybrid,560,20,2,0.7188160676532769,0.7748452696728558,0.7095238095238094,0.7756207773975607
ha_binary_hausa_movie_review,1023,Matched All-real,560,20,18,0.8251109880925245,0.8888152077807249,0.7800914716168954,0.8816135825217163
ha_binary_hausa_movie_review,1024,Base,280,20,16,0.8033139235231547,0.8739168877099912,0.7607843137254902,0.8255242607703781
ha_binary_hausa_movie_review,1024,Hybrid,560,20,17,0.8229390681003583,0.8879089301503093,0.7725278582083004,0.8749232254101956
ha_binary_hausa_movie_review,1024,Matched All-real,560,20,4,0.7690467281241851,0.8050618921308577,0.7701072980402589,0.823199087479161
ha_binary_hausa_movie_review,1025,Base,280,20,6,0.7494686618954673,0.8092838196286474,0.7540877866288258,0.8287268579450732
ha_binary_hausa_movie_review,1025,Hybrid,560,20,14,0.770641298999508,0.8617595048629532,0.8089302687289381,0.875230323769413
ha_binary_hausa_movie_review,1025,Matched All-real,560,20,18,0.8206215306613052,0.8856763925729444,0.7879735835940216,0.8873387733614109
ha_binary_hausa_movie_review,1026,Base,280,20,11,0.7827442827442828,0.8423519009725907,0.7540877866288258,0.8368430288672458
ha_binary_hausa_movie_review,1026,Hybrid,560,20,13,0.7905855338691159,0.8729664014146773,0.7960878191856453,0.8913091164341493
ha_binary_hausa_movie_review,1026,Matched All-real,560,20,13,0.8125440451021846,0.8872679045092837,0.7848032564450476,0.8877774853031499
ha_binary_hausa_movie_review,1027,Base,280,20,12,0.769977300391486,0.8443854995579134,0.7919306110515545,0.8539527945950688
ha_binary_hausa_movie_review,1027,Hybrid,560,20,17,0.7978723404255319,0.8697833775419981,0.8145270270270271,0.9074756514872335
ha_binary_hausa_movie_review,1027,Matched All-real,560,20,20,0.8377152008541305,0.8811007957559682,0.7992892866543827,0.8772045275072387
ha_binary_hausa_movie_review,1028,Base,280,20,10,0.7794486215538847,0.8499778956675509,0.780718954248366,0.8314468719838555
ha_binary_hausa_movie_review,1028,Hybrid,560,20,16,0.8233158974021559,0.8836648983200707,0.8107631518793064,0.8850794068614547
ha_binary_hausa_movie_review,1028,Matched All-real,560,20,16,0.8026734143792288,0.8698717948717949,0.7948667881628049,0.8646354303764149
ha_binary_hausa_movie_review,1029,Base,280,20,17,0.7972336121589854,0.8544871794871796,0.7896551724137931,0.8735851539878915
ha_binary_hausa_movie_review,1029,Hybrid,560,20,13,0.8122049155010369,0.8824491600353669,0.800948485903237,0.8778845310169343
ha_binary_hausa_movie_review,1029,Matched All-real,560,20,14,0.8425304458037142,0.9135278514588858,0.8087648087648087,0.8727516012985873
ha_binary_hausa_movie_review,1030,Base,280,20,11,0.7988493500958875,0.8633289124668435,0.7653846153846153,0.8322804246731595
ha_binary_hausa_movie_review,1030,Hybrid,560,20,12,0.7924594785059902,0.8852122015915119,0.7882495877809599,0.8918136351671493
ha_binary_hausa_movie_review,1030,Matched All-real,560,20,20,0.8102372034956304,0.8921087533156499,0.7596799431799266,0.8365359305080284
ha_binary_hausa_movie_review,1031,Base,280,20,13,0.7741160015734954,0.8308797524314766,0.7537171219086789,0.840462402386593
ha_binary_hausa_movie_review,1031,Hybrid,560,20,13,0.8079084771691776,0.8766799292661361,0.8043660974962399,0.8882161972448889
ha_binary_hausa_movie_review,1031,Matched All-real,560,20,13,0.8320070733863838,0.9177718832891247,0.8083340556470486,0.8834561726770203
ha_binary_hausa_movie_review,1032,Base,280,20,12,0.7723749119097956,0.8563660477453582,0.7525662797866932,0.8348249539352461
ha_binary_hausa_movie_review,1032,Hybrid,560,20,5,0.788888888888889,0.8514367816091953,0.7474432459753304,0.8672238308326752
ha_binary_hausa_movie_review,1032,Matched All-real,560,20,16,0.821007609842804,0.9039345711759504,0.8237743788769092,0.8985039922786698
ha_binary_hausa_movie_review,1033,Base,280,20,19,0.795911295911296,0.8699381078691423,0.7573535735787391,0.8604237957357199
ha_binary_hausa_movie_review,1033,Hybrid,560,20,10,0.7940469426111281,0.8777409372236957,0.8222610722610723,0.9103272791085373
ha_binary_hausa_movie_review,1033,Matched All-real,560,20,20,0.8075781386415226,0.874447391688771,0.8159482758620689,0.891023953672019
ha_binary_hausa_movie_review,1034,Base,280,20,19,0.7892953407778206,0.8668877099911584,0.7607843137254902,0.8479643765903309
ha_binary_hausa_movie_review,1034,Hybrid,560,20,5,0.6118421052631579,0.6768567639257294,0.6393403852769177,0.6560937088707554
ha_binary_hausa_movie_review,1034,Matched All-real,560,20,20,0.8387267904509284,0.8914014146772768,0.8083685144564103,0.8867026410458894
ha_binary_hausa_movie_review,1035,Base,280,20,18,0.7883653134925814,0.8556366047745357,0.7735270379338176,0.8458585592699833
ha_binary_hausa_movie_review,1035,Hybrid,560,20,19,0.8054755701814524,0.8713527851458885,0.7945113187208049,0.8610818636483286
ha_binary_hausa_movie_review,1035,Matched All-real,560,20,19,0.8220985568694998,0.8916445623342176,0.8205882352941176,0.8999956128805826
ha_binary_hausa_movie_review,1036,Base,280,20,13,0.7877859845072961,0.8633510167992927,0.7644111935028248,0.8480959901728524
ha_binary_hausa_movie_review,1036,Hybrid,560,20,18,0.7621526006055039,0.8393457117595049,0.7695555555555555,0.8593708870755461
ha_binary_hausa_movie_review,1036,Matched All-real,560,20,4,0.7861263542985788,0.8372236958443856,0.7409724685823631,0.8283100816004212
ha_binary_hausa_movie_review,1037,Base,280,20,14,0.7920840135904338,0.8631078691423519,0.7859085724313416,0.8594586294638941
ha_binary_hausa_movie_review,1037,Hybrid,560,20,17,0.8309533342230526,0.8771883289124668,0.8281615671318368,0.8981968939194525
ha_binary_hausa_movie_review,1037,Matched All-real,560,20,19,0.829516452074392,0.8709328028293544,0.8206061547681142,0.8902562077739756
ha_binary_hausa_movie_review,1038,Base,280,20,15,0.8182114705082904,0.8726348364279399,0.7573744410044719,0.851561814512591
ha_binary_hausa_movie_review,1038,Hybrid,560,20,19,0.8006905896236725,0.8743589743589744,0.7635047815973119,0.8387075546196368
ha_binary_hausa_movie_review,1038,Matched All-real,560,20,18,0.8437701601880706,0.9196507515473032,0.8449415353329943,0.9091866280600157
ha_binary_hausa_movie_review,1039,Base,280,20,18,0.7612151652266266,0.8463527851458886,0.7502211157336128,0.8171448626831621
ha_binary_hausa_movie_review,1039,Hybrid,560,20,13,0.8160514879806371,0.8849911582670202,0.7848032564450476,0.8676844783715012
ha_binary_hausa_movie_review,1039,Matched All-real,560,20,16,0.850900659889424,0.9217727674624226,0.7742612537972936,0.8528560147407214
ha_binary_hausa_movie_review,1040,Base,280,20,16,0.6897506925207756,0.7741600353669319,0.6882222222222223,0.7693471966306923
ha_binary_hausa_movie_review,1040,Hybrid,560,20,16,0.8242717070031738,0.8791335101679929,0.8156781490114824,0.9056549969290163
ha_binary_hausa_movie_review,1040,Matched All-real,560,20,17,0.8390327847151745,0.9125331564986737,0.8301503586988568,0.9082653329823639
ha_binary_hausa_movie_review,1041,Base,280,20,17,0.7861319966583125,0.8594827586206898,0.7705741913680515,0.8383785206633323
ha_binary_hausa_movie_review,1041,Hybrid,560,20,13,0.7919504643962848,0.8811007957559681,0.7639115851036381,0.8846626305168026
ha_binary_hausa_movie_review,1041,Matched All-real,560,20,11,0.8160514879806371,0.8688328912466844,0.7898277276456112,0.8745283846626305
ha_binary_hausa_movie_review,1042,Base,280,20,7,0.7872354607565406,0.8421971706454465,0.7971742851224803,0.8593489514784592
ha_binary_hausa_movie_review,1042,Hybrid,560,20,16,0.8237916889602283,0.9064102564102563,0.8279527900720298,0.9019698166184084
ha_binary_hausa_movie_review,1042,Matched All-real,560,20,19,0.8256188501081057,0.9059018567639257,0.8231884057971015,0.8943142932350618
ha_binary_hausa_movie_review,1043,Base,280,20,19,0.7969494235001697,0.8415119363395226,0.7631987577639752,0.8331578485566378
ha_binary_hausa_movie_review,1043,Hybrid,560,20,8,0.8090262853364192,0.8718169761273209,0.7798640511047195,0.8638457488812844
ha_binary_hausa_movie_review,1043,Matched All-real,560,20,13,0.8465320456540826,0.9105658709106984,0.8046675712347353,0.8730148284636308
ha_binary_hausa_movie_review,1044,Base,280,20,15,0.7571022727272727,0.8190981432360743,0.769811320754717,0.8152145301395104
ha_binary_hausa_movie_review,1044,Hybrid,560,20,9,0.7991616548204847,0.880106100795756,0.7949206909094917,0.8688909362112837
ha_binary_hausa_movie_review,1044,Matched All-real,560,20,13,0.8302364032542402,0.8847480106100796,0.7914246947082768,0.8632754233570238
ha_binary_hausa_movie_review,1045,Base,280,20,18,0.7959843775785247,0.8550618921308577,0.7784607712405547,0.8254584539791172
ha_binary_hausa_movie_review,1045,Hybrid,560,20,12,0.7822229569625834,0.8444739168877098,0.7395559642669469,0.8066815828726858
ha_binary_hausa_movie_review,1045,Matched All-real,560,20,8,0.8166485727758221,0.8819407603890361,0.7715603799185888,0.8708212687549355
ha_binary_hausa_movie_review,1046,Base,280,20,14,0.7801446416831033,0.8774314765694076,0.7502155172413794,0.8412520838817232
ha_binary_hausa_movie_review,1046,Hybrid,560,20,19,0.8064969271290606,0.8574270557029178,0.7895100069013112,0.8615425111871544
ha_binary_hausa_movie_review,1046,Matched All-real,560,20,16,0.8368937992050544,0.8877541998231653,0.7747219325686479,0.862748969026937
ha_binary_hausa_movie_review,1047,Base,280,20,16,0.79935340246781,0.867418213969938,0.7870297634633848,0.8716109502500659
ha_binary_hausa_movie_review,1047,Hybrid,560,20,18,0.8349476610346176,0.8933244916003538,0.8065573770491803,0.9045362814775818
ha_binary_hausa_movie_review,1047,Matched All-real,560,20,2,0.43033307138971166,0.5373121131741821,0.4083459347171944,0.5141045889269106
ha_binary_hausa_movie_review,1048,Base,280,20,16,0.7972336121589854,0.8404509283819629,0.731831750339213,0.8186803544792489
ha_binary_hausa_movie_review,1048,Hybrid,560,20,4,0.7913520933424845,0.8429929266136165,0.7596221322537111,0.8415811178380275
ha_binary_hausa_movie_review,1048,Matched All-real,560,20,16,0.8170144462279294,0.9049292661361626,0.7949206909094917,0.8820303588663684
ha_binary_hausa_movie_review,1049,Base,280,20,20,0.8096807143563215,0.8777409372236957,0.7657627448647363,0.8502895498815478
ha_binary_hausa_movie_review,1049,Hybrid,560,20,19,0.8029944134078213,0.8891246684350131,0.7768688480978985,0.8725980521189787
ha_binary_hausa_movie_review,1049,Matched All-real,560,20,16,0.8462823725981621,0.9103006189213086,0.8241996985013744,0.909055014477494
ko_binary_nsmc,1000,Base,280,20,17,0.7803831303803452,0.8609166010344322,0.7792252326994068,0.8573184587459038
ko_binary_nsmc,1000,Hybrid,560,20,5,0.7897662056561159,0.8739109458235318,0.786331974501721,0.8702569155224062
ko_binary_nsmc,1000,Matched All-real,560,20,19,0.7855804732112117,0.860689113837927,0.7795117214307613,0.8545562400848511
ko_binary_nsmc,1001,Base,280,20,10,0.8042892510949138,0.8726943765392323,0.7991731285394046,0.8671601356150875
ko_binary_nsmc,1001,Hybrid,560,20,20,0.794821381298394,0.8748225488322976,0.7933930109974894,0.8701344358517331
ko_binary_nsmc,1001,Matched All-real,560,20,7,0.8116757671285608,0.8838242944371688,0.8054289685559866,0.8796496051948283
ko_binary_nsmc,1002,Base,280,20,15,0.788284202220995,0.8558090893941549,0.7872962018605529,0.853566420303608
ko_binary_nsmc,1002,Hybrid,560,20,10,0.7892660838704533,0.8576901932077445,0.7873322977081813,0.8569659637943315
ko_binary_nsmc,1002,Matched All-real,560,20,7,0.8000273028262361,0.8787643890545005,0.7966574531592201,0.8755145083034696
ko_binary_nsmc,1003,Base,280,20,10,0.7762373778798484,0.838673004402295,0.7745151505938446,0.8350555186710552
ko_binary_nsmc,1003,Hybrid,560,20,20,0.7581200102262711,0.8300357097442685,0.7533941023124928,0.8264719568097683
ko_binary_nsmc,1003,Matched All-real,560,20,13,0.803500833323927,0.8753472783889773,0.8022701411865596,0.872567249779325
ko_binary_nsmc,1004,Base,280,20,20,0.7752228353933923,0.8361871790497446,0.769347414812788,0.8320181177741595
ko_binary_nsmc,1004,Hybrid,560,20,8,0.7899004884774856,0.8668490689272527,0.7871560152648367,0.8635553459262105
ko_binary_nsmc,1004,Matched All-real,560,20,18,0.7999569937955888,0.8793025586448271,0.7998654815992251,0.8759597555294615
ko_binary_nsmc,1005,Base,280,20,20,0.7804048531424271,0.8448469509328491,0.7762630500214016,0.8412388187573722
ko_binary_nsmc,1005,Hybrid,560,20,7,0.8080741449624887,0.875653305387492,0.803935456998528,0.8720891547673055
ko_binary_nsmc,1005,Matched All-real,560,20,18,0.7771811040430833,0.8513492669920141,0.773978663965923,0.8497034418866887
ko_binary_nsmc,1006,Base,280,20,14,0.776811744472127,0.8454897111764971,0.7732915817113541,0.8395565872334184
ko_binary_nsmc,1006,Hybrid,560,20,8,0.7899691480629235,0.8518259356955213,0.7866929582360795,0.8493769135413461
ko_binary_nsmc,1006,Matched All-real,560,20,14,0.7839935683575125,0.8614615306291548,0.7831623708441937,0.8579998620999245
ko_binary_nsmc,1007,Base,280,20,17,0.7877629081448617,0.852665077013329,0.7872140564860214,0.8517874192220029
ko_binary_nsmc,1007,Hybrid,560,20,7,0.7939968138178863,0.8657114561575621,0.790244872185154,0.8611568612827537
ko_binary_nsmc,1007,Matched All-real,560,20,19,0.7533232266466321,0.8276312443699075,0.7504228642833168,0.8218592096056534
ko_binary_nsmc,1008,Base,280,20,19,0.7793200742435569,0.8479856512803327,0.7738264091070008,0.8423490845845679
ko_binary_nsmc,1008,Hybrid,560,20,5,0.7822033160493904,0.8530127584349471,0.7789529120292713,0.8493645702220959
ko_binary_nsmc,1008,Matched All-real,560,20,10,0.7969998911543135,0.868305740434941,0.7914009544623333,0.8611030401803506
ko_binary_nsmc,1009,Base,280,20,13,0.766784486569393,0.8061337947983407,0.7653114691633344,0.8034585425914017
ko_binary_nsmc,1009,Hybrid,560,20,3,0.7872770435884895,0.8565732940007149,0.7831961699345279,0.8516113374674774
ko_binary_nsmc,1009,Matched All-real,560,20,15,0.8038275779487597,0.8784998312734893,0.8023284917340059,0.875719705368184
ko_binary_nsmc,1010,Base,280,20,9,0.7879903392128242,0.8530424839337298,0.7857585189793688,0.8510152039480261
ko_binary_nsmc,1010,Hybrid,560,20,19,0.8018196251165998,0.8787563747030871,0.7981952143491068,0.8744078125619319
ko_binary_nsmc,1010,Matched All-real,560,20,9,0.8043072702639834,0.8827914954093634,0.8016119366815087,0.8776739745878721
ko_binary_nsmc,1011,Base,280,20,18,0.777660794776019,0.8527785406985727,0.7764082399888772,0.8472567640015419
ko_binary_nsmc,1011,Hybrid,560,20,20,0.7852070314127595,0.8597267097749537,0.7811289700942619,0.8567892066632098
ko_binary_nsmc,1011,Matched All-real,560,20,20,0.7980067542842252,0.8805976130112996,0.7950322891599055,0.8777706983431648
ko_binary_nsmc,1012,Base,280,20,14,0.7804750832865095,0.8567543030100835,0.7809134423462909,0.8535450947254566
ko_binary_nsmc,1012,Hybrid,560,20,14,0.7958102532070335,0.8693629066267868,0.7960309918054611,0.8679302289907072
ko_binary_nsmc,1012,Matched All-real,560,20,17,0.8078652362196224,0.8876136136386416,0.8065767420269567,0.8837888234656881
ko_binary_nsmc,1013,Base,280,20,16,0.7762784421689505,0.8446902417400302,0.7719590746622478,0.8377127258482238
ko_binary_nsmc,1013,Hybrid,560,20,6,0.7938939563754915,0.8685778074611844,0.796577628219707,0.8664448285224818
ko_binary_nsmc,1013,Matched All-real,560,20,10,0.7958928260410638,0.8664624901204389,0.791621566814169,0.861847395961533
ko_binary_nsmc,1014,Base,280,20,15,0.780640698079809,0.8460493982901567,0.778511933075769,0.8421146381336694
ko_binary_nsmc,1014,Hybrid,560,20,12,0.7939669595798498,0.8651002608410414,0.7901283416765913,0.8636584020657683
ko_binary_nsmc,1014,Matched All-real,560,20,5,0.8061650811924267,0.879285313477946,0.8022310922895768,0.87367980822276
ko_binary_nsmc,1015,Base,280,20,18,0.7705039624201468,0.8316815603538118,0.764626187887567,0.8271990109581926
ko_binary_nsmc,1015,Hybrid,560,20,7,0.7912997442411609,0.8590758552047467,0.7876632959717021,0.8528787603474065
ko_binary_nsmc,1015,Matched All-real,560,20,18,0.7771827832200846,0.850303991841525,0.7721823825773177,0.8464045569902442
ko_binary_nsmc,1016,Base,280,20,13,0.7932005479101362,0.8575411490012304,0.787187949484462,0.8523665409127102
ko_binary_nsmc,1016,Hybrid,560,20,20,0.7955557732658213,0.85737473335129,0.7886309868170822,0.8518656754663191
ko_binary_nsmc,1016,Matched All-real,560,20,15,0.8013549728745547,0.8815444850591906,0.7957696303479618,0.874138050827034
ko_binary_nsmc,1017,Base,280,20,6,0.778767668169498,0.8472991740966733,0.7740118574117278,0.840727822662035
ko_binary_nsmc,1017,Hybrid,560,20,15,0.7833183479259254,0.8641597110388557,0.7867366726288667,0.8639801844539926
ko_binary_nsmc,1017,Matched All-real,560,20,6,0.7985564012900241,0.8768206773297108,0.7953328485045721,0.8717095364917568
ko_binary_nsmc,1018,Base,280,20,14,0.7857809840960985,0.8459099553103097,0.7830314275502814,0.841703450374282
ko_binary_nsmc,1018,Hybrid,560,20,11,0.8035516229741657,0.8774475646116042,0.7951531968033396,0.8697719809690968
ko_binary_nsmc,1018,Matched All-real,560,20,12,0.8026883096478743,0.8775151899108744,0.797565280702139,0.8739305927913463
ko_binary_nsmc,1019,Base,280,20,19,0.7534889511373988,0.8272455915910932,0.7455648236432355,0.821707508030211
ko_binary_nsmc,1019,Hybrid,560,20,10,0.791860972413706,0.8645020930547858,0.7882394804932042,0.8596268634743716
ko_binary_nsmc,1019,Matched All-real,560,20,18,0.7987894748059858,0.873030204802457,0.7949892909328804,0.8691758549445766
ko_binary_nsmc,1020,Base,280,20,5,0.7758856981695397,0.8370235254466812,0.7706571275255838,0.834267967101888
ko_binary_nsmc,1020,Hybrid,560,20,7,0.7004961037047333,0.7497768882857923,0.6921582783072431,0.7434825309021602
ko_binary_nsmc,1020,Matched All-real,560,20,19,0.7870854205146409,0.8582214175880751,0.7835774498001604,0.8555982504045324
ko_binary_nsmc,1021,Base,280,20,11,0.7804370485606619,0.859076941183037,0.7755240738275331,0.8528485224630473
ko_binary_nsmc,1021,Hybrid,560,20,18,0.7959043619593928,0.8745188116484726,0.7933801066396065,0.8712212616973519
ko_binary_nsmc,1021,Matched All-real,560,20,12,0.8051638790652892,0.8800044036840592,0.8027295847620439,0.8762990985419624
ko_binary_nsmc,1022,Base,280,20,8,0.7809896853670683,0.8460397970634894,0.7766828703155427,0.8424011593679543
ko_binary_nsmc,1022,Hybrid,560,20,18,0.793645472355182,0.869296670369516,0.7917304814162625,0.8674328386941762
ko_binary_nsmc,1022,Matched All-real,560,20,8,0.8048090089856744,0.8735294770075878,0.8024052959514713,0.8694516592597258
ko_binary_nsmc,1023,Base,280,20,18,0.7912222396993556,0.8626008018308078,0.7923648295262595,0.8597901189029562
ko_binary_nsmc,1023,Hybrid,560,20,11,0.7946129880239449,0.8684926170944517,0.7930090426009053,0.8672800653435435
ko_binary_nsmc,1023,Matched All-real,560,20,12,0.8048891147647993,0.8829123883646939,0.8020778466693133,0.8788866153486382
ko_binary_nsmc,1024,Base,280,20,10,0.7714050002285296,0.8394547698670994,0.7709814185896962,0.8348396404963213
ko_binary_nsmc,1024,Hybrid,560,20,9,0.7969187125256139,0.8695215057585683,0.7911283648564027,0.8651863995602359
ko_binary_nsmc,1024,Matched All-real,560,20,11,0.7963550531781649,0.8736545497165701,0.7920511490682061,0.8678905200113654
ko_binary_nsmc,1025,Base,280,20,20,0.7550352208829733,0.8340709609363086,0.7530317471523177,0.8274491776113235
ko_binary_nsmc,1025,Hybrid,560,20,10,0.7920717192333315,0.8635610928662548,0.7891031757983062,0.8611592121929035
ko_binary_nsmc,1025,Matched All-real,560,20,8,0.7907215487420656,0.8651274650181349,0.7867999914894614,0.8579325376294441
ko_binary_nsmc,1026,Base,280,20,10,0.7969273536529509,0.8671242928671303,0.7884166263419288,0.8593621683131014
ko_binary_nsmc,1026,Hybrid,560,20,18,0.7948818271898825,0.8598167786255564,0.7902609890705325,0.8548248950682122
ko_binary_nsmc,1026,Matched All-real,560,20,8,0.8074066741123398,0.8705422411670714,0.8042712843877979,0.8664005384745125
ko_binary_nsmc,1027,Base,280,20,18,0.7847093803163068,0.8561845390281024,0.7798372687605808,0.8504662210420294
ko_binary_nsmc,1027,Hybrid,560,20,16,0.802022333577035,0.8722439565202915,0.7999960780360547,0.8702290318792776
ko_binary_nsmc,1027,Matched All-real,560,20,10,0.797458478593186,0.8783475922703767,0.7906947763355091,0.8712928716030544
ko_binary_nsmc,1028,Base,280,20,7,0.7848693250749069,0.8532571077594789,0.7796076888473802,0.8511744887285076
ko_binary_nsmc,1028,Hybrid,560,20,14,0.8003482255712059,0.8754023012890183,0.7977510376559658,0.8726183185763631
ko_binary_nsmc,1028,Matched All-real,560,20,7,0.8034087776844219,0.8721773119688571,0.8034769989832469,0.8692289756872786
ko_binary_nsmc,1029,Base,280,20,8,0.7698578344424736,0.8378372935973035,0.7694559301534583,0.8368380423704196
ko_binary_nsmc,1029,Hybrid,560,20,5,0.7976943336624327,0.8644537670208682,0.7960236190200617,0.8649595629630216
ko_binary_nsmc,1029,Matched All-real,560,20,14,0.7999789555389332,0.8751762704820029,0.7943952497085436,0.8699350631814889
ko_binary_nsmc,1030,Base,280,20,17,0.7770858825977771,0.8526267015711875,0.7795846459981817,0.8497657647396128
ko_binary_nsmc,1030,Hybrid,560,20,6,0.7863950568133674,0.8605999373415782,0.7861330757835917,0.85897932888259
ko_binary_nsmc,1030,Matched All-real,560,20,15,0.8043848441276645,0.8736197689467537,0.7960723874435027,0.8680809262453414
ko_binary_nsmc,1031,Base,280,20,11,0.7880715164584413,0.8540301222596884,0.7832341487647085,0.8500575699005366
ko_binary_nsmc,1031,Hybrid,560,20,13,0.7813053558272608,0.8557942519000726,0.7791844290324643,0.8529205379278155
ko_binary_nsmc,1031,Matched All-real,560,20,19,0.7813475763572939,0.8574270455148235,0.7790920209742309,0.8539315450473641
ko_binary_nsmc,1032,Base,280,20,7,0.7665821424810715,0.8389336560288359,0.7695387856582847,0.8399246416625828
ko_binary_nsmc,1032,Hybrid,560,20,13,0.7965700581923987,0.8624207609416207,0.7938986927410263,0.858211237486425
ko_binary_nsmc,1032,Matched All-real,560,20,14,0.8058537415127195,0.8783507491840113,0.801611343956055,0.875162813644017
ko_binary_nsmc,1033,Base,280,20,11,0.7854841845249749,0.858423813635013,0.7825214364540358,0.8529721322028218
ko_binary_nsmc,1033,Hybrid,560,20,10,0.7931771686416242,0.8608044969266604,0.7906078917003909,0.8574451464041748
ko_binary_nsmc,1033,Matched All-real,560,20,18,0.799051034127609,0.8625511498931636,0.7970079211213935,0.8572603505427384
ko_binary_nsmc,1034,Base,280,20,9,0.7862428228156034,0.8535797611698024,0.785721267491843,0.8507573491608164
ko_binary_nsmc,1034,Hybrid,560,20,17,0.8035349376161627,0.8802050697423256,0.8022475932176163,0.8767217160717388
ko_binary_nsmc,1034,Matched All-real,560,20,15,0.792962060611266,0.8709501228270911,0.7908570123951844,0.8673269045009598
ko_binary_nsmc,1035,Base,280,20,17,0.7665649316057794,0.8473759670731382,0.7635822986037634,0.8406015838668784
ko_binary_nsmc,1035,Hybrid,560,20,13,0.7889942534296458,0.8641428657477017,0.7862778844283029,0.8614619124857765
ko_binary_nsmc,1035,Matched All-real,560,20,11,0.8048841900609126,0.8815297738416535,0.7990248278274106,0.8743271154682889
ko_binary_nsmc,1036,Base,280,20,17,0.7611634276211905,0.8302414647473138,0.7594834818473666,0.827232578257635
ko_binary_nsmc,1036,Hybrid,560,20,8,0.798307008262292,0.8663156052428507,0.797246977141552,0.8632817176394787
ko_binary_nsmc,1036,Matched All-real,560,20,18,0.7958576843157095,0.870390469387177,0.7918990053262067,0.8640933729080367
ko_binary_nsmc,1037,Base,280,20,13,0.7823154636250211,0.8449552709534773,0.7771329038606783,0.8401896940822495
ko_binary_nsmc,1037,Hybrid,560,20,10,0.7971767969230286,0.8642929706771972,0.7971727271792447,0.8612558226914551
ko_binary_nsmc,1037,Matched All-real,560,20,9,0.800088081422976,0.8668750482218559,0.7950761715005292,0.8627153681446516
ko_binary_nsmc,1038,Base,280,20,12,0.7773880959436444,0.8447391654829293,0.769949750913046,0.8396158663114227
ko_binary_nsmc,1038,Hybrid,560,20,13,0.7720868705012327,0.8478088683260163,0.7704446445948401,0.8459482389178005
ko_binary_nsmc,1038,Matched All-real,560,20,16,0.7930668466819342,0.8741870957914091,0.7925308391283552,0.8722320872730066
ko_binary_nsmc,1039,Base,280,20,17,0.7663344026455347,0.8415655622983023,0.7627959551295642,0.8378867315067506
ko_binary_nsmc,1039,Hybrid,560,20,18,0.7865170077540801,0.867783864728187,0.7867650667544579,0.8665500357073521
ko_binary_nsmc,1039,Matched All-real,560,20,10,0.8003911204430236,0.8692816897620154,0.7931117436031767,0.8646359534770753
ko_binary_nsmc,1040,Base,280,20,15,0.7714817500735842,0.8387981991786048,0.7661071008472242,0.8346759886691426
ko_binary_nsmc,1040,Hybrid,560,20,12,0.791447907025606,0.859593163909776,0.7883737855560762,0.8563105620228876
ko_binary_nsmc,1040,Matched All-real,560,20,12,0.7988347347370426,0.8741227957745006,0.7967943503722014,0.8709836765357359
ko_binary_nsmc,1041,Base,280,20,8,0.7736162014009343,0.8434080591627502,0.7691687695610174,0.840932568365325
ko_binary_nsmc,1041,Hybrid,560,20,9,0.7921519293936501,0.8723740592449984,0.79165525631178,0.8686965007840814
ko_binary_nsmc,1041,Matched All-real,560,20,11,0.7976990272661291,0.8716788647704897,0.7959722278672143,0.8699158736587876
ko_binary_nsmc,1042,Base,280,20,11,0.7823052306357958,0.8330919893905815,0.7774219307555953,0.825017497916684
ko_binary_nsmc,1042,Hybrid,560,20,8,0.7940465106375922,0.8711482675636679,0.7918660311944308,0.8654345967119483
ko_binary_nsmc,1042,Matched All-real,560,20,15,0.7961889630245453,0.8609636137922778,0.793477398161917,0.8575332726403782
ko_binary_nsmc,1043,Base,280,20,5,0.781746817929961,0.8516350476510859,0.7760712858069292,0.8454049296748755
ko_binary_nsmc,1043,Hybrid,560,20,18,0.7944798377978892,0.8676040342999087,0.7947577859685321,0.8681320641623023
ko_binary_nsmc,1043,Matched All-real,560,20,14,0.7973833384910982,0.8636277753006529,0.7938328107133725,0.8590983642158984
ko_binary_nsmc,1044,Base,280,20,7,0.7856690895614707,0.8412214039923004,0.7817857236469512,0.8364587738583363
ko_binary_nsmc,1044,Hybrid,560,20,4,0.783124242352463,0.8531424528654905,0.7818190755171596,0.8502244778590249
ko_binary_nsmc,1044,Matched All-real,560,20,6,0.789867502319999,0.8609634833065143,0.7873861479319519,0.8560958280743481
ko_binary_nsmc,1045,Base,280,20,19,0.7741752112820711,0.8423403783438923,0.7683842017624338,0.8367916037754481
ko_binary_nsmc,1045,Hybrid,560,20,11,0.7835576716882575,0.8611190728472975,0.7811134512894333,0.8571548951923615
ko_binary_nsmc,1045,Matched All-real,560,20,15,0.8040778357769014,0.8770607669254451,0.8003884319689345,0.8743943899725597
ko_binary_nsmc,1046,Base,280,20,13,0.7642126146545094,0.8264947091600712,0.758346576386939,0.8209258674636104
ko_binary_nsmc,1046,Hybrid,560,20,6,0.7822643022061685,0.832291076192279,0.7769848152942986,0.8256665048461009
ko_binary_nsmc,1046,Matched All-real,560,20,18,0.7797882363548679,0.8558485466053688,0.7736265666838069,0.8503302629863836
ko_binary_nsmc,1047,Base,280,20,14,0.7894905494572384,0.8572085365806946,0.7937345481362383,0.8569349972360858
ko_binary_nsmc,1047,Hybrid,560,20,19,0.7948918249045014,0.8671214853186049,0.7896763461728687,0.862815157326888
ko_binary_nsmc,1047,Matched All-real,560,20,7,0.8042289504992968,0.8440718065682409,0.8036875362420094,0.8437589486358061
ko_binary_nsmc,1048,Base,280,20,9,0.7761826671897285,0.8448170360192482,0.7695179402188785,0.8372157785854161
ko_binary_nsmc,1048,Hybrid,560,20,14,0.7946913731156386,0.8570845245946933,0.7892812984492096,0.8511400037163533
ko_binary_nsmc,1048,Matched All-real,560,20,14,0.7930250788260937,0.8718288770971852,0.7890073260103183,0.8667682697888565
ko_binary_nsmc,1049,Base,280,20,14,0.7857979442476226,0.8503287420444199,0.7827955227429946,0.8449461008004117
ko_binary_nsmc,1049,Hybrid,560,20,6,0.7918382615321231,0.8632845388134323,0.7851246301995822,0.8573084338587675
ko_binary_nsmc,1049,Matched All-real,560,20,16,0.7975054393944543,0.8675155691614324,0.7979079147470562,0.8648597646203136
ml_binary_dravidian_codemix,1000,Base,280,20,20,0.6346024990055101,0.7398111979166667,0.6551570809766118,0.7382354054667979
ml_binary_dravidian_codemix,1000,Hybrid,560,20,10,0.7106941838649156,0.7806139823717948,0.68443474300441,0.766378624971606
ml_binary_dravidian_codemix,1000,Matched All-real,560,20,9,0.6956578947368421,0.7977839543269231,0.695659160911404,0.781505546301204
ml_binary_dravidian_codemix,1001,Base,280,20,20,0.6954026573513817,0.789698517628205,0.7090195489286586,0.7979740857121224
ml_binary_dravidian_codemix,1001,Hybrid,560,20,18,0.7045591116917048,0.793857672275641,0.6978925084216621,0.7865312902248808
ml_binary_dravidian_codemix,1001,Matched All-real,560,20,20,0.7082533082533082,0.7900891426282052,0.7266533738329948,0.8108413152116302
ml_binary_dravidian_codemix,1002,Base,280,20,18,0.6704040273530777,0.731845953525641,0.6988922241535824,0.7745490081017642
ml_binary_dravidian_codemix,1002,Hybrid,560,20,18,0.6846699574627445,0.7383989383012821,0.7100325119476967,0.7895031990611039
ml_binary_dravidian_codemix,1002,Matched All-real,560,20,15,0.6721938775510203,0.7251903044871795,0.6745492908776197,0.7357580260467934
ml_binary_dravidian_codemix,1003,Base,280,20,19,0.6915143095304251,0.7912735376602564,0.6888849364446974,0.7720219391231924
ml_binary_dravidian_codemix,1003,Hybrid,560,20,8,0.7242145933213957,0.7815980568910256,0.7030748510397407,0.7758977246914515
ml_binary_dravidian_codemix,1003,Matched All-real,560,20,16,0.6672139107915,0.7735702123397435,0.6805638926784903,0.7666081434087983
ml_binary_dravidian_codemix,1004,Base,280,20,16,0.6509028628800071,0.6957682291666667,0.6382593810874239,0.6965364011509048
ml_binary_dravidian_codemix,1004,Hybrid,560,20,19,0.6482838116634728,0.7481295072115384,0.6578433652578983,0.7564833043083213
ml_binary_dravidian_codemix,1004,Matched All-real,560,20,20,0.7134204000071366,0.8048452524038462,0.7104871740550465,0.7913677405921101
ml_binary_dravidian_codemix,1005,Base,280,20,17,0.5766626232465554,0.6629181690705128,0.5957549894713303,0.6722121791474218
ml_binary_dravidian_codemix,1005,Hybrid,560,20,15,0.7064221959766888,0.7900040064102564,0.7015007457121551,0.8096937230256681
ml_binary_dravidian_codemix,1005,Matched All-real,560,20,13,0.6977263715280955,0.7941781850961538,0.7243227258301838,0.7994505754524116
ml_binary_dravidian_codemix,1006,Base,280,20,12,0.6898420880379643,0.7658153044871795,0.6822286158912836,0.7699326114939047
ml_binary_dravidian_codemix,1006,Hybrid,560,20,18,0.7021714671467147,0.8013772035256411,0.6896612452087434,0.8052453244491558
ml_binary_dravidian_codemix,1006,Matched All-real,560,20,20,0.7203028251069099,0.8150440705128206,0.7356794585320701,0.8270590406602558
ml_binary_dravidian_codemix,1007,Base,280,20,20,0.6515674303502166,0.759452624198718,0.6527768292013344,0.7099738774892101
ml_binary_dravidian_codemix,1007,Hybrid,560,20,20,0.7216684541459004,0.8211438301282051,0.7336743501313376,0.7993582948436435
ml_binary_dravidian_codemix,1007,Matched All-real,560,20,17,0.7000466853408029,0.7763671875,0.6933851590106006,0.767218615128341
ml_binary_dravidian_codemix,1008,Base,280,20,19,0.6188357434186132,0.6959234775641026,0.6198435520865427,0.7033817293859317
ml_binary_dravidian_codemix,1008,Hybrid,560,20,16,0.7328019407381736,0.8317157451923077,0.73469282925827,0.8460806769137579
ml_binary_dravidian_codemix,1008,Matched All-real,560,20,17,0.7374399038461539,0.8238481570512821,0.7292898839233336,0.8302320739002044
ml_binary_dravidian_codemix,1009,Base,280,20,19,0.6256243063263041,0.709307391826923,0.6070126957144009,0.7074917657302946
ml_binary_dravidian_codemix,1009,Hybrid,560,20,18,0.7111154852231354,0.7893604767628205,0.7262196266066234,0.8012559627470281
ml_binary_dravidian_codemix,1009,Matched All-real,560,20,20,0.42761692650334077,0.6414813701923078,0.42128851540616247,0.6153862535019308
ml_binary_dravidian_codemix,1010,Base,280,20,17,0.6670747185005033,0.7505959535256411,0.6624884902129682,0.751443363367911
ml_binary_dravidian_codemix,1010,Hybrid,560,20,12,0.7354085603112841,0.7976211939102564,0.7234031312399964,0.78938725675778
ml_binary_dravidian_codemix,1010,Matched All-real,560,20,20,0.755458733974359,0.8375200320512821,0.7515508158493929,0.8338475808283485
ml_binary_dravidian_codemix,1011,Base,280,20,16,0.6562061403508772,0.7089543269230769,0.6592724760539383,0.6991557507382449
ml_binary_dravidian_codemix,1011,Hybrid,560,20,17,0.7148369992144541,0.7988957331730769,0.7125815779185788,0.7985159385174527
ml_binary_dravidian_codemix,1011,Matched All-real,560,20,6,0.5550639607579109,0.6910757211538461,0.591523305229189,0.6765730294540774
ml_binary_dravidian_codemix,1012,Base,280,20,19,0.6692983861873305,0.7496744791666666,0.6315760314409875,0.7062495267661089
ml_binary_dravidian_codemix,1012,Hybrid,560,20,14,0.7111473164742272,0.8161157852564103,0.72535663207305,0.8253199061103961
ml_binary_dravidian_codemix,1012,Matched All-real,560,20,18,0.6975013438617954,0.7909780649038463,0.6744992122439792,0.7673037972287424
ml_binary_dravidian_codemix,1013,Base,280,20,20,0.667745533174007,0.7432216546474358,0.6946259646502364,0.757569376088438
ml_binary_dravidian_codemix,1013,Hybrid,560,20,11,0.7123659293201678,0.7921123798076922,0.7051847153955921,0.8134795941546149
ml_binary_dravidian_codemix,1013,Matched All-real,560,20,20,0.7451222474093264,0.8105618990384615,0.7265883091039202,0.8148519724388582
ml_binary_dravidian_codemix,1014,Base,280,20,11,0.6731876538688477,0.6813301282051283,0.700355088772193,0.693730124176573
ml_binary_dravidian_codemix,1014,Hybrid,560,20,6,0.7185104052573932,0.7927659254807692,0.6717536928890415,0.8137162111001741
ml_binary_dravidian_codemix,1014,Matched All-real,560,20,18,0.7242638554631939,0.8083183092948718,0.7339430857786322,0.811932119330658
ml_binary_dravidian_codemix,1015,Base,280,20,20,0.6229417811419493,0.6978390424679487,0.6347731733781987,0.7129741803589006
ml_binary_dravidian_codemix,1015,Hybrid,560,20,19,0.6996484941623774,0.7848006810897434,0.7077650960881865,0.795489607783751
ml_binary_dravidian_codemix,1015,Matched All-real,560,20,9,0.7002137221611904,0.7889898838141025,0.7067240537379198,0.8082125009464678
ml_binary_dravidian_codemix,1016,Base,280,20,15,0.6245735396678793,0.7361428285256411,0.6577483071001943,0.730718085106383
ml_binary_dravidian_codemix,1016,Hybrid,560,20,19,0.6980362083888298,0.7952749399038462,0.7175852555242225,0.8151548421291739
ml_binary_dravidian_codemix,1016,Matched All-real,560,20,20,0.6876055649233996,0.796053685897436,0.7033267287079877,0.8006170969940183
ml_binary_dravidian_codemix,1017,Base,280,20,19,0.6938347318696669,0.7649163661858973,0.696750920489601,0.7515569395017794
ml_binary_dravidian_codemix,1017,Hybrid,560,20,8,0.6888303029034935,0.7602789463141025,0.6736446293886824,0.7717261679412433
ml_binary_dravidian_codemix,1017,Matched All-real,560,20,16,0.7080872330758746,0.7879732572115384,0.7246475536073925,0.792986200499735
ml_binary_dravidian_codemix,1018,Base,280,20,16,0.6418136686402571,0.7026041666666667,0.6142232180964575,0.6741831983039297
ml_binary_dravidian_codemix,1018,Hybrid,560,20,18,0.7027437908220948,0.7919946915064103,0.6931778025881875,0.7744898538653744
ml_binary_dravidian_codemix,1018,Matched All-real,560,20,20,0.7393090391047064,0.8231069711538461,0.7317866438079621,0.8278185810555009
ml_binary_dravidian_codemix,1019,Base,280,20,20,0.6313392302794862,0.7254782652243589,0.6604407086087274,0.7298709964412811
ml_binary_dravidian_codemix,1019,Hybrid,560,20,17,0.7065504807692308,0.7804412059294872,0.6686495786312076,0.7611493904747483
ml_binary_dravidian_codemix,1019,Matched All-real,560,20,17,0.6866536033093839,0.7848908253205127,0.7237994056182327,0.8154340501249338
ml_binary_dravidian_codemix,1020,Base,280,20,19,0.6058276461832067,0.6821038661858974,0.5998084250409758,0.6981879874309078
ml_binary_dravidian_codemix,1020,Hybrid,560,20,20,0.7296930397975694,0.8215645032051282,0.7665293207461883,0.8460806769137579
ml_binary_dravidian_codemix,1020,Matched All-real,560,20,19,0.7045030441256857,0.802852063301282,0.7017030468394725,0.7970347164382525
ml_binary_dravidian_codemix,1021,Base,280,20,2,0.46513217159009723,0.5033628806089743,0.4676892377861591,0.5322508896797153
ml_binary_dravidian_codemix,1021,Hybrid,560,20,19,0.6947381737075136,0.7912585136217948,0.7059448667974844,0.7930500870750359
ml_binary_dravidian_codemix,1021,Matched All-real,560,20,16,0.7150420137075446,0.7973232171474359,0.7031693480149694,0.7940249488907398
ml_binary_dravidian_codemix,1022,Base,280,20,14,0.6488701730167603,0.7448943309294871,0.669469255487174,0.7395628265313848
ml_binary_dravidian_codemix,1022,Hybrid,560,20,16,0.7115046246968009,0.8116861979166667,0.7298885857207822,0.8238102899977285
ml_binary_dravidian_codemix,1022,Matched All-real,560,20,15,0.7052979494295406,0.8099809695512821,0.7013412249196112,0.7973541493147573
ml_binary_dravidian_codemix,1023,Base,280,20,16,0.6930946415211103,0.7676582532051281,0.6748527538029647,0.7293906640417961
ml_binary_dravidian_codemix,1023,Hybrid,560,20,12,0.7000466853408029,0.7918694911858974,0.6755141757121554,0.7670979404861059
ml_binary_dravidian_codemix,1023,Matched All-real,560,20,16,0.6819173278427388,0.7817132411858974,0.7166184495037526,0.8071784848943743
ml_binary_dravidian_codemix,1024,Base,280,20,6,0.42761692650334077,0.6169996995192308,0.42128851540616247,0.6429213674566518
ml_binary_dravidian_codemix,1024,Hybrid,560,20,19,0.7105913539154525,0.8078575721153846,0.7075656124210713,0.7848134512001212
ml_binary_dravidian_codemix,1024,Matched All-real,560,20,18,0.674352365274649,0.7810997596153846,0.6878991509089962,0.7753132808359203
ml_binary_dravidian_codemix,1025,Base,280,20,17,0.649866840609655,0.7233248197115384,0.6307465627424825,0.708161391686227
ml_binary_dravidian_codemix,1025,Hybrid,560,20,12,0.712405135404586,0.7966671674679486,0.7001846965699209,0.7984899106534413
ml_binary_dravidian_codemix,1025,Matched All-real,560,20,9,0.42761692650334077,0.603262720352564,0.42128851540616247,0.5721847315817369
ml_binary_dravidian_codemix,1026,Base,280,20,14,0.6029816855270995,0.6911633613782051,0.6288085659648897,0.69687712955251
ml_binary_dravidian_codemix,1026,Hybrid,560,20,20,0.7111795172481188,0.807900140224359,0.7224266225713105,0.8142012758385704
ml_binary_dravidian_codemix,1026,Matched All-real,560,20,16,0.7079058317372123,0.7914738581730769,0.6963686081000436,0.7949761490118876
ml_binary_dravidian_codemix,1027,Base,280,20,15,0.6404008042238096,0.7231520432692308,0.6465708678699615,0.6953746119482094
ml_binary_dravidian_codemix,1027,Hybrid,560,20,20,0.6968818926888161,0.802764423076923,0.7302796501431589,0.8084065268418263
ml_binary_dravidian_codemix,1027,Matched All-real,560,20,17,0.7238378284187497,0.8224909855769231,0.7497426697818099,0.8259351101688498
ml_binary_dravidian_codemix,1028,Base,280,20,14,0.656252519742927,0.7062725360576924,0.6433129714072672,0.6931622435072311
ml_binary_dravidian_codemix,1028,Hybrid,560,20,13,0.7139025932953826,0.7686147836538462,0.7032388758811077,0.7790258007117437
ml_binary_dravidian_codemix,1028,Matched All-real,560,20,20,0.6955547862067815,0.7818184094551281,0.6941040312934407,0.7901822896948589
ml_binary_dravidian_codemix,1029,Base,280,20,16,0.6651517358927254,0.765301983173077,0.6827813116911603,0.7906058340274098
ml_binary_dravidian_codemix,1029,Hybrid,560,20,19,0.7143510951291272,0.7926707732371794,0.7084127224154444,0.7904804270462633
ml_binary_dravidian_codemix,1029,Matched All-real,560,20,20,0.6593673482811129,0.7260692107371796,0.671211207474202,0.749008574998107
ml_binary_dravidian_codemix,1030,Base,280,20,14,0.6764824888729039,0.7689828725961538,0.6810995922118201,0.7662153592791701
ml_binary_dravidian_codemix,1030,Hybrid,560,20,14,0.7387540660845746,0.8113706931089744,0.7201854456425483,0.8013695388808966
ml_binary_dravidian_codemix,1030,Matched All-real,560,20,20,0.5055088531048858,0.6890549879807693,0.5082008877434135,0.7161566782766715
ml_binary_dravidian_codemix,1031,Base,280,20,19,0.6887416104560211,0.785371594551282,0.6888116257746593,0.7857859468463694
ml_binary_dravidian_codemix,1031,Hybrid,560,20,16,0.7356740701334397,0.8032627203525641,0.7289431902963643,0.8095706822139774
ml_binary_dravidian_codemix,1031,Matched All-real,560,20,15,0.7244124121647051,0.7990960536858975,0.709770950997274,0.8099658325130612
ml_binary_dravidian_codemix,1032,Base,280,20,19,0.6535077275263288,0.7207707331730769,0.6609325754004987,0.7360064738396306
ml_binary_dravidian_codemix,1032,Hybrid,560,20,11,0.7021584818194988,0.7958733974358974,0.6990420226161671,0.8013482433557962
ml_binary_dravidian_codemix,1032,Matched All-real,560,20,8,0.42761692650334077,0.6089092548076923,0.4288282146459792,0.629770197622473
ml_binary_dravidian_codemix,1033,Base,280,20,20,0.6563070279306262,0.7373697916666666,0.6762126281967502,0.745752725827213
ml_binary_dravidian_codemix,1033,Hybrid,560,20,14,0.7206046789272049,0.7864032451923078,0.6978925084216621,0.7812736616945559
ml_binary_dravidian_codemix,1033,Matched All-real,560,20,13,0.7323620541214924,0.7997095352564102,0.7222059240570696,0.7764727038691603
ml_binary_dravidian_codemix,1034,Base,280,20,20,0.6746135939601394,0.7650941506410256,0.6989033618375976,0.7960622207920043
ml_binary_dravidian_codemix,1034,Hybrid,560,20,18,0.6961450116628978,0.8014523237179487,0.7040480949063039,0.8110968615128341
ml_binary_dravidian_codemix,1034,Matched All-real,560,20,14,0.7215754985206435,0.8081555488782051,0.7175103923040134,0.8010501060043915
ml_binary_dravidian_codemix,1035,Base,280,20,20,0.6631805195145606,0.7171399238782051,0.6750892497634896,0.7348470508063905
ml_binary_dravidian_codemix,1035,Hybrid,560,20,9,0.720677474866407,0.7948492588141025,0.7220607860863576,0.7928513288407663
ml_binary_dravidian_codemix,1035,Matched All-real,560,20,19,0.7196934298907136,0.8144205729166667,0.7027265632621207,0.797952790187022
ml_binary_dravidian_codemix,1036,Base,280,20,13,0.6476808440995823,0.6910632011217949,0.6228607151787947,0.6700447679260999
ml_binary_dravidian_codemix,1036,Hybrid,560,20,17,0.7270599857985243,0.831690705128205,0.7399765300659782,0.8212335314605891
ml_binary_dravidian_codemix,1036,Matched All-real,560,20,16,0.7137302092324364,0.7882737379807692,0.6905870758290176,0.7852866850912394
ml_binary_dravidian_codemix,1037,Base,280,20,16,0.6827032059585492,0.7496544471153846,0.679951520216331,0.7389712841674869
ml_binary_dravidian_codemix,1037,Hybrid,560,20,14,0.6951989964648193,0.7848908253205129,0.6979672344177844,0.7582200726887257
ml_binary_dravidian_codemix,1037,Matched All-real,560,20,15,0.7302964871955608,0.8274389022435897,0.7211837578685405,0.8214772469145151
ml_binary_dravidian_codemix,1038,Base,280,20,8,0.4372029364190619,0.5133789062499999,0.42966517891615574,0.4921963731354584
ml_binary_dravidian_codemix,1038,Hybrid,560,20,14,0.7153624882708548,0.8044170673076922,0.7305855814097215,0.8191844287120466
ml_binary_dravidian_codemix,1038,Matched All-real,560,20,12,0.7009384384384385,0.807421875,0.7266139202636399,0.8053281403801016
ml_binary_dravidian_codemix,1039,Base,280,20,16,0.6507266558517689,0.7079402043269231,0.6675815855228289,0.7381833497387749
ml_binary_dravidian_codemix,1039,Hybrid,560,20,18,0.7259325861492139,0.8147210536858975,0.737658035664992,0.8246976035435754
ml_binary_dravidian_codemix,1039,Matched All-real,560,20,17,0.6944272125723738,0.7838892227564103,0.7190933975430212,0.7889258537139395
ml_binary_dravidian_codemix,1040,Base,280,20,19,0.6013871080031902,0.6588015825320513,0.6222640129551272,0.6643777920799575
ml_binary_dravidian_codemix,1040,Hybrid,560,20,12,0.7141060029526127,0.7982046274038461,0.7176062780890173,0.8123816915272205
ml_binary_dravidian_codemix,1040,Matched All-real,560,20,12,0.6191853299346286,0.697343249198718,0.62072409221448,0.7137786779738018
ml_binary_dravidian_codemix,1041,Base,280,20,16,0.6792545769089318,0.7383738982371795,0.6667375157038156,0.7205033315665935
ml_binary_dravidian_codemix,1041,Hybrid,560,20,13,0.719739789996491,0.7906850961538461,0.7093170875299714,0.810824752025441
ml_binary_dravidian_codemix,1041,Matched All-real,560,20,17,0.7309922761997214,0.828886217948718,0.7659419600771549,0.8357121223593549
ml_binary_dravidian_codemix,1042,Base,280,20,20,0.6512617789720146,0.7255108173076923,0.6253247198831499,0.7057242371469675
ml_binary_dravidian_codemix,1042,Hybrid,560,20,19,0.6817589827757942,0.7905523838141025,0.6961677601715063,0.8037877640645112
ml_binary_dravidian_codemix,1042,Matched All-real,560,20,20,0.697475947934352,0.8050906450320513,0.7123109859707883,0.7938309229953813
ml_binary_dravidian_codemix,1043,Base,280,20,18,0.6187884820492685,0.702313701923077,0.6490564499325064,0.6997567577799652
ml_binary_dravidian_codemix,1043,Hybrid,560,20,15,0.7011848071423309,0.7934845753205129,0.6753288079448607,0.7987785833270236
ml_binary_dravidian_codemix,1043,Matched All-real,560,20,12,0.6984002517776462,0.7839092548076922,0.6957282601162365,0.7455586999318543
ml_binary_dravidian_codemix,1044,Base,280,20,15,0.6080191042600678,0.6809845753205128,0.6216950560341301,0.6760785000378586
ml_binary_dravidian_codemix,1044,Hybrid,560,20,13,0.6772135219543922,0.7525641025641026,0.6807175414229543,0.7446784848943742
ml_binary_dravidian_codemix,1044,Matched All-real,560,20,18,0.6882539254666756,0.7552684294871795,0.677765818016825,0.756166237601272
ml_binary_dravidian_codemix,1045,Base,280,20,19,0.6593621637167312,0.7564252804487179,0.6514631384683365,0.7342152835617476
ml_binary_dravidian_codemix,1045,Hybrid,560,20,17,0.7278614810733444,0.814570813301282,0.7258838206459158,0.8149182251836148
ml_binary_dravidian_codemix,1045,Matched All-real,560,20,17,0.7341014808417774,0.8259690504807692,0.7197856363095041,0.8194281441659725
ml_binary_dravidian_codemix,1046,Base,280,20,15,0.6494563402364472,0.7279296874999999,0.6491953383519649,0.7232149617627016
ml_binary_dravidian_codemix,1046,Hybrid,560,20,14,0.7176463925699399,0.8188726963141026,0.7170518376393529,0.7875582077686075
ml_binary_dravidian_codemix,1046,Matched All-real,560,20,16,0.7117736907078442,0.8288411458333333,0.7006490456184459,0.8193500605739381
ml_binary_dravidian_codemix,1047,Base,280,20,20,0.6923807550795168,0.7728590745192307,0.676568667047662,0.755633849473764
ml_binary_dravidian_codemix,1047,Hybrid,560,20,14,0.7291784276090474,0.8359224759615385,0.7259129916205918,0.8304048042704626
ml_binary_dravidian_codemix,1047,Matched All-real,560,20,18,0.7329696733554127,0.8037459935897435,0.7231252273466966,0.8095896115696222
ml_binary_dravidian_codemix,1048,Base,280,20,16,0.6618968588082901,0.734432592147436,0.6726193985849056,0.7385643030211252
ml_binary_dravidian_codemix,1048,Hybrid,560,20,18,0.6976410357365919,0.7891751802884616,0.7064006366530241,0.7996304043310365
ml_binary_dravidian_codemix,1048,Matched All-real,560,20,19,0.6320036573636791,0.7751802884615384,0.6544941669521066,0.7610855038994473
ml_binary_dravidian_codemix,1049,Base,280,20,18,0.564094818722656,0.618857672275641,0.6053263162426278,0.6826801128189597
ml_binary_dravidian_codemix,1049,Hybrid,560,20,11,0.7237369295416789,0.8206054687500001,0.7028412176778696,0.8169460324070569
ml_binary_dravidian_codemix,1049,Matched All-real,560,20,10,0.6998532873447917,0.784142127403846,0.7228449672637818,0.8166407965472855
