cell_id,metric,candidate_count,reference_candidate_count,paired_repetitions,mean_difference_vs_k20,median_difference_vs_k20,wilcoxon_statistic,raw_p_value,holm_adjusted_p_value,significant_at_0_05
bn_binary_cinexdrama,macro_f1,5,20,50,2.8758332381624284e-05,-9.205823523006362e-05,637.0,1.0,1.0,False
bn_binary_cinexdrama,macro_f1,6,20,50,7.136043551490001e-06,0.00023146374581672902,619.0,0.8632650227005474,1.0,False
bn_binary_cinexdrama,macro_f1,7,20,50,-8.009286681115224e-05,0.00013165506100470958,616.0,0.8407540567937097,1.0,False
bn_binary_cinexdrama,macro_f1,8,20,50,3.564235988842368e-05,-0.00016023562871803065,615.0,0.8332778036429911,1.0,False
bn_binary_cinexdrama,macro_f1,9,20,50,0.00010841012948621831,0.0002832338299535442,588.0,0.6390094850461736,1.0,False
bn_binary_cinexdrama,macro_f1,10,20,50,9.817945908034309e-05,0.0001281503705617415,583.0,0.6051405400941228,1.0,False
bn_binary_cinexdrama,macro_f1,11,20,50,-7.856906872992564e-05,0.0002887781104785603,618.0,0.8557483168795788,1.0,False
bn_binary_cinexdrama,macro_f1,12,20,50,-0.00030900028115397047,7.204369732283222e-06,527.0,0.2910353177271219,1.0,False
bn_binary_cinexdrama,macro_f1,13,20,50,-0.00016690026807596016,3.0148700350340896e-05,593.0,0.6736344940466168,1.0,False
bn_binary_cinexdrama,macro_f1,14,20,50,-0.00015349324181337387,-8.63510010810642e-05,570.0,0.5210251168620434,1.0,False
bn_binary_cinexdrama,macro_f1,15,20,50,-3.623516660603121e-05,0.00018165129108671518,619.0,0.8632650227005474,1.0,False
bn_binary_cinexdrama,macro_f1,16,20,50,-9.511526448345853e-05,-0.00022523134702245873,591.0,0.6596977023333945,1.0,False
bn_binary_cinexdrama,macro_f1,17,20,50,-0.00010680794245769843,-0.0001712832401468689,585.0,0.6185935400423848,1.0,False
bn_binary_cinexdrama,macro_f1,18,20,50,-0.00017426339920145528,-7.479617064809485e-05,513.0,0.23352895058251377,1.0,False
bn_binary_cinexdrama,macro_f1,19,20,50,-0.00010327703746631833,-9.095934229369496e-05,505.0,0.20447619481721802,1.0,False
bn_binary_cinexdrama,auroc,5,20,50,8.448778515488309e-05,0.00017529579502895132,566.0,0.4963885938865378,1.0,False
bn_binary_cinexdrama,auroc,6,20,50,2.3200757575752017e-05,0.000167714717398737,582.5,0.5954649182413339,1.0,False
bn_binary_cinexdrama,auroc,7,20,50,2.8563372488923377e-05,-7.700778855967982e-05,581.0,0.5918179227766114,1.0,False
bn_binary_cinexdrama,auroc,8,20,50,8.881298944499739e-05,0.00011398216717739551,537.0,0.3374027667706141,1.0,False
bn_binary_cinexdrama,auroc,9,20,50,6.88361848825414e-05,5.6791581545756475e-05,565.0,0.49032624846387485,1.0,False
bn_binary_cinexdrama,auroc,10,20,50,5.389215185551688e-06,4.867849846768024e-05,619.0,0.8632650227005474,1.0,False
bn_binary_cinexdrama,auroc,11,20,50,-8.224804221999226e-05,-4.827949438207524e-05,533.0,0.31832456588976044,1.0,False
bn_binary_cinexdrama,auroc,12,20,50,-8.104038985361273e-05,-6.929370956765268e-05,529.0,0.2999546071877397,1.0,False
bn_binary_cinexdrama,auroc,13,20,50,-4.006001021452654e-06,-9.775600102146509e-05,632.0,0.9618478594751583,1.0,False
bn_binary_cinexdrama,auroc,14,20,50,3.618701055496665e-05,-0.0001119871467484268,597.5,0.6993978778482195,1.0,False
bn_binary_cinexdrama,auroc,15,20,50,1.9700161729641064e-05,-6.344164964255938e-05,581.0,0.5918179227766114,1.0,False
bn_binary_cinexdrama,auroc,16,20,50,4.100165985699622e-05,6.650068096192285e-07,620.0,0.8658490582633351,1.0,False
bn_binary_cinexdrama,auroc,17,20,50,1.710397514470552e-05,-2.3807243786089227e-05,623.5,0.8924958966343807,1.0,False
bn_binary_cinexdrama,auroc,18,20,50,-2.73610401770763e-05,-5.5860572012289555e-05,513.0,0.23352895058251377,1.0,False
bn_binary_cinexdrama,auroc,19,20,50,-1.2863891726271337e-05,1.436414708888556e-05,592.0,0.6666519727454681,1.0,False
en_binary_sst2,macro_f1,5,20,50,0.00034949400017779685,0.0003238905256886526,341.0,0.0036632546526647047,0.05494881978997057,False
en_binary_sst2,macro_f1,6,20,50,0.0001426775269631464,7.54846466801129e-05,516.0,0.24513084584396871,1.0,False
en_binary_sst2,macro_f1,7,20,50,0.00019725532291495318,0.00013361944594619812,476.0,0.12080975020940343,1.0,False
en_binary_sst2,macro_f1,8,20,50,4.533708426999628e-05,-0.00015857056899531985,615.0,0.8332778036429911,1.0,False
en_binary_sst2,macro_f1,9,20,50,4.7489837572209924e-05,-1.6197973120690712e-05,629.0,0.9389922173111831,1.0,False
en_binary_sst2,macro_f1,10,20,50,9.199221135827829e-05,6.555705618621621e-05,587.0,0.6321732707310517,1.0,False
en_binary_sst2,macro_f1,11,20,50,-5.764590412514314e-05,-0.0001739334872161158,556.0,0.4375680954084249,1.0,False
en_binary_sst2,macro_f1,12,20,50,-9.214711784924612e-05,-0.0002203863796964023,539.0,0.34720687274462314,1.0,False
en_binary_sst2,macro_f1,13,20,50,2.759444467022254e-05,-0.0001240954250727455,606.0,0.766732668436843,1.0,False
en_binary_sst2,macro_f1,14,20,50,5.2536539732133125e-05,-6.823786502369034e-05,624.0,0.9010179923007229,1.0,False
en_binary_sst2,macro_f1,15,20,50,2.9550935922826317e-05,-0.00013950820959923727,629.0,0.9389922173111831,1.0,False
en_binary_sst2,macro_f1,16,20,50,5.085340456356668e-07,-3.907150140064486e-05,598.0,0.7089524432753507,1.0,False
en_binary_sst2,macro_f1,17,20,50,-1.6666421883120286e-05,-0.0001268889473414747,566.0,0.4963885938865378,1.0,False
en_binary_sst2,macro_f1,18,20,50,-2.7187081703881066e-05,-5.600444039050023e-05,567.0,0.5024899674262855,1.0,False
en_binary_sst2,macro_f1,19,20,50,-5.3403246836034593e-05,-5.686271004456955e-05,486.0,0.14601836144972324,1.0,False
en_binary_sst2,auroc,5,20,50,2.0360779571300114e-05,1.3173960542400831e-05,581.0,0.5918179227766114,1.0,False
en_binary_sst2,auroc,6,20,50,-6.762462683513882e-06,-1.5709801894026043e-05,585.0,0.6185935400423848,1.0,False
en_binary_sst2,auroc,7,20,50,-6.335477388115241e-06,-1.2903762903804239e-05,589.0,0.645875956795086,1.0,False
en_binary_sst2,auroc,8,20,50,-1.76799078114831e-05,-1.691838862893924e-05,542.0,0.3622430237473182,1.0,False
en_binary_sst2,auroc,9,20,50,-2.2767583293912263e-05,-2.764779080566271e-05,522.0,0.2695104487517437,1.0,False
en_binary_sst2,auroc,10,20,50,5.840796630269818e-06,1.1081754502817454e-05,610.0,0.7961309923635564,1.0,False
en_binary_sst2,auroc,11,20,50,-3.413107360468182e-06,3.7572077044578656e-06,631.0,0.9542249738357711,1.0,False
en_binary_sst2,auroc,12,20,50,-4.572109177372052e-06,1.86874528980141e-05,624.0,0.9010179923007229,1.0,False
en_binary_sst2,auroc,13,20,50,-1.6954536691393686e-06,1.3849454639003334e-05,618.0,0.8557483168795788,1.0,False
en_binary_sst2,auroc,14,20,50,-1.4481205928575935e-05,-2.1495317547914894e-05,553.0,0.42072286282100535,1.0,False
en_binary_sst2,auroc,15,20,50,-1.0873191136357984e-05,-7.470599575898351e-06,541.0,0.35718707191412413,1.0,False
en_binary_sst2,auroc,16,20,50,3.7014155435066697e-06,-3.6494937810105377e-06,615.0,0.8332778036429911,1.0,False
en_binary_sst2,auroc,17,20,50,-3.4989863937129328e-06,-1.3234207313139734e-05,558.0,0.4490067617286915,1.0,False
en_binary_sst2,auroc,18,20,50,-6.291953660384486e-06,1.0789648948184016e-06,556.0,0.4375680954084249,1.0,False
en_binary_sst2,auroc,19,20,50,-4.515732805205897e-06,2.7275356223599445e-06,631.0,0.9542249738357711,1.0,False
ha_binary_hausa_movie_review,macro_f1,5,20,50,-0.0035174210997416465,-0.0037593426007222486,337.0,0.0032054206503495664,0.048081309755243495,True
ha_binary_hausa_movie_review,macro_f1,6,20,50,-0.0014124718591631202,-0.00188171932083242,501.0,0.19095974436218555,1.0,False
ha_binary_hausa_movie_review,macro_f1,7,20,50,-0.001949650010657611,-0.0018596381250197136,444.0,0.06207125225267518,0.682783774779427,False
ha_binary_hausa_movie_review,macro_f1,8,20,50,-0.002031876413118343,-0.002766430743074255,431.0,0.04610038786489312,0.6303851538667118,False
ha_binary_hausa_movie_review,macro_f1,9,20,50,-0.0016512992310609388,-0.0021827607716592423,437.0,0.052989788310034314,0.6358774597204118,False
ha_binary_hausa_movie_review,macro_f1,10,20,50,-0.0016677363387324617,-0.001309619103751436,465.0,0.09709384967839618,0.9709384967839618,False
ha_binary_hausa_movie_review,macro_f1,11,20,50,-0.0004732416067049239,0.00019862259972147633,634.0,0.9771032283055696,1.0,False
ha_binary_hausa_movie_review,macro_f1,12,20,50,-0.0013384858308782487,-0.0018704639054754058,489.0,0.15430250303892734,1.0,False
ha_binary_hausa_movie_review,macro_f1,13,20,50,-0.0009452662250847133,-0.0004839401473415994,548.0,0.39349457563481494,1.0,False
ha_binary_hausa_movie_review,macro_f1,14,20,50,-0.0002928777145204475,-0.0003503527550543506,623.0,0.893447016970665,1.0,False
ha_binary_hausa_movie_review,macro_f1,15,20,50,0.0005288207143026758,0.0004918679736017895,587.0,0.6321732707310517,1.0,False
ha_binary_hausa_movie_review,macro_f1,16,20,50,-0.0003428698563732291,-0.00030689455394533605,582.0,0.5984627102635613,1.0,False
ha_binary_hausa_movie_review,macro_f1,17,20,50,-0.00034066583645302016,-0.0002808528587098791,543.0,0.3673427625704484,1.0,False
ha_binary_hausa_movie_review,macro_f1,18,20,50,-0.0006741686090656596,-0.0004972313520800187,532.0,0.31366564109611517,1.0,False
ha_binary_hausa_movie_review,macro_f1,19,20,50,-0.0006695412169869042,-0.0005447823122050055,430.0,0.045027510990479414,0.6303851538667118,False
ha_binary_hausa_movie_review,auroc,5,20,50,0.00010979824772925362,0.00029539426091135246,593.0,0.6736344940466168,1.0,False
ha_binary_hausa_movie_review,auroc,6,20,50,0.00018270235511613553,0.00019090105297009385,564.0,0.4843032319103049,1.0,False
ha_binary_hausa_movie_review,auroc,7,20,50,0.00037183506149023325,0.00036572622779518227,529.0,0.2999546071877397,1.0,False
ha_binary_hausa_movie_review,auroc,8,20,50,0.0003367092677437422,0.00057069367414192,561.0,0.46022274364184035,1.0,False
ha_binary_hausa_movie_review,auroc,9,20,50,-8.809581223376384e-05,0.00010449320794153616,635.0,0.9847343420165711,1.0,False
ha_binary_hausa_movie_review,auroc,10,20,50,0.0001102001446828882,0.00019692950727423497,584.0,0.6118509675549912,1.0,False
ha_binary_hausa_movie_review,auroc,11,20,50,7.435093641987578e-05,5.8275058275047975e-05,602.0,0.7376605378038441,1.0,False
ha_binary_hausa_movie_review,auroc,12,20,50,-0.0001431556948798418,-7.836990595611049e-05,575.0,0.5526669770606443,1.0,False
ha_binary_hausa_movie_review,auroc,13,20,50,-3.930552206415916e-05,3.21517562896223e-05,608.0,0.964295914758529,1.0,False
ha_binary_hausa_movie_review,auroc,14,20,50,-0.00011253114701391009,-0.00024716662647694676,587.0,0.6259087101723713,1.0,False
ha_binary_hausa_movie_review,auroc,15,20,50,-6.526806526807371e-05,-0.0001346354794630189,585.5,0.6156759387660405,1.0,False
ha_binary_hausa_movie_review,auroc,16,20,50,-7.571738606222844e-05,-9.243629933286535e-05,588.5,0.6362036120105734,1.0,False
ha_binary_hausa_movie_review,auroc,17,20,50,-0.00015947271119686856,-1.8085362912867442e-05,562.0,0.46610502821727817,1.0,False
ha_binary_hausa_movie_review,auroc,18,20,50,-3.0142271521598208e-05,8.037939072419453e-05,625.5,0.9077787988930528,1.0,False
ha_binary_hausa_movie_review,auroc,19,20,50,-1.0770838357057055e-05,3.014227152170479e-05,636.0,0.9923668279164506,1.0,False
ko_binary_nsmc,macro_f1,5,20,50,-8.032665749052814e-05,-0.00015086290855548246,522.0,0.2695104487517437,1.0,False
ko_binary_nsmc,macro_f1,6,20,50,-0.00014430039577468357,-3.964240932330387e-05,520.0,0.26120880915335754,1.0,False
ko_binary_nsmc,macro_f1,7,20,50,-5.372005511570466e-05,-4.886349191984829e-05,574.0,0.5462652589115535,1.0,False
ko_binary_nsmc,macro_f1,8,20,50,-1.6958516561160764e-06,-0.00013658213656386753,583.0,0.6051405400941228,1.0,False
ko_binary_nsmc,macro_f1,9,20,50,1.3394694074084779e-05,-9.750999904062363e-05,610.0,0.7961309923635564,1.0,False
ko_binary_nsmc,macro_f1,10,20,50,-8.583073618540826e-05,-0.000178537000288026,496.0,0.174987615360088,1.0,False
ko_binary_nsmc,macro_f1,11,20,50,-9.504608333308351e-06,-9.872536215016492e-05,599.0,0.7160933233749613,1.0,False
ko_binary_nsmc,macro_f1,12,20,50,-2.1298701460081837e-06,-0.00017313083808928598,537.0,0.3374027667706141,1.0,False
ko_binary_nsmc,macro_f1,13,20,50,3.2828362650572098e-06,-4.987175277604283e-05,578.0,0.5720861414815896,1.0,False
ko_binary_nsmc,macro_f1,14,20,50,3.687769147131314e-05,-2.0599099817497635e-05,614.0,0.8258163298101913,1.0,False
ko_binary_nsmc,macro_f1,15,20,50,9.633634491066578e-05,6.659531719743761e-05,506.0,0.20795951830847592,1.0,False
ko_binary_nsmc,macro_f1,16,20,50,8.495699566027026e-05,7.4367171064571025e-06,547.0,0.38817752503383396,1.0,False
ko_binary_nsmc,macro_f1,17,20,50,4.209618365857315e-05,5.964797903895702e-05,579.0,0.5786292137562761,1.0,False
ko_binary_nsmc,macro_f1,18,20,50,1.2997212606480346e-05,-1.1532140123393653e-05,627.0,0.9237813566146151,1.0,False
ko_binary_nsmc,macro_f1,19,20,50,-2.587896040280313e-05,-5.234229251294131e-05,541.0,0.35718707191412413,1.0,False
ko_binary_nsmc,auroc,5,20,50,-0.00010205684173383744,-0.00015219958952389367,450.0,0.07082612042920822,0.991565686008915,False
ko_binary_nsmc,auroc,6,20,50,-0.00013204314367510462,-0.0001518261170745383,426.0,0.040940454006349825,0.6141068100952474,False
ko_binary_nsmc,auroc,7,20,50,-8.097426074179959e-05,-0.000129798130373171,481.0,0.1329605561585705,1.0,False
ko_binary_nsmc,auroc,8,20,50,-1.014064945657811e-05,-6.248201731107184e-05,567.0,0.5024899674262855,1.0,False
ko_binary_nsmc,auroc,9,20,50,1.1349552223951509e-05,-3.609557651301776e-05,604.0,0.7521534307154649,1.0,False
ko_binary_nsmc,auroc,10,20,50,-2.157375848793608e-05,-4.610624531226071e-05,548.0,0.39349457563481494,1.0,False
ko_binary_nsmc,auroc,11,20,50,2.103470304852584e-05,-1.8942247119568822e-05,626.0,0.916185835362695,1.0,False
ko_binary_nsmc,auroc,12,20,50,7.950830484704241e-07,-4.4018855751504216e-05,577.0,0.5655778099255286,1.0,False
ko_binary_nsmc,auroc,13,20,50,-1.0666158866601272e-06,-2.2072757476565563e-05,599.0,0.7160933233749613,1.0,False
ko_binary_nsmc,auroc,14,20,50,-1.3498350451406349e-05,-2.669371372515661e-05,544.0,0.3724861917482851,1.0,False
ko_binary_nsmc,auroc,15,20,50,2.3693750356794662e-05,2.0878487482167696e-05,577.0,0.5655778099255286,1.0,False
ko_binary_nsmc,auroc,16,20,50,1.4661870193677374e-05,1.2928422309821386e-05,579.0,0.5786292137562761,1.0,False
ko_binary_nsmc,auroc,17,20,50,4.001313413837248e-06,2.6108632397714437e-06,637.0,1.0,1.0,False
ko_binary_nsmc,auroc,18,20,50,-2.7949208709632244e-07,1.755664902608478e-05,618.0,0.8557483168795788,1.0,False
ko_binary_nsmc,auroc,19,20,50,-7.3846523739340416e-06,2.0479759723635027e-06,585.0,0.6185935400423848,1.0,False
ml_binary_dravidian_codemix,macro_f1,5,20,50,-0.0008079603727391827,-0.0005424348477377494,468.0,0.10316599771973678,1.0,False
ml_binary_dravidian_codemix,macro_f1,6,20,50,-0.0004763930091765411,1.5276914240303086e-06,581.0,0.5918179227766114,1.0,False
ml_binary_dravidian_codemix,macro_f1,7,20,50,-0.0006178223350870904,-0.0005585560255346733,515.0,0.24122024636948858,1.0,False
ml_binary_dravidian_codemix,macro_f1,8,20,50,-0.0008045242208680792,-0.0006965030231391722,464.0,0.09513333936720869,1.0,False
ml_binary_dravidian_codemix,macro_f1,9,20,50,-0.0006557558450851064,-0.0005053326396626256,485.0,0.14333259515310637,1.0,False
ml_binary_dravidian_codemix,macro_f1,10,20,50,-0.0003120081096441041,-0.0002679898458696206,573.0,0.5398998476772991,1.0,False
ml_binary_dravidian_codemix,macro_f1,11,20,50,2.928897816870224e-05,7.943556653722261e-05,616.0,0.8407540567937097,1.0,False
ml_binary_dravidian_codemix,macro_f1,12,20,50,0.00011356910983567836,0.0006783540078917349,575.0,0.5526669770606443,1.0,False
ml_binary_dravidian_codemix,macro_f1,13,20,50,0.00047863992075745986,0.00039419673770513253,506.0,0.20795951830847592,1.0,False
ml_binary_dravidian_codemix,macro_f1,14,20,50,0.0001613099787431027,0.0004995977773523674,541.0,0.35718707191412413,1.0,False
ml_binary_dravidian_codemix,macro_f1,15,20,50,2.0928302397331676e-05,0.0004434899570782136,581.0,0.5918179227766114,1.0,False
ml_binary_dravidian_codemix,macro_f1,16,20,50,-0.0002289344411730454,8.437145143419533e-05,603.0,0.7448958960780061,1.0,False
ml_binary_dravidian_codemix,macro_f1,17,20,50,-5.706279903133993e-05,2.266371118064825e-05,615.0,0.8332778036429911,1.0,False
ml_binary_dravidian_codemix,macro_f1,18,20,50,-1.5708840934109957e-05,-6.776477702430395e-05,624.0,0.9010179923007229,1.0,False
ml_binary_dravidian_codemix,macro_f1,19,20,50,-0.00025603156204168087,-0.0003194011025351995,491.0,0.16001685587048975,1.0,False
ml_binary_dravidian_codemix,auroc,5,20,50,0.00019984702797203768,0.00015866295163174948,562.0,0.4723763440876976,1.0,False
ml_binary_dravidian_codemix,auroc,6,20,50,-3.915355477879245e-07,-1.1837121212054935e-05,626.0,0.916185835362695,1.0,False
ml_binary_dravidian_codemix,auroc,7,20,50,-0.00015016754079251183,-0.00017550808566424436,588.0,0.6390094850461736,1.0,False
ml_binary_dravidian_codemix,auroc,8,20,50,-0.00017637310606059665,-5.781978438229585e-05,564.0,0.4843032319103049,1.0,False
ml_binary_dravidian_codemix,auroc,9,20,50,0.0001048586829836995,0.0003334881264569489,545.0,0.3776732059941086,1.0,False
ml_binary_dravidian_codemix,auroc,10,20,50,0.00010748106060606499,8.10387529137091e-05,573.0,0.5398998476772991,1.0,False
ml_binary_dravidian_codemix,auroc,11,20,50,0.00014535984848484728,0.0001591182255243906,521.0,0.2653376709882824,1.0,False
ml_binary_dravidian_codemix,auroc,12,20,50,0.00010228183275059033,5.5088141025616544e-05,573.0,0.5335210530387104,1.0,False
ml_binary_dravidian_codemix,auroc,13,20,50,9.606279137529761e-05,-0.00013498870920741757,628.0,0.9313837099567692,1.0,False
ml_binary_dravidian_codemix,auroc,14,20,50,-3.02848193472971e-05,-0.00013043597027972975,570.0,0.5146591796453885,1.0,False
ml_binary_dravidian_codemix,auroc,15,20,50,-2.5285912004651133e-05,-0.00018256483100226317,583.0,0.6051405400941228,1.0,False
ml_binary_dravidian_codemix,auroc,16,20,50,-0.00012741295163168687,-0.00014363891317009658,517.0,0.24908489906916564,1.0,False
ml_binary_dravidian_codemix,auroc,17,20,50,-7.051282051281582e-05,-0.00014568764568756443,580.0,0.5852066143769612,1.0,False
ml_binary_dravidian_codemix,auroc,18,20,50,-0.00011862616550114779,-0.0001242897727272707,489.0,0.15430250303892734,1.0,False
ml_binary_dravidian_codemix,auroc,19,20,50,-5.4122960372955384e-05,-7.921765734258956e-05,548.0,0.39349457563481494,1.0,False
