candidate_count,cell_id,planned_requests,valid_candidates,invalid_candidates,valid_rate
1,en_binary_sst2,1400,1400,0,1.0
1,ko_binary_nsmc,1400,1374,26,0.9814285714285714
1,bn_binary_cinexdrama,1400,1398,2,0.9985714285714286
1,ha_binary_hausa_movie_review,1400,1395,5,0.9964285714285714
1,ml_binary_dravidian_codemix,1400,1400,0,1.0
2,en_binary_sst2,2800,2800,0,1.0
2,ko_binary_nsmc,2800,2752,48,0.9828571428571429
2,bn_binary_cinexdrama,2800,2798,2,0.9992857142857143
2,ha_binary_hausa_movie_review,2800,2789,11,0.9960714285714286
2,ml_binary_dravidian_codemix,2800,2799,1,0.9996428571428572
3,en_binary_sst2,4200,4200,0,1.0
3,ko_binary_nsmc,4200,4125,75,0.9821428571428571
3,bn_binary_cinexdrama,4200,4197,3,0.9992857142857143
3,ha_binary_hausa_movie_review,4200,4176,24,0.9942857142857143
3,ml_binary_dravidian_codemix,4200,4199,1,0.9997619047619047
4,en_binary_sst2,5600,5600,0,1.0
4,ko_binary_nsmc,5600,5494,106,0.9810714285714286
4,bn_binary_cinexdrama,5600,5596,4,0.9992857142857143
4,ha_binary_hausa_movie_review,5600,5568,32,0.9942857142857143
4,ml_binary_dravidian_codemix,5600,5599,1,0.9998214285714285
5,en_binary_sst2,7000,7000,0,1.0
5,ko_binary_nsmc,7000,6864,136,0.9805714285714285
5,bn_binary_cinexdrama,7000,6995,5,0.9992857142857143
5,ha_binary_hausa_movie_review,7000,6959,41,0.9941428571428571
5,ml_binary_dravidian_codemix,7000,6999,1,0.9998571428571429
6,en_binary_sst2,8400,8400,0,1.0
6,ko_binary_nsmc,8400,8234,166,0.9802380952380952
6,bn_binary_cinexdrama,8400,8395,5,0.9994047619047619
6,ha_binary_hausa_movie_review,8400,8348,52,0.9938095238095238
6,ml_binary_dravidian_codemix,8400,8399,1,0.9998809523809524
7,en_binary_sst2,9800,9800,0,1.0
7,ko_binary_nsmc,9800,9602,198,0.9797959183673469
7,bn_binary_cinexdrama,9800,9792,8,0.9991836734693877
7,ha_binary_hausa_movie_review,9800,9741,59,0.9939795918367347
7,ml_binary_dravidian_codemix,9800,9799,1,0.9998979591836735
8,en_binary_sst2,11200,11199,1,0.9999107142857143
8,ko_binary_nsmc,11200,10969,231,0.979375
8,bn_binary_cinexdrama,11200,11190,10,0.9991071428571429
8,ha_binary_hausa_movie_review,11200,11128,72,0.9935714285714285
8,ml_binary_dravidian_codemix,11200,11198,2,0.9998214285714285
9,en_binary_sst2,12600,12599,1,0.9999206349206349
9,ko_binary_nsmc,12600,12339,261,0.9792857142857143
9,bn_binary_cinexdrama,12600,12589,11,0.9991269841269841
9,ha_binary_hausa_movie_review,12600,12516,84,0.9933333333333333
9,ml_binary_dravidian_codemix,12600,12598,2,0.9998412698412699
10,en_binary_sst2,14000,13998,2,0.9998571428571429
10,ko_binary_nsmc,14000,13717,283,0.9797857142857143
10,bn_binary_cinexdrama,14000,13989,11,0.9992142857142857
10,ha_binary_hausa_movie_review,14000,13903,97,0.9930714285714286
10,ml_binary_dravidian_codemix,14000,13998,2,0.9998571428571429
11,en_binary_sst2,15400,15398,2,0.9998701298701299
11,ko_binary_nsmc,15400,15089,311,0.9798051948051948
11,bn_binary_cinexdrama,15400,15388,12,0.9992207792207792
11,ha_binary_hausa_movie_review,15400,15296,104,0.9932467532467533
11,ml_binary_dravidian_codemix,15400,15398,2,0.9998701298701299
12,en_binary_sst2,16800,16797,3,0.9998214285714285
12,ko_binary_nsmc,16800,16463,337,0.9799404761904762
12,bn_binary_cinexdrama,16800,16786,14,0.9991666666666666
12,ha_binary_hausa_movie_review,16800,16692,108,0.9935714285714285
12,ml_binary_dravidian_codemix,16800,16798,2,0.9998809523809524
13,en_binary_sst2,18200,18197,3,0.9998351648351649
13,ko_binary_nsmc,18200,17831,369,0.9797252747252747
13,bn_binary_cinexdrama,18200,18185,15,0.9991758241758242
13,ha_binary_hausa_movie_review,18200,18081,119,0.9934615384615385
13,ml_binary_dravidian_codemix,18200,18197,3,0.9998351648351649
14,en_binary_sst2,19600,19597,3,0.9998469387755102
14,ko_binary_nsmc,19600,19203,397,0.9797448979591836
14,bn_binary_cinexdrama,19600,19584,16,0.9991836734693877
14,ha_binary_hausa_movie_review,19600,19472,128,0.9934693877551021
14,ml_binary_dravidian_codemix,19600,19596,4,0.9997959183673469
15,en_binary_sst2,21000,20997,3,0.9998571428571429
15,ko_binary_nsmc,21000,20570,430,0.9795238095238096
15,bn_binary_cinexdrama,21000,20983,17,0.9991904761904762
15,ha_binary_hausa_movie_review,21000,20867,133,0.9936666666666667
15,ml_binary_dravidian_codemix,21000,20995,5,0.9997619047619047
16,en_binary_sst2,22400,22397,3,0.9998660714285714
16,ko_binary_nsmc,22400,21944,456,0.9796428571428571
16,bn_binary_cinexdrama,22400,22383,17,0.9992410714285714
16,ha_binary_hausa_movie_review,22400,22262,138,0.9938392857142857
16,ml_binary_dravidian_codemix,22400,22394,6,0.9997321428571428
17,en_binary_sst2,23800,23796,4,0.9998319327731092
17,ko_binary_nsmc,23800,23316,484,0.9796638655462185
17,bn_binary_cinexdrama,23800,23783,17,0.9992857142857143
17,ha_binary_hausa_movie_review,23800,23654,146,0.9938655462184874
17,ml_binary_dravidian_codemix,23800,23792,8,0.9996638655462184
18,en_binary_sst2,25200,25195,5,0.9998015873015873
18,ko_binary_nsmc,25200,24692,508,0.9798412698412698
18,bn_binary_cinexdrama,25200,25180,20,0.9992063492063492
18,ha_binary_hausa_movie_review,25200,25046,154,0.9938888888888889
18,ml_binary_dravidian_codemix,25200,25191,9,0.9996428571428572
19,en_binary_sst2,26600,26595,5,0.9998120300751879
19,ko_binary_nsmc,26600,26065,535,0.9798872180451128
19,bn_binary_cinexdrama,26600,26580,20,0.9992481203007518
19,ha_binary_hausa_movie_review,26600,26435,165,0.993796992481203
19,ml_binary_dravidian_codemix,26600,26590,10,0.999624060150376
20,en_binary_sst2,28000,27995,5,0.9998214285714285
20,ko_binary_nsmc,28000,27426,574,0.9795
20,bn_binary_cinexdrama,28000,27980,20,0.9992857142857143
20,ha_binary_hausa_movie_review,28000,27825,175,0.99375
20,ml_binary_dravidian_codemix,28000,27990,10,0.9996428571428572
