candidate_count,cell_id,paired_repetitions,mean_common_ratios_per_repeat,mean_macro_f1_difference_vs_k20,macro_f1_ci_lower,macro_f1_ci_upper,mean_auroc_difference_vs_k20,auroc_ci_lower,auroc_ci_upper
1,bn_binary_cinexdrama,50,2.78,-0.00030217195358321744,-0.0010050149490606105,0.00039423819448611806,-0.0002987379057428404,-0.0005731978093789004,-2.0244957475054192e-05
1,en_binary_sst2,50,3.0,0.00011217824299273318,-0.00025043218051906815,0.00045667536439346557,3.855739776792877e-05,-2.161455990400748e-05,9.788608138936418e-05
1,ha_binary_hausa_movie_review,50,2.28,-0.0025627060701836064,-0.005408015773979283,0.0003223268135976169,-0.00047259062776305324,-0.0012733790156203963,0.000318309755378709
1,ko_binary_nsmc,50,2.0,-0.0001933588020018595,-0.0004873565551762488,8.880942803386001e-05,-8.817470242150627e-07,-0.00013915775690929988,0.00013360578550303075
1,ml_binary_dravidian_codemix,50,3.0,0.000630717484173864,-0.0008031219199821842,0.002035552642599869,-0.0001525440705128322,-0.0006765558226495844,0.00039027610844014836
2,bn_binary_cinexdrama,50,6.78,-0.0004015915219082538,-0.0011365577128903189,0.0003206307501247775,-0.0002918673087212436,-0.000537879513052879,-3.482707162922915e-05
2,en_binary_sst2,50,7.0,0.0005202996893626714,0.00024381743886459886,0.0008004948283523563,5.507541748143385e-05,-3.40716431647562e-06,0.0001189967019196382
2,ha_binary_hausa_movie_review,50,6.08,-0.001991884213191677,-0.004747320011052767,0.0008603710189602176,-0.00014772009599596958,-0.0010770009683802866,0.0007558786998442056
2,ko_binary_nsmc,50,6.0,0.00017842794628423716,-0.00012508599817040794,0.0004763884760749264,8.600378411521245e-05,-5.9850088975150596e-05,0.00023408713976792755
2,ml_binary_dravidian_codemix,50,6.8,0.0001993896447019964,-0.001094582710476546,0.0014578757620342805,0.0005319511217948744,1.9492318662233237e-05,0.0010422640510531131
3,bn_binary_cinexdrama,50,8.64,-0.00039198680177203086,-0.001134908322634826,0.000332634827777277,-0.00024842644610903556,-0.0004969822064866819,4.032455361778244e-06
3,en_binary_sst2,50,9.0,0.0004741792872329962,0.00024178921793144325,0.0007176917781957512,6.578831337603741e-05,1.405093262002092e-05,0.0001186739083285101
3,ha_binary_hausa_movie_review,50,8.0,-0.0014439213139345287,-0.003912685007926661,0.00116884138590722,0.0002305481874447307,-0.0007016053271441314,0.0011415837754199742
3,ko_binary_nsmc,50,8.0,-3.751035740805459e-05,-0.00029324344329766236,0.00021747911258704217,1.7143724722858133e-05,-0.00012369263682727685,0.00016034583052314583
3,ml_binary_dravidian_codemix,50,8.8,-0.0007229011070348699,-0.0019689865850023155,0.0004805516729131035,0.00022715928819444154,-0.00033821096393118745,0.0007778557845330181
4,bn_binary_cinexdrama,50,10.64,9.970924724180184e-05,-0.0006263290250467691,0.0008281788869542093,6.854198586993554e-05,-0.00019433339717398994,0.00033345529558221937
4,en_binary_sst2,50,11.0,0.0003192793277425537,4.649442017395489e-05,0.0005706936975376333,3.523450233976468e-05,-1.1548422337900282e-05,8.2821024005239e-05
4,ha_binary_hausa_movie_review,50,10.0,-0.0007975228563258476,-0.003249612502373053,0.0016704430432815272,0.0002809018567639248,-0.0006430658709106999,0.0012228293545534904
4,ko_binary_nsmc,50,10.0,-4.389740131497022e-05,-0.0002734830214221046,0.00018900418406749784,-2.153511786505158e-05,-0.0001406269643105855,0.00010497631704437611
4,ml_binary_dravidian_codemix,50,10.8,-0.0013112426406310205,-0.0023159546920078888,-0.00034732752717473635,0.0003829499927156047,-0.00010682810678907021,0.000875630121831275
5,bn_binary_cinexdrama,50,11.0,2.8758332381622417e-05,-0.0005459433887930294,0.0006164681391529924,8.448778515491922e-05,-0.00013773115636703947,0.0003041050870360901
5,en_binary_sst2,50,11.0,0.0003494940001778011,8.417544534120452e-05,0.0006060493958406967,2.036077957130778e-05,-2.4597949565050957e-05,6.770085543111923e-05
5,ha_binary_hausa_movie_review,50,11.0,-0.0035174210997416543,-0.005811549424641809,-0.001212128292391983,0.00010979824772927539,-0.0006714150791737128,0.0008843400852021542
5,ko_binary_nsmc,50,11.0,-8.032665749052814e-05,-0.00029674124499951807,0.00014464388311579478,-0.00010205684173382796,-0.00022131725791583144,2.266428617776507e-05
5,ml_binary_dravidian_codemix,50,11.0,-0.0008079603727391772,-0.001676963846106364,3.691144500338282e-05,0.00019984702797202537,-0.0002978064903846237,0.0007149748688811169
6,bn_binary_cinexdrama,50,11.0,7.136043551503159e-06,-0.0005092606378613511,0.0005284130824830456,2.3200757575755866e-05,-0.00019611010916751966,0.00022742847186755594
6,en_binary_sst2,50,11.0,0.00014267752696315122,-0.00011134936996896494,0.00039518431179078495,-6.7624626835124705e-06,-5.043914784046858e-05,3.684903181614094e-05
6,ha_binary_hausa_movie_review,50,11.0,-0.001412471859163124,-0.0037768636462982203,0.001095547365261647,0.00018270235511615092,-0.000515312273932965,0.0008689856120890597
6,ko_binary_nsmc,50,11.0,-0.00014430039577468902,-0.00036082526633492195,6.324577576649708e-05,-0.00013204314367510137,-0.00024850827814119485,-1.2963280376273843e-05
6,ml_binary_dravidian_codemix,50,11.0,-0.0004763930091765323,-0.0013367468311545716,0.00035466472722205756,-3.915355477952082e-07,-0.00048804587339744193,0.00047164827360139205
7,bn_binary_cinexdrama,50,11.0,-8.00928668111593e-05,-0.000571175862707794,0.00041225323236641605,2.8563372488929838e-05,-0.0001562949544603348,0.0002118103879383655
7,en_binary_sst2,50,11.0,0.00019725532291495318,-5.3041104560519805e-05,0.0004474557310631636,-6.335477388114229e-06,-4.961231020442519e-05,3.7485863916783764e-05
7,ha_binary_hausa_movie_review,50,11.0,-0.0019496500106576072,-0.004341932502466252,0.00043099908060750683,0.0003718350614902329,-0.00026774977895668243,0.0010347279157623995
7,ko_binary_nsmc,50,11.0,-5.37200551157155e-05,-0.0002640709835823253,0.0001563500273396937,-8.097426074179433e-05,-0.00020224398395673855,3.5158214619711994e-05
7,ml_binary_dravidian_codemix,50,11.0,-0.0006178223350870795,-0.0015105913283044899,0.0002466836617161626,-0.00015016754079254192,-0.0006279217202068807,0.00031950666520978835
8,bn_binary_cinexdrama,50,11.0,3.564235988840972e-05,-0.00046918626870202007,0.0005297716676844434,8.881298944500767e-05,-9.482598101804763e-05,0.0002748772397429229
8,en_binary_sst2,50,11.0,4.533708426999546e-05,-0.00020540831010686583,0.00030268658080605167,-1.7679907811488747e-05,-6.249961478579428e-05,2.6431768158742583e-05
8,ha_binary_hausa_movie_review,50,11.0,-0.002031876413118342,-0.004157522414260387,0.0001650805911662924,0.00033670926774375076,-0.00032521501487019065,0.000999198215577525
8,ko_binary_nsmc,50,11.0,-1.6958516561279982e-06,-0.00017988384897291962,0.00018695091760014711,-1.0140649456576093e-05,-0.00011358589491906334,9.559524871257385e-05
8,ml_binary_dravidian_codemix,50,11.0,-0.0008045242208680741,-0.0016555943713601376,3.237785900906315e-05,-0.00017637310606060912,-0.0005817701504224945,0.00022873074191433342
9,bn_binary_cinexdrama,50,11.0,0.00010841012948621109,-0.00042093209256539437,0.0006396604127832816,6.883618488253089e-05,-0.00011106730932924599,0.0002561160676285239
9,en_binary_sst2,50,11.0,4.7489837572228295e-05,-0.0002035864146362439,0.00029758208848912977,-2.2767583293899544e-05,-6.580581516437518e-05,2.0229081956053776e-05
9,ha_binary_hausa_movie_review,50,11.0,-0.001651299231060946,-0.0034629150666709986,0.00022473310628120675,-8.809581223374385e-05,-0.0006937625592798038,0.0004950606864399947
9,ko_binary_nsmc,50,11.0,1.3394694074085174e-05,-0.00016804878851065517,0.0002026986877191509,1.1349552223946056e-05,-8.915562053975311e-05,0.00011581123586584142
9,ml_binary_dravidian_codemix,50,11.0,-0.0006557558450850913,-0.0015144673344371724,0.00020683921251484755,0.00010485868298368032,-0.00023786581257284335,0.00043953348084207415
10,bn_binary_cinexdrama,50,11.0,9.817945908035447e-05,-0.0003671754249566771,0.000553175124362244,5.389215185562183e-06,-0.0001602223516768681,0.00017591677838781455
10,en_binary_sst2,50,11.0,9.199221135828416e-05,-0.00013441466488690767,0.00031692488091858857,5.840796630273048e-06,-3.157473739711232e-05,4.3613646952459795e-05
10,ha_binary_hausa_movie_review,50,11.0,-0.0016677363387324687,-0.0036127433068624225,0.0002843081846945535,0.00011020014468290155,-0.00040704525359697575,0.0006206112852664546
10,ko_binary_nsmc,50,11.0,-8.583073618540746e-05,-0.0002705527918171591,0.00010746415853931739,-2.15737584879391e-05,-0.0001264095582069297,8.329751499124049e-05
10,ml_binary_dravidian_codemix,50,11.0,-0.00031200810964409725,-0.00107447202179546,0.0004521427246993943,0.00010748106060605191,-0.00022772481424825373,0.0004396243079836744
11,bn_binary_cinexdrama,50,11.0,-7.856906872991956e-05,-0.000539626668883806,0.00036664639231129856,-8.224804221996138e-05,-0.00024190114806775935,8.440798433774565e-05
11,en_binary_sst2,50,11.0,-5.764590412514356e-05,-0.0002850919456740475,0.0001668292749113805,-3.413107360476864e-06,-3.714200821109936e-05,2.8588911088920655e-05
11,ha_binary_hausa_movie_review,50,11.0,-0.00047324160670491813,-0.002428540106028743,0.0014549569150815343,7.435093641989821e-05,-0.0003966039707418969,0.0005115364520536902
11,ko_binary_nsmc,50,11.0,-9.50460833332652e-06,-0.00017631321743659688,0.00017043080042851365,2.103470304852181e-05,-6.087429647844546e-05,0.0001046912276154599
11,ml_binary_dravidian_codemix,50,11.0,2.928897816871335e-05,-0.0006605010867771488,0.0007168265068044752,0.0001453598484848425,-0.0001389955747377694,0.00042506783581001874
12,bn_binary_cinexdrama,50,11.0,-0.00030900028115397383,-0.0007188828044530547,8.842037237703693e-05,-8.104038985359495e-05,-0.00023976767322097167,8.230150876743931e-05
12,en_binary_sst2,50,11.0,-9.214711784925521e-05,-0.00030897577834472853,0.0001176303835490333,-4.5721091773758865e-06,-3.820146410608157e-05,2.769166323441826e-05
12,ha_binary_hausa_movie_review,50,11.0,-0.0013384858308782463,-0.0032453029193766627,0.0006236134076097091,-0.00014315569487983798,-0.0006037416606382169,0.0003214512498995206
12,ko_binary_nsmc,50,11.0,-2.129870146013242e-06,-0.00015456326364769924,0.00016096480455145767,7.950830484768811e-07,-8.400347664584218e-05,9.315808995797449e-05
12,ml_binary_dravidian_codemix,50,11.0,0.00011356910983568159,-0.0006094389258741337,0.000788110572078432,0.0001022818327505784,-0.00018497983136654832,0.0003939881082459211
13,bn_binary_cinexdrama,50,11.0,-0.00016690026807596723,-0.0005391481701430412,0.00018371579151223508,-4.006001021453669e-06,-0.00015011797220803344,0.00014440024365849647
13,en_binary_sst2,50,11.0,2.7594444670229604e-05,-0.00016807569107436929,0.0002261008797158941,-1.6954536691393662e-06,-3.429945420076782e-05,2.970959230828234e-05
13,ha_binary_hausa_movie_review,50,11.0,-0.0009452662250847121,-0.002663904798868949,0.0007897604506144798,-3.930552206414624e-05,-0.00046990595611286174,0.00039628446266376635
13,ko_binary_nsmc,50,11.0,3.2828362650503454e-06,-0.00013815722745191098,0.00015855675709186448,-1.0666158866550763e-06,-8.150469072785866e-05,8.465247495083837e-05
13,ml_binary_dravidian_codemix,50,11.0,0.000478639920757471,-0.00020148286487060805,0.001123294342168586,9.606279137528067e-05,-0.00021175995228730557,0.00041795418123541985
14,bn_binary_cinexdrama,50,11.0,-0.00015349324181336373,-0.0004884186743401269,0.00016806132958342983,3.618701055498118e-05,-0.00011007325715015915,0.00018124281792644825
14,en_binary_sst2,50,11.0,5.253653973213555e-05,-0.00012246489468720363,0.00024114583600534466,-1.4481205928576136e-05,-4.337272741879642e-05,1.2978640511531644e-05
14,ha_binary_hausa_movie_review,50,11.0,-0.00029287771452043905,-0.0021173566703524506,0.0015554389005577672,-0.00011253114701390667,-0.0004991640543364708,0.00027755003617072467
14,ko_binary_nsmc,50,11.0,3.6877691471305866e-05,-9.705559026581519e-05,0.0001809785951799778,-1.3498350451397262e-05,-8.415660876853176e-05,6.389019135492839e-05
14,ml_binary_dravidian_codemix,50,11.0,0.00016130997874311013,-0.0004404119484441767,0.0007463340151680343,-3.0284819347322537e-05,-0.0003279082896270455,0.0002853137747668966
15,bn_binary_cinexdrama,50,11.0,-3.623516660603097e-05,-0.0003841310999970194,0.0003033209390777883,1.97001617296552e-05,-0.00011624757937521583,0.00015854946054647066
15,en_binary_sst2,50,11.0,2.955093592283075e-05,-0.00013584474740273674,0.00019861803565469061,-1.0873191136350517e-05,-3.8583026987634424e-05,1.5973206252802734e-05
15,ha_binary_hausa_movie_review,50,11.0,0.0005288207143026864,-0.0009752331558555194,0.002050422186409699,-6.52680652680667e-05,-0.00042014508480026064,0.0003015071135760794
15,ko_binary_nsmc,50,11.0,9.633634491065106e-05,-3.2084031164852335e-05,0.00023222926743392513,2.369375035680294e-05,-4.5458233494980855e-05,9.647786857560568e-05
15,ml_binary_dravidian_codemix,50,11.0,2.092830239733517e-05,-0.0006162314715717694,0.0006359525539155673,-2.5285912004668104e-05,-0.0002999881628787885,0.0002619841746794762
16,bn_binary_cinexdrama,50,11.0,-9.511526448345673e-05,-0.0003954402426927049,0.00019839731539049397,4.100165985699461e-05,-6.356015385596792e-05,0.00015246837227612492
16,en_binary_sst2,50,11.0,5.085340456300159e-07,-0.00013962105867544236,0.00014783091671878682,3.7014155435205987e-06,-2.3189728765384286e-05,3.0571599453165745e-05
16,ha_binary_hausa_movie_review,50,11.0,-0.000342869856373238,-0.0019481209578147453,0.0013213933256094382,-7.571738606221753e-05,-0.00040535929587653984,0.0002589100554617781
16,ko_binary_nsmc,50,11.0,8.495699566026239e-05,-3.495134424143892e-05,0.00021731045129157113,1.4661870193681008e-05,-5.415661500580624e-05,8.469537912909308e-05
16,ml_binary_dravidian_codemix,50,11.0,-0.00022893444117302647,-0.0007262134943054052,0.00025048959661787534,-0.00012741295163170582,-0.000366350934222034,0.00011502426609847617
17,bn_binary_cinexdrama,50,11.0,-0.00010680794245769298,-0.000427368668365567,0.00019458116816227565,1.7103975144702083e-05,-8.225668730848058e-05,0.00011810042134831396
17,en_binary_sst2,50,11.0,-1.6666421883108976e-05,-0.00015304196942214312,0.00012030854206018508,-3.498986393723631e-06,-2.792258545548445e-05,2.1599626616073124e-05
17,ha_binary_hausa_movie_review,50,11.0,-0.00034066583645300666,-0.0015308488949144197,0.0009047658839373965,-0.0001594727111968532,-0.0005121011172735364,0.0001897898078932525
17,ko_binary_nsmc,50,11.0,4.209618365856507e-05,-6.756903855849765e-05,0.00015845352390264823,4.001313413832202e-06,-6.136276285520738e-05,6.9773950557619e-05
17,ml_binary_dravidian_codemix,50,11.0,-5.706279903133524e-05,-0.0005243074935781754,0.0004061322105340418,-7.051282051282186e-05,-0.000276243808275055,0.0001351646725670211
18,bn_binary_cinexdrama,50,11.0,-0.00017426339920146254,-0.0004425772776405781,0.00010212730561468832,-2.736104017706076e-05,-9.923510916752713e-05,5.0616594313912636e-05
18,en_binary_sst2,50,11.0,-2.7187081703867744e-05,-0.00012290149545079556,6.778898423429827e-05,-6.291953660377018e-06,-2.274017466452159e-05,1.0168868047159521e-05
18,ha_binary_hausa_movie_review,50,11.0,-0.0006741686090656598,-0.0016720950838672113,0.0003303726182208991,-3.0142271521581867e-05,-0.00034474720681617005,0.00027578168957478785
18,ko_binary_nsmc,50,11.0,1.2997212606485202e-05,-8.352678140011163e-05,0.00011062364687056752,-2.7949208711025444e-07,-5.386877144719052e-05,5.4616328978499526e-05
18,ml_binary_dravidian_codemix,50,11.0,-1.5708840934099654e-05,-0.0003777948709330139,0.00035215570937944754,-0.0001186261655011714,-0.0002704342857663265,3.041252367423768e-05
19,bn_binary_cinexdrama,50,11.0,-0.00010327703746632093,-0.0002813508063281142,7.494568656686119e-05,-1.2863891726260638e-05,-7.363540602655971e-05,4.709897429348539e-05
19,en_binary_sst2,50,11.0,-5.3403246836029545e-05,-0.00011476216773122249,7.519698538685866e-06,-4.515732805207107e-06,-1.659328244854844e-05,6.427890457502775e-06
19,ha_binary_hausa_movie_review,50,11.0,-0.0006695412169869033,-0.0012950289361613684,-4.274120469836558e-05,-1.077083835704617e-05,-0.00022555260831122584,0.00020496945583152215
19,ko_binary_nsmc,50,11.0,-2.587896040280453e-05,-8.431632754184466e-05,3.555851854798283e-05,-7.3846523739251604e-06,-3.9135813298301336e-05,2.5734967090108632e-05
19,ml_binary_dravidian_codemix,50,11.0,-0.00025603156204167095,-0.0005742799043611723,6.335979823430582e-05,-5.4122960372963664e-05,-0.0001593174078525696,4.862757685022802e-05
