cell_id,metric,candidate_count_min,candidate_count_max,candidate_count_levels,paired_repetitions,friedman_chi_square,friedman_p_value,kendalls_w,significant_at_0_05
bn_binary_cinexdrama,macro_f1,5,20,16,50,9.912352941176778,0.8252166233390792,0.013216470588235704,False
bn_binary_cinexdrama,auroc,5,20,16,50,12.626400776493368,0.6311297376369718,0.01683520103532449,False
en_binary_sst2,macro_f1,5,20,16,50,32.56411764705899,0.0053903501990855114,0.04341882352941199,True
en_binary_sst2,auroc,5,20,16,50,13.664117647058902,0.5511405028693261,0.01821882352941187,False
ha_binary_hausa_movie_review,macro_f1,5,20,16,50,43.03411764705879,0.0001555425167484695,0.057378823529411725,True
ha_binary_hausa_movie_review,auroc,5,20,16,50,7.933154844214368,0.9264346098791437,0.010577539792285824,False
ko_binary_nsmc,macro_f1,5,20,16,50,14.941764705882633,0.4556201132443365,0.019922352941176846,False
ko_binary_nsmc,auroc,5,20,16,50,15.790588235294308,0.3961042359495833,0.021054117647059077,False
ml_binary_dravidian_codemix,macro_f1,5,20,16,50,23.722941176470613,0.06995027978681462,0.03163058823529415,False
ml_binary_dravidian_codemix,auroc,5,20,16,50,23.88114356304625,0.06713955709702976,0.03184152475072834,False
