audit_version,dataset,cell_id,row_id,source_row_index,source_text_hash,label,inherited_label,candidate_index,generation_seed,within_label_rank,selection_hash,synthetic_text,source_word_count,synthetic_word_count,synthetic_to_source_word_ratio
qualitative-audit-v1,English,en_binary_sst2,6acf8309f0e581848f19e46b,51816,1ff0ac01c10b5517c5662b3997363bf59af0dced7cec4c638c29240dc10de0b1,0,negative,0,11862,1,0038979e275e878eab5bc7a677dbcc3c0c3f07b31ff01a5af93c16d3b727e0e0,The experience was riddled with agonizing details.,4,7,1.75
qualitative-audit-v1,English,en_binary_sst2,df0f1abbeb69141be53c9643,34324,c617fe3451ad976e004ba032403fe86263250959e10e63b8b6efe9fa70fd82f1,0,negative,0,24722,2,00d739cc542855560929ebd4268b1788b773c924415408cad9b12c3be6abfeb7,"Despite the creator's well-meaning approach, the final product fails to capture the essence of the original narrative.",17,17,1.0
qualitative-audit-v1,English,en_binary_sst2,c42d8a077ea9260f0e72ab8e,99,60b5ed60c9296193769d997a012f2e1a512f1e97e28636fad7c5df46d2d9a0a7,0,negative,0,21602,3,00e66cc698740849afb54db93784e3cc8b6e6f58f6ac4057d1ebb1ba97414a3d,The execution of the play was completely botched.,1,8,8.0
qualitative-audit-v1,English,en_binary_sst2,83514e9a7e722c2796066dfe,11786,e8c0e467cfe556b4221fd02bd14e749fcebad1429c6ea9cfe19a8f014400c168,0,negative,0,14582,4,01ab43e58e35eb9205836a75fec1523f503447164b6d02f658ef312495f4ec4d,"The narrative is overly repetitive, relentlessly driving the same few themes throughout the work.",12,14,1.166667
qualitative-audit-v1,English,en_binary_sst2,2be95144284d4e037f7380bb,26231,53b9e95c2b0e3e4ecb960bc84c7e89b1f3380d79ae1583c9bd281a193cd8dc99,0,negative,0,5182,5,01ecd4e4b4fc5df196a329ad521da90783ceb51e23ee231bfb3e1eb9d79d948a,"The movie feels entirely artificial, lacking any genuine emotion or organic storytelling.",13,12,0.923077
qualitative-audit-v1,English,en_binary_sst2,b0a4702bc3c1388f132150f3,32034,669cc311cee883faffbb1face83721e33b43b78d7d1e7d70e35e0695efc4f9fb,1,positive,0,19722,1,003bf8a85b2e5944389daae5e8df014e18ade6fe735f057a40eebd3b7f7c353a,They possess the innate talent and training typical of professional performers.,4,11,2.75
qualitative-audit-v1,English,en_binary_sst2,aaa01558f04c5c80cdc7ed28,4941,fa7b9c41592587661bafff2822c34ebffa6681b4a254a5468bc44c91c77283a8,1,positive,0,18982,2,00b3a73d87dcdae5ded68d56101abfad45c0daea1495eb8f845a9505b9d3f4f1,Watching Scooby-Doo on a cinema display is a fantastic experience.,3,10,3.333333
qualitative-audit-v1,English,en_binary_sst2,db25a98a35759b78e7f0a539,31513,18aedd44fbe90d8cd867e802e30e4bdf49d19e60da3dde4316b2cd6520d1e6c1,1,positive,0,24122,3,0145a28d8a65cb066fe8fc523378a49bb246c34baa599ca74f021e2e776d00af,This follow-up installment lived up to the high expectations and surpassed the original's quality.,3,14,4.666667
qualitative-audit-v1,English,en_binary_sst2,23443e0c85eac5342a07a191,1776,4091ac029e4dbbe14a4d663a6958a8791e6833e2d7dc6debfdd15d1739155090,1,positive,0,4042,4,015d9c1fdae068f2dd07685035d08fee527bbd58978ed8c9b174bce16babde6a,The cinematography and storytelling are absolutely masterfuly executed in this film.,3,11,3.666667
qualitative-audit-v1,English,en_binary_sst2,6bd715e74a5aa7c4e9435244,54184,60e7ec278927bd416e1031c7c42209b7f55c8297bc598f410b12dbd5e308af56,1,positive,0,12042,5,0237c19e99f0f82097e968d6efdc8a3faa5a0635ea2357e8250b0219755402d5,The actors brought a remarkable sense of vitality to the stage production.,4,12,3.0
qualitative-audit-v1,Korean,ko_binary_nsmc,309870a06b76604e798d26a5,113015,4c48a44ddcebba43312f58f90fa2e55287a321966d2efcd8b81ff773275bc284,0,negative,0,33682,1,00c2cd2499e1408a9b9e51254bfd68182d6e46856e86ed50b4b6b667cc6e1697,원작의 매력을 완전히 망가뜨려 놓은 최악의 리메이크작이다.,6,7,1.166667
qualitative-audit-v1,Korean,ko_binary_nsmc,f9a26dc92dbd1ee03710e909,66693,082415fc8635e6b33d81d53468cced3084424ffbe61743a8637c5c42a8d96b9a,0,negative,0,55242,2,01b31ba7cb2c82ac1aba74bbe5cda74b6982e70529b3cff9ff325abf07eb21c2,내용이 너무 단조로워서 보는 내내 하품만 나왔습니다.,3,7,2.333333
qualitative-audit-v1,Korean,ko_binary_nsmc,f7a00d5512458f7bf67e9f37,9901,c88fa25a51c588634ce18933f456d2eb627ce9bcd9df673d10ad6d64b723d83b,0,negative,0,54962,3,01eba0ccde9d3706b8cd323e496d93055b2e2c36f09db37bb0341aa0c7b53464,기대했던 것보다 독창성이 부족해서 아쉬움이 남네요.,3,6,2.0
qualitative-audit-v1,Korean,ko_binary_nsmc,59a362cef51f49ee2ee9b98c,46120,83573fb6cbf2fd51bfbe791ff4fb75d9d5fa02c7b990252e2e4fbab21cca3a46,0,negative,0,38162,4,01f1e34c5a7bd6290f4cf35d57ea54f03d5d825849a4cd0a276d4aad73a6fdfb,외관상으로 세련된 느낌이 부족하다,4,4,1.0
qualitative-audit-v1,Korean,ko_binary_nsmc,4e744fb2f5ea098ba926709a,99855,f742b903f0e89df988066cd7412997b375cd36e83f138074413aa3139527277f,0,negative,0,36882,5,023a06e40253deec502d5a82407b41f36c3ee0378485a783a887c85a63b55626,"원작의 가치를 완전히 훼손한 최악의 결과물이라, 법적 책임까지 물어야 할 수준이다.",10,11,1.1
qualitative-audit-v1,Korean,ko_binary_nsmc,8a16003f365fa93367d4bae9,11479,3f84282e07122b12b525b58afe5046fd5aacf9340165071f2be4b7fe529203c5,1,positive,0,43422,1,005d7f1c91842d2c0cba4f9d713e2ee60936f769078de3682f2c1fc446ee58f6,"삶의 방향성을 깊이 성찰하게 만드는 최고의 걸작으로, 왜 진작로 보지 않았는지 후회될 만큼 강렬한 여운이 남는 작품입니다.",31,17,0.548387
qualitative-audit-v1,Korean,ko_binary_nsmc,c0600632979a1f6d1cd9f8d1,23956,17f0fc7250061cc0a46c8e9cc72874d84b5ef0865a7e4a3de4efef75648de88b,1,positive,0,48762,2,008668dd67e3f1b76a5c4b19c1127d5148cd987215199bc1a442fde87d460b7a,곡의 멜로디와 분위기가 정말 마음에 들었습니다.,3,6,2.0
qualitative-audit-v1,Korean,ko_binary_nsmc,9314f9bbb7073eadd2683132,110584,57f91d5a96aa5d361a659f860fdd71109578e29ccf9247197591c959aea40d84,1,positive,0,44322,3,00944209c4ede0ef80ebc582152aede60b9f2aec4c460293a5f4a9551f3062c3,서두르지 않고 천천히 나아가도 좋다는 메시지가 마음을 따뜻하게 어루만져 주었다.,9,10,1.111111
qualitative-audit-v1,Korean,ko_binary_nsmc,37ecd6b8864a64167a779f3f,12429,37ef0cc83e4d61e0134bb01e6145676448e26dea2a582c68fa13b45882638c73,1,positive,0,34562,4,009d8d5c2de840b43ddf8cb4ba89dacfe805aa45f67aaf04dc9e180f737727e5,엉망진창인 국산 영화를 본 뒤에야 비로소 시각적 즐거움을 찾았다.,3,9,3.0
qualitative-audit-v1,Korean,ko_binary_nsmc,080eb6c560d0d413d4256d7b,43929,b0e43b912658a4f65ee19e730d95257d6fc60cafb47be9f349c26444d25a52e3,1,positive,0,28922,5,00bcedab4cde1eba6721e79b33fa850d808060aaecb9542df73bbe5e7d30381e,신민아의 매력적인 모습이 정말로 마음을 사로잡네요.,3,6,2.0
qualitative-audit-v1,Bengali,bn_binary_cinexdrama,8c732d9c937a17b42b660314,3302,c0037f9aa5cb4162be511c6d11e699f8e456f4ed4c4a0c503f20fe40a8a349fc,0,negative,0,71222,1,00848ad53c4f26c92c3a647e7c8cdbb9bcd5fe184899f2995a93d59433bf3add,সিনেমাটির গল্প এবং পরিচালনা একদমই বাজেভাবে করা হয়েছে।,9,8,0.888889
qualitative-audit-v1,Bengali,bn_binary_cinexdrama,8c59c4a55478732b041f9c92,1396,c4cf8492cd363bda4f68d612a19d0d6580445a972f229d7227ef5530df8dd46c,0,negative,0,71202,2,01343457e6a51ce239ba0f823cf5a1e410daffb93dd2f8b96f733686e6b5840a,নাটকটি একেবারেই গুরুত্বহীন এবং নিম্নমানের,4,5,1.25
qualitative-audit-v1,Bengali,bn_binary_cinexdrama,e412dc05abfa4af6139411fd,262,fe7f0ee605ad2ba323b55e7e70c0cee1937f0182f81c24d671a7baac4bd6bd30,0,negative,0,80562,3,014df59028696abdc726466510f19043f4e0372377456d456ad6ac15a401b4d7,আগের কথা দেওয়া ব্যক্তির সাথে এই আচরণটি অত্যন্ত দুঃখজনক এবং অন্যায়বিচার হবে বলে আমার মনে হয়।,40,16,0.4
qualitative-audit-v1,Bengali,bn_binary_cinexdrama,11eb3f291725ba8a2fac2dc7,2463,a8f47676ca78976896d54e76507b03e315f2518807ae271cde7e7b662ff6e5dc,0,negative,0,58162,4,0266a1eeb061946dde0dc378b9f41f3bec9dc4c6b9b60bfc86deb3028553d108,অভিজ্ঞতাটি মোটেও সন্তোষজনক ছিল না এবং বেশ বিরক্তিকর মনে হয়েছে।,8,10,1.25
qualitative-audit-v1,Bengali,bn_binary_cinexdrama,50ceaa049cb39cb6f85b0141,5435,6991bfa2f2e8b52b68ca17dc36488c557f1485112c9b041cb30f9237971a94ef,0,negative,0,64702,5,026bdf7ece23d8a489a440a73dba69e9672e36274283c4c42969328c1203b9aa,"পরিচালকের অযোগ্যতা স্পষ্ট, কারণ তিনি ইংরেজি ভাষায় কথা বলে প্রেমের গল্প শোনালেও নিজের পরিচয় দিতে ব্যর্থ হয়েছেন।",25,17,0.68
qualitative-audit-v1,Bengali,bn_binary_cinexdrama,cbc514d84e2ce97723035bb4,4132,db0f6130d3a070d3151480e59850457d3ee685a20256f960733c44c2490f98bb,1,positive,0,78202,1,004a9596ec706ee1e6d380e2cee66fa8b5a0b1c881802e2800a3f2375746bf0d,সিনেমাটি আমার হৃদয়ে এক গভীর প্রভাব ফেলেছিল যা আমি আগে কল্পনাও করতে পারিনি।,10,13,1.3
qualitative-audit-v1,Bengali,bn_binary_cinexdrama,5689920d81a3acbd9baaa264,5122,ebf4aeb05f599d8a653ffc613dbdeea52f515a42f8e8a67df2ce4f9979916f62,1,positive,0,65542,2,0064090810ef33abdbb9a7e43640ad191bce5fb77f2e819a9cf49d13694c816c,রাকিব ও অন্তরার আরও কিছু নাটকের প্রত্যাশা করছি।,6,8,1.333333
qualitative-audit-v1,Bengali,bn_binary_cinexdrama,b53e0079c2897601ec4c9a6a,780,1a0a920e43963421ba57cbd6199e630228826e6203dd63d454b9a3114ea66a16,1,positive,0,75802,3,0084c4e91b377c011c797b5391606ea534bcf16ac8c5ff231e2675d9d4d1038c,চলচ্চিত্রটি এতটাই আবেগপ্রবণ ছিল যে আমি অশ্রুসিক্ত হলাম,9,8,0.888889
qualitative-audit-v1,Bengali,bn_binary_cinexdrama,21cd67a51806f079e8952fde,174,80caf7e202be0d28b306cfa160bdb400e303b1bf9a495ad027c4cb61a0ffeddd,1,positive,0,59682,4,008a4f4a5adddf23ce766766326c28bf094b4238cd808ea623c6df1cc651b51d,"যারা ২০২৪ সালে আবারও এই চলচ্চিত্রটি দেখার জন্য আগ্রহী, তারা অনুগ্রহ করে হাত তুলুন।",11,14,1.272727
qualitative-audit-v1,Bengali,bn_binary_cinexdrama,0dc91fc1427de1d0df681743,2878,6f8b904bac02104030e9576fdb544a752a875c6957053eac47131e135f250fab,1,positive,0,57622,5,0132f3a8cda1024b1857c87d32f646405f8d301971eeb943133e7c1d264395d7,"চলচ্চিত্রটি চমৎকার, বর্তমান যুগের সিনেমার কথা চিন্তা করলে এটি সত্যিই বিরল",11,11,1.0
qualitative-audit-v1,Hausa,ha_binary_hausa_movie_review,08baf5a22216fb1c47afdca0,1354,f65a5ba5c53f651b6cb6ce7ce7cb80e48daed98469d61e2247f71b2a3ef489cb,0,negative,0,85242,1,0033bdc348d800be4ebb18f65f4b807fce96b03708ee784e5da977b375b17040,"Ina fatan za a gyara salon salon aiki a fim na gaba, domin yanzu haka ba a kai matsayin da ake bukata ba.",13,23,1.769231
qualitative-audit-v1,Hausa,ha_binary_hausa_movie_review,bc3ef9f80c65eb04bc02e7a8,423,4e81f78885c83a26eaec2736007e81b24adc467c5cb38bd5ada085429a31a255,0,negative,0,104642,2,012c99cd113475bf080414e212ec4e217e0d34b044d3bc532bb66c3633392dab,"Wani labari ne mai ban tsoro da kuma rashin kunya, don haka ba zan taba sake duba shi ba",36,19,0.527778
qualitative-audit-v1,Hausa,ha_binary_hausa_movie_review,bb73eaba4f1c424bd4f5b85a,664,a4357e016639b02caa6175c685833ef54ee3909b044a1018a8684f1ba012c8c1,0,negative,0,104542,3,0160c4fca6d2ca4ed5015d4584d356fcf5671b9b57ad8f8f109ee3026381e24c,"Kada ka yarda da shi, ya riga ya yi ƙarya",1,10,10.0
qualitative-audit-v1,Hausa,ha_binary_hausa_movie_review,458b7f1bda168efada20763b,673,de12f1b37716565361085f4b179525e7fc765739ffd6f1983420699cfbaa29e8,0,negative,0,91862,4,02318bd4c500bbfbc51541afeb078b0f9ecd4f92a4bab4f29fec1b5f4d2033c8,"Me ya sa ka yaudari Al Ameen, kai wanda ake tunanin kai mai gaskiya ne?",9,15,1.666667
qualitative-audit-v1,Hausa,ha_binary_hausa_movie_review,f19143a8b6d7006846324ff8,188,dbb24bd568696f7c6b9d61e846ee7c7dbcfa9757b1f868a5cb6f9168a78d4093,0,negative,0,110422,5,02c2495c12dde35c68237c7b8400b9089cf9801961e67f9a2ab8f9439223fd50,"Ina fatan wannan labarin ya kare kwarai, domin ban gane dalilin da ya sa ake ci gaba da sake sake harkar hakan ba.",23,23,1.0
qualitative-audit-v1,Hausa,ha_binary_hausa_movie_review,e74b5c2a2b1de431216c3a56,936,5f28cc5a88ea577e769d3fe3df5c8b15fa2e95efc2116fa941b1ef8cc3169b0c,1,positive,0,109322,1,002bbd75e03769e98190c8e1212e6be70889a8ceb2099c803f07461096b8d0cb,Ina rokon Allah ya ƙara wa malamin nan wutar nan ta ilimi.,4,12,3.0
qualitative-audit-v1,Hausa,ha_binary_hausa_movie_review,38cba6a3817995a4063ba936,1392,07ea7f6126a2bb8dbe3b3ecc817e7434c893833bb0861f889c14147a76922814,1,positive,0,90622,2,0060a81e080dc6f6a948a87f9d07bd79dc5c9265ff27e1a733c053b488741f71,Ina son in ga yadda za a ci gaba da labarin a kashi na biyu.,9,15,1.666667
qualitative-audit-v1,Hausa,ha_binary_hausa_movie_review,9a26d7857422fe6ed97ca14a,14,25703a8e745f7a749525c98f096031943169b3825ca0ca587fd2462d1a159ba1,1,positive,0,100682,3,0066b3306e1f20b461eee87d3fba89640fcf3736ab29f5b2fd3d601cde91545d,"Wannan fim din ya gamsar da ni sosai, Alhamdullilah.",10,9,0.9
qualitative-audit-v1,Hausa,ha_binary_hausa_movie_review,bac7c3fb7b3deb70094456d9,1361,f9c0b1e0b0d43da7bb40840299018975f6add409b4f348bafef5954b78ad2d33,1,positive,0,104502,4,00cc02102657a8ffe6f5654a472737883ff4c64368480f3e579e66edab21e786,Na samu kan kaina ina kallon wannan fim ɗin ne kawai don soyayya ga Maryam,7,15,2.142857
qualitative-audit-v1,Hausa,ha_binary_hausa_movie_review,0848708d9f2db8e90516d966,700,cf7f56e4a38fe7cdb7aca0315e5bf9b48ccf8df7f225f7e1f049fd2cd08070cf,1,positive,0,85162,5,00f1f521f19e38a5affde9c19dca996ac5a53c148f93f3010956a764e65514c3,"Godiya ta tabbata ga wannan malamin, an gamsar da ni sosai.",5,11,2.2
qualitative-audit-v1,Malayalam,ml_binary_dravidian_codemix,7911b309d6db7c614337f6ff,1414,67af04689c46133943fac62b134408ba0096127279cc10a597a39083ad9cea24,0,negative,0,125382,1,0049b0923255c1b9e37aefe18596ad8bdb382ce2e4793a176968b032b414be24,നിമ്പോളിന്റെ ഈ പ്രകടനം കാരണം സിനിമയുടെ ഗുണനിലവാരം മോശമായി മാറി.,8,8,1.0
qualitative-audit-v1,Malayalam,ml_binary_dravidian_codemix,be3892edb6840d8850970a17,644,a4b324ecc2df756f1b5972fa5c9adf3f451b14d1fde905538f22b8cb36be1f89,0,negative,0,132202,2,00df20c49657dd334a89bab433e9870bb090c1074722e81cb67b9706d4569ba6,ടീസർ പോലും കാണാതെ തന്നെ ഡിസ്‌ലൈക്കുകൾ നൽകുന്നവരുടെ രീതി വളരെ മോശമാണ്.,8,9,1.125
qualitative-audit-v1,Malayalam,ml_binary_dravidian_codemix,c60ffe24cfcfdece22b68636,1766,0f6e7a283c53be8262df0f77e70b2a3decf9fd24e98332ca51fbe939ef9347e7,0,negative,0,133162,3,01985e5cf613e8d69d9fe0f055e24625bb7acd542ad9852cca934ba56bdea314,"വെറുതെ സമയം കളയാതെ, ഒരു സിനിമയെങ്കിലും വിജയിപ്പിക്കാൻ നോക്കൂ, അല്ലെങ്കിൽ ഈ മേഖലയിൽ നിന്നും വിട്ടുപോവുക.",11,12,1.090909
qualitative-audit-v1,Malayalam,ml_binary_dravidian_codemix,a69601c1ec0d0ce3628d3ecf,6430,45d645b9f37aba7998bde9b18f532c26fa724af64c19d1b7bde9ec3254e0474f,0,negative,0,129842,4,027e210a6b155624c7647192d8617128d843cb86db813cccfed26fceca218c99,ഈ സിനിമയുടെ കഥയും അവതരണവും ഒട്ടും കൊള്ളാത്തതിനാൽ കുടുംബത്തോടൊപ്പം കാണാൻ അനുയോജ്യമല്ല.,8,9,1.125
qualitative-audit-v1,Malayalam,ml_binary_dravidian_codemix,951b8ab0926e124ef7b44e37,2321,f71ed34f2ea4cf02aa28537ac4ed93e0f782aa2b5a8f7673215ef254e39d6c62,0,negative,0,128022,5,02b2638e812cb32bcec74a2544de45f7e2f7e9263ac6793a9ab833f3a7e41f6b,ട്രെയ്‌ലർ കാണുന്നതിന് മുൻപ് തന്നെ ഡിസ്‌ലൈക്ക് ചെയ്തവർക്ക് എന്റെ പ്രത്യേക അഭിനന്ദനങ്ങൾ,12,9,0.75
qualitative-audit-v1,Malayalam,ml_binary_dravidian_codemix,095bb67b9e3ed6a29c976aa7,6221,db5e017c7214ba81ae1d45b92dd2987f91affcecd896a60c2e71afe4bfbd3363,1,positive,0,112982,1,000e8affefdc4a5791ebd10572a292a45ecfc06d4f6d9af1b0b24b053b57bf21,"സൗബിൻ, ഫഹദ്, ഷൈൻ, ശ്രീനാഥ് ഭാസി, ദിലീഷ് പോത്തൻ എന്നിവരുടെ പ്രവർത്തനം ഈ ചിത്രത്തിൽ അതിശയിപ്പിക്കും വിധം മികച്ചതായിരുന്നു.",42,14,0.333333
qualitative-audit-v1,Malayalam,ml_binary_dravidian_codemix,3b0750d730f5c62597e42c76,5584,f70050a400ae22c70f4355d2350da5ba9c8f86e0880bdc5efc51112a55c5b8e4,1,positive,0,118082,2,003e34c002a610857c0a04c45ea8c156615779eba788246b50be4ae997f74052,"ഈ കാഴ്ച ഒന്ന് കണ്ടുതന്നെ തീർക്കണം, ഇത് അത്രയും മനോഹരമായിരിക്കുന്നു.",6,8,1.333333
qualitative-audit-v1,Malayalam,ml_binary_dravidian_codemix,cb3ed4a39374bde701b3b1ce,6957,2a79770a36ae473a4b1b9141284f16f3c778e7db6eeb09b82b3d5ddf8866b3c2,1,positive,0,133802,3,005118366b617abe5551761690ca703af7a2597c061eda03b3438399e555b6ec,"ജോഷി സാറിന്റെ ഈ പുതിയ സൃഷ്ടി ശരിക്കും ഒരു പൊളിച്ചടുക്കൽ ആണ്, നമ്മൾ ഇത് അടിച്ചുമാറ്റും!",10,12,1.2
qualitative-audit-v1,Malayalam,ml_binary_dravidian_codemix,1678783abf6e01033ace559f,5153,0eaaca3581d9349e3f64d764430910e7a9fb9d8c7072517f3ed5ae63c3e09fdd,1,positive,0,114482,4,006c2997480506d900e00ef344064aafa9f1eae5c8a8971eb3e6dc344f2b17a5,ഗാനത്തിന്റെ വരികൾക്ക് അർത്ഥം ദർശിച്ചപ്പോൾ അത് ഹൃദയത്തെ സ്പർശിച്ചു,5,7,1.4
qualitative-audit-v1,Malayalam,ml_binary_dravidian_codemix,6181e50738f917eea124e84b,3222,d2acae4609d45ed12df7b80dc9a6a917b4fbc5255d012ad61d55cda343966d0f,1,positive,0,122602,5,00a88e0814870f4c65000eb4a5383a757857ef8bb9fc87b35df3c9382ddf230e,അദ്ദേഹത്തിന്റെ എല്ലാ സിനിമകളും മികച്ച നിലവാരമുള്ളതാണ്.,7,5,0.714286
