cell_id,comparison,metric,mean_difference,ci_lower,ci_upper
bn_binary_cinexdrama,Hybrid - Base,macro_f1,0.003534708598506775,0.0024577818963643565,0.004607209843720094
bn_binary_cinexdrama,Hybrid - Base,auroc,0.00236831495731739,0.0018282529053971464,0.0029214666339462446
bn_binary_cinexdrama,Matched All-real - Base,macro_f1,0.005846070607029641,0.004233821509439297,0.0075385134844858995
bn_binary_cinexdrama,Matched All-real - Base,auroc,0.004988343353958886,0.004219393270112826,0.0057816964363967835
bn_binary_cinexdrama,Matched All-real - Hybrid,macro_f1,0.002311362008522866,0.0006316915892894089,0.0040416321597349465
bn_binary_cinexdrama,Matched All-real - Hybrid,auroc,0.002620028396641496,0.0017438196404260498,0.003523763197718884
en_binary_sst2,Hybrid - Base,macro_f1,0.0013477455607653743,0.00042146554884644154,0.0023101123010876097
en_binary_sst2,Hybrid - Base,auroc,0.0006551528163677523,0.0005319104150879638,0.0007791319356739581
en_binary_sst2,Matched All-real - Base,macro_f1,0.004612498803013347,0.0031550239844010484,0.006042310831323465
en_binary_sst2,Matched All-real - Base,auroc,0.0006313673486570637,0.00043034594173613043,0.0008374379051948828
en_binary_sst2,Matched All-real - Hybrid,macro_f1,0.003264753242247973,0.0017634640002263044,0.004782294935422073
en_binary_sst2,Matched All-real - Hybrid,auroc,-2.378546771068857e-05,-0.0002211232844994374,0.00017545992253936843
ha_binary_hausa_movie_review,Hybrid - Base,macro_f1,-0.016345695827150838,-0.020432324759181136,-0.012419260752838404
ha_binary_hausa_movie_review,Hybrid - Base,auroc,0.0030139510397472822,0.0013862858647011953,0.00457495393524609
ha_binary_hausa_movie_review,Matched All-real - Base,macro_f1,0.025828022947619832,0.021823712459080404,0.030043880290788794
ha_binary_hausa_movie_review,Matched All-real - Base,auroc,0.019376151618847058,0.01747383083267527,0.021384596823725555
ha_binary_hausa_movie_review,Matched All-real - Hybrid,macro_f1,0.04217371877477066,0.037480067248824606,0.04706582130129258
ha_binary_hausa_movie_review,Matched All-real - Hybrid,auroc,0.016362200579099775,0.014104523120119342,0.0187549355093446
ko_binary_nsmc,Hybrid - Base,macro_f1,-0.0008895922041294813,-0.00135548207239807,-0.00041486589446101214
ko_binary_nsmc,Hybrid - Base,auroc,-0.00027379627312770663,-0.0005362080727332944,-1.2442312304136408e-05
ko_binary_nsmc,Matched All-real - Base,macro_f1,0.0037556416586914374,0.0030367764830670843,0.004491403969317328
ko_binary_nsmc,Matched All-real - Base,auroc,0.002370422254541915,0.001970433393342406,0.002758403741801551
ko_binary_nsmc,Matched All-real - Hybrid,macro_f1,0.004645233862820919,0.0040771675117892885,0.00520299456352729
ko_binary_nsmc,Matched All-real - Hybrid,auroc,0.002644218527669622,0.0022703956878414966,0.0030136519817409828
ml_binary_dravidian_codemix,Hybrid - Base,macro_f1,0.12105024954376359,0.11234259986354751,0.13002780189825341
ml_binary_dravidian_codemix,Hybrid - Base,auroc,0.002144033467100788,-2.8228401605200384e-05,0.004353472590293046
ml_binary_dravidian_codemix,Matched All-real - Base,macro_f1,0.11072370993596156,0.10036625071252275,0.12106524944082463
ml_binary_dravidian_codemix,Matched All-real - Base,auroc,0.02132543348224426,0.01796840453925949,0.024674417449080027
ml_binary_dravidian_codemix,Matched All-real - Hybrid,macro_f1,-0.010326539607802046,-0.01509938673433869,-0.005253411553452106
ml_binary_dravidian_codemix,Matched All-real - Hybrid,auroc,0.019181400015143468,0.01669479253426212,0.02164382761035812
